episode_id,create_time,avg_score,min_score,sum_score,agent_count,size_bytes
88887920,2026-07-30T00:01:25.9742770,1209.301276,1202.535731,2418.602551,2,7141825
88899921,2026-07-30T01:45:48.8181551,1207.844488,1202.312896,2415.688975,2,4361676
88895365,2026-07-30T01:05:31.8771320,1206.827637,1190.815955,2413.655274,2,4955312
88914789,2026-07-30T03:57:50.3416532,1205.112874,1196.879282,2410.225748,2,6472787
88890747,2026-07-30T00:25:33.9200161,1204.701412,1195.106080,2409.402825,2,5246357
88891291,2026-07-30T00:29:33.1341974,1204.701412,1199.917874,2409.402825,2,4046021
88894524,2026-07-30T00:57:30.0257989,1204.594837,1184.202023,2409.189674,2,8125188
88899462,2026-07-30T01:41:49.2383189,1204.326612,1190.439105,2408.653224,2,3822328
88900816,2026-07-30T01:53:48.8432040,1203.966430,1203.060628,2407.932859,2,5451250
88895399,2026-07-30T01:05:31.9737590,1203.225927,1179.745702,2406.451854,2,6089463
88920902,2026-07-30T04:50:18.5426478,1201.391309,1190.426478,2402.782618,2,4324976
88894495,2026-07-30T00:57:29.8607744,1201.299029,1181.575859,2402.598057,2,4511487
88901352,2026-07-30T01:57:49.6540460,1200.992660,1200.252346,2401.985321,2,3917989
88903827,2026-07-30T02:21:50.0519019,1200.916843,1186.633719,2401.833686,2,2963558
88889746,2026-07-30T00:17:31.6154375,1200.019517,1191.966347,2400.039035,2,5673404
88925828,2026-07-30T05:34:15.6081213,1200.012005,1194.301371,2400.024010,2,7660349
88922483,2026-07-30T05:06:12.5553753,1199.696016,1188.311665,2399.392032,2,4515597
88898065,2026-07-30T01:29:44.4715828,1198.082577,1185.806760,2396.165154,2,2749753
88902283,2026-07-30T02:05:48.7107950,1198.034258,1187.272222,2396.068516,2,5128926
88889856,2026-07-30T00:17:32.3281391,1197.879879,1183.525382,2395.759757,2,7151077
88888421,2026-07-30T00:05:26.3388547,1197.725697,1189.474020,2395.451394,2,1144262
88927218,2026-07-30T05:46:16.0748804,1197.194402,1195.500339,2394.388805,2,6070970
88892652,2026-07-30T00:41:34.1478650,1196.826809,1189.528639,2393.653619,2,5807153
88893512,2026-07-30T00:49:32.6985186,1196.465417,1182.619295,2392.930834,2,5397918
88893073,2026-07-30T00:45:30.2458308,1196.465417,1181.496448,2392.930834,2,5397224
88893503,2026-07-30T00:49:32.6688186,1196.465417,1177.485475,2392.930834,2,7241143
88887914,2026-07-30T00:01:25.9711643,1196.465030,1182.018696,2392.930061,2,6373587
88929455,2026-07-30T06:06:15.6480320,1196.356240,1195.645125,2392.712481,2,5001256
88938514,2026-07-30T07:26:08.0794043,1195.699195,1193.815958,2391.398390,2,2456687
88932197,2026-07-30T06:30:16.8522378,1195.109527,1190.649935,2390.219054,2,3551963
88891674,2026-07-30T00:33:32.2417803,1194.872166,1190.055253,2389.744331,2,5114190
88891771,2026-07-30T00:33:32.4098493,1194.872166,1185.242290,2389.744331,2,3933194
88928106,2026-07-30T05:54:15.9602020,1194.477724,1190.975142,2388.955448,2,4805200
88935414,2026-07-30T06:58:13.0777642,1194.300019,1193.443960,2388.600037,2,2754146
88900819,2026-07-30T01:53:48.8443921,1194.064180,1187.870318,2388.128361,2,4648915
88938993,2026-07-30T07:30:25.3154703,1192.694434,1188.284350,2385.388869,2,3704678
88933037,2026-07-30T06:38:12.4391466,1192.139315,1188.184365,2384.278629,2,3853199
89002496,2026-07-30T16:53:26.9176586,1191.893461,1163.635263,2383.786923,2,7342515
88889518,2026-07-30T00:13:28.9218647,1191.835713,1170.671778,2383.671427,2,4456553
88932151,2026-07-30T06:30:16.3491113,1191.787011,1188.755465,2383.574022,2,4161832
88897633,2026-07-30T01:25:32.7098090,1191.201155,1176.274169,2382.402311,2,8996960
88918165,2026-07-30T04:25:49.3731109,1190.720753,1173.359123,2381.441506,2,6611775
88936660,2026-07-30T07:10:19.5257883,1190.231917,1178.384259,2380.463834,2,4913282
88897635,2026-07-30T01:25:32.7131808,1189.800639,1186.844293,2379.601278,2,4025418
88935429,2026-07-30T06:58:13.1179274,1189.012955,1178.578421,2378.025910,2,4364150
88937201,2026-07-30T07:14:09.8610093,1188.538868,1186.591480,2377.077736,2,5978342
88928541,2026-07-30T05:58:14.5545514,1188.511568,1184.794153,2377.023136,2,3961571
88888909,2026-07-30T00:09:27.4444556,1188.307782,1181.140967,2376.615564,2,6802559
88938634,2026-07-30T07:26:08.2185036,1187.897828,1183.185413,2375.795655,2,5937610
88918442,2026-07-30T04:29:49.9166421,1186.946433,1170.930958,2373.892865,2,5447428
88931157,2026-07-30T06:22:12.6591971,1186.896399,1185.188254,2373.792798,2,5014587
88915370,2026-07-30T04:01:51.4803490,1186.752908,1185.966935,2373.505816,2,2288134
88912584,2026-07-30T03:37:51.3570019,1186.192920,1181.278736,2372.385839,2,2559030
88898519,2026-07-30T01:33:49.4349355,1186.172446,1167.495828,2372.344891,2,5122802
88895353,2026-07-30T01:05:31.8488983,1186.027061,1179.863178,2372.054121,2,4145112
88939998,2026-07-30T07:38:08.9241771,1185.401150,1171.650699,2370.802299,2,409027
88931684,2026-07-30T06:26:12.3184484,1184.920324,1183.991159,2369.840648,2,4475446
88907867,2026-07-30T02:57:48.2358435,1184.886306,1183.500930,2369.772612,2,5185204
88896251,2026-07-30T01:13:30.9460502,1184.867682,1181.762793,2369.735365,2,4879638
88915735,2026-07-30T04:05:50.6345861,1184.683542,1178.936171,2369.367085,2,478522
88946861,2026-07-30T08:38:08.6172140,1184.564844,1171.319165,2369.129689,2,3122879
88898590,2026-07-30T01:33:49.6180020,1184.525303,1155.014591,2369.050606,2,5493056
89028345,2026-07-30T20:52:43.3332828,1183.506524,1178.145702,2367.013049,2,3190229
88917663,2026-07-30T04:21:49.2415298,1183.472408,1172.244580,2366.944815,2,3106664
88949581,2026-07-30T09:02:13.9518904,1183.472123,1176.217878,2366.944246,2,4978733
88889891,2026-07-30T00:17:32.4219803,1183.342904,1150.865217,2366.685808,2,6335343
88912720,2026-07-30T03:37:51.7300421,1183.323377,1161.342879,2366.646754,2,4308432
88913434,2026-07-30T03:45:50.1169845,1183.161303,1175.484983,2366.322605,2,7026111
88915711,2026-07-30T04:05:50.5779330,1183.037608,1178.705596,2366.075217,2,3950523
88968889,2026-07-30T11:54:06.8884909,1183.034723,1174.340532,2366.069447,2,4283893
88897634,2026-07-30T01:25:32.7143157,1182.793704,1168.661430,2365.587408,2,3314602
88890308,2026-07-30T00:21:34.1531997,1182.570008,1145.861590,2365.140017,2,8805371
88970022,2026-07-30T12:02:06.9349316,1182.521946,1180.159609,2365.043891,2,4827688
88936378,2026-07-30T07:06:13.7410266,1182.501061,1173.043926,2365.002122,2,7465084
88939971,2026-07-30T07:38:08.9024017,1182.387463,1165.577516,2364.774925,2,5934856
88968460,2026-07-30T11:50:12.0826948,1182.297202,1178.695763,2364.594404,2,2816552
88913626,2026-07-30T03:45:50.5379077,1182.063577,1169.314676,2364.127153,2,3137175
89027892,2026-07-30T20:48:44.9715437,1181.913742,1177.368287,2363.827485,2,7446331
88893988,2026-07-30T00:53:31.1734081,1181.761035,1172.644323,2363.522070,2,3901347
88894893,2026-07-30T01:01:29.3137424,1181.756041,1179.629755,2363.512081,2,1647868
88947205,2026-07-30T08:42:11.2637686,1181.702113,1170.628089,2363.404225,2,5153764
89002950,2026-07-30T16:57:26.6968507,1181.591397,1169.525822,2363.182794,2,5067487
88897185,2026-07-30T01:21:33.3458242,1181.545658,1180.994963,2363.091316,2,2887043
88896204,2026-07-30T01:13:30.8736014,1181.450432,1148.493589,2362.900863,2,5780890
88894033,2026-07-30T00:53:31.2553406,1181.449920,1149.001198,2362.899840,2,3992443
88896738,2026-07-30T01:17:31.5017578,1181.441039,1177.260697,2362.882077,2,5766456
88902716,2026-07-30T02:09:49.5465698,1181.016465,1164.525211,2362.032929,2,5007400
88970351,2026-07-30T12:06:06.9937020,1180.839892,1179.246047,2361.679785,2,5369073
88943532,2026-07-30T08:10:09.6392254,1180.588578,1165.593701,2361.177157,2,3431386
88918176,2026-07-30T04:25:49.3897224,1180.501946,1162.159812,2361.003892,2,6272681
88921752,2026-07-30T04:58:12.4434422,1180.462615,1154.184832,2360.925230,2,4611609
89028910,2026-07-30T20:56:45.9753471,1180.309628,1172.783892,2360.619255,2,6876353
88892592,2026-07-30T00:41:34.0410831,1180.289552,1160.850627,2360.579105,2,6483622
88971910,2026-07-30T12:18:07.9491530,1180.275295,1179.170041,2360.550590,2,5672591
89034406,2026-07-30T21:47:31.7782960,1179.833952,1174.138165,2359.667904,2,6389139
88965803,2026-07-30T11:26:08.2306411,1179.830704,1175.424104,2359.661407,2,6238758
88939464,2026-07-30T07:34:08.9289774,1179.825458,1155.212488,2359.650916,2,4727777
88900332,2026-07-30T01:49:49.8476348,1179.813242,1151.951667,2359.626484,2,4791373
88897183,2026-07-30T01:21:33.3439307,1179.127830,1172.830423,2358.255660,2,4864347
88922185,2026-07-30T05:02:15.6699765,1179.005427,1151.297587,2358.010854,2,5903503
88924095,2026-07-30T05:18:13.1275243,1179.005427,1156.738344,2358.010854,2,4529293
88921961,2026-07-30T05:02:14.9521989,1178.915192,1142.971498,2357.830383,2,5524698
88914016,2026-07-30T03:49:52.9707026,1178.888162,1148.812323,2357.776323,2,4649699
88918085,2026-07-30T04:25:49.1890513,1178.682916,1167.012966,2357.365833,2,6624873
89033035,2026-07-30T21:35:32.3135463,1178.671133,1170.967790,2357.342265,2,6893230
88908124,2026-07-30T02:57:48.7208477,1178.372634,1155.355984,2356.745268,2,4442846
88969354,2026-07-30T11:58:06.5680104,1177.851111,1170.405932,2355.702221,2,3781331
88971318,2026-07-30T12:14:07.1890516,1177.756704,1174.003696,2355.513408,2,4966692
88898474,2026-07-30T01:33:48.7218296,1177.546172,1154.264059,2355.092344,2,5282280
88968159,2026-07-30T11:46:06.5679723,1176.646231,1173.580734,2353.292462,2,3344242
88972690,2026-07-30T12:26:06.3989348,1176.619929,1170.676665,2353.239858,2,5467904
88899525,2026-07-30T01:41:49.3306158,1176.445426,1158.274701,2352.890852,2,3400405
88941809,2026-07-30T07:54:08.3180873,1176.261623,1160.418440,2352.523246,2,3512631
88964563,2026-07-30T11:14:07.9600909,1176.209142,1172.868847,2352.418285,2,6464410
88943590,2026-07-30T08:10:09.7576057,1176.052724,1165.773206,2352.105447,2,6014379
88896748,2026-07-30T01:17:31.5215722,1176.006689,1150.028149,2352.013378,2,5004084
88899480,2026-07-30T01:41:49.2635455,1175.833264,1154.191673,2351.666528,2,6554328
88930361,2026-07-30T06:14:14.8157848,1175.828565,1149.038612,2351.657131,2,6901024
88909526,2026-07-30T03:09:52.5239159,1175.579465,1165.393594,2351.158930,2,3258896
88909494,2026-07-30T03:09:52.3956085,1175.579465,1160.390891,2351.158930,2,377578
88970363,2026-07-30T12:06:07.0050887,1175.531901,1173.224267,2351.063802,2,827294
88969504,2026-07-30T11:58:06.9561558,1175.077621,1170.995651,2350.155242,2,5587234
88894890,2026-07-30T01:01:29.3131086,1174.972976,1131.214028,2349.945953,2,4658657
88891174,2026-07-30T00:29:32.2093000,1174.878267,1157.484738,2349.756534,2,6205638
88931688,2026-07-30T06:26:12.3308274,1174.865180,1145.360795,2349.730360,2,5288219
88967551,2026-07-30T11:42:06.4126172,1174.457931,1168.810822,2348.915862,2,5229973
88960324,2026-07-30T10:38:08.5532443,1174.409335,1170.026844,2348.818671,2,3317608
88921476,2026-07-30T04:58:11.5386967,1174.383018,1157.963322,2348.766036,2,4742345
88953677,2026-07-30T09:38:09.3200163,1174.281438,1171.662484,2348.562877,2,4826027
88971441,2026-07-30T12:14:07.3410368,1174.261214,1171.749205,2348.522427,2,3985024
88888433,2026-07-30T00:05:26.3527290,1173.858955,1150.657440,2347.717911,2,5906783
88909746,2026-07-30T03:13:48.0438143,1173.850346,1157.110641,2347.700692,2,4907037
88930732,2026-07-30T06:18:13.8166122,1173.758861,1149.428169,2347.517721,2,2262624
88969397,2026-07-30T11:58:06.6778983,1173.747259,1166.204019,2347.494518,2,2741746
88973173,2026-07-30T12:30:16.1339848,1173.533557,1169.296576,2347.067114,2,3119215
88973717,2026-07-30T12:34:06.5642606,1173.533557,1173.138748,2347.067114,2,3690647
89030757,2026-07-30T21:12:42.7269538,1173.387275,1161.689643,2346.774549,2,5107089
88966787,2026-07-30T11:34:08.1674774,1173.299996,1169.006681,2346.599991,2,4401100
88905219,2026-07-30T02:33:47.3144815,1172.917854,1159.237550,2345.835708,2,6806429
88935878,2026-07-30T07:02:12.9222333,1172.896139,1151.744475,2345.792278,2,3153788
88904326,2026-07-30T02:25:48.1313880,1172.809071,1145.715695,2345.618142,2,5724826
88912056,2026-07-30T03:33:50.3717909,1172.657001,1160.453742,2345.314002,2,3749104
88940409,2026-07-30T07:42:09.7341320,1172.653269,1151.508558,2345.306538,2,5384599
88926332,2026-07-30T05:38:14.8240500,1172.584568,1145.081702,2345.169136,2,4009964
88912126,2026-07-30T03:33:50.6180594,1172.571695,1161.125383,2345.143389,2,6139271
88890333,2026-07-30T00:21:34.2430130,1172.462162,1149.087783,2344.924324,2,3923153
88937655,2026-07-30T07:18:07.4772533,1172.422650,1160.336497,2344.845300,2,4684517
88959756,2026-07-30T10:34:07.4678278,1172.351113,1167.881351,2344.702226,2,6558704
88899923,2026-07-30T01:45:48.8209403,1172.315389,1159.295763,2344.630778,2,1921329
88971893,2026-07-30T12:18:07.9235451,1172.284990,1160.792613,2344.569981,2,4837034
88937660,2026-07-30T07:18:07.5120584,1172.185282,1155.265899,2344.370563,2,2922281
88896752,2026-07-30T01:17:31.5297724,1172.149232,1148.168158,2344.298465,2,3854311
88994553,2026-07-30T15:41:23.2269155,1171.936315,1165.213728,2343.872630,2,6079863
88916666,2026-07-30T04:13:50.9958917,1171.896664,1166.191415,2343.793327,2,7703631
88897216,2026-07-30T01:21:33.4150050,1171.895028,1146.285130,2343.790055,2,4454058
88892158,2026-07-30T00:37:30.8371105,1171.846514,1157.360961,2343.693028,2,4892718
88894892,2026-07-30T01:01:29.3133037,1171.653173,1148.382997,2343.306346,2,1831660
88967042,2026-07-30T11:38:07.8162310,1171.560997,1155.882366,2343.121993,2,2587074
88932663,2026-07-30T06:34:12.3598074,1171.466555,1150.238972,2342.933110,2,4666259
88925353,2026-07-30T05:30:17.0140218,1171.462069,1162.904478,2342.924139,2,3109240
89031664,2026-07-30T21:23:28.9006704,1171.386093,1145.498757,2342.772185,2,3552530
88895320,2026-07-30T01:05:31.7691358,1171.316449,1122.385013,2342.632897,2,6331527
88968021,2026-07-30T11:46:06.0157484,1171.303679,1162.909178,2342.607359,2,4156602
88946385,2026-07-30T08:34:08.4340965,1171.244359,1166.206950,2342.488718,2,7964163
88933421,2026-07-30T06:42:12.2410801,1171.179535,1155.441129,2342.359070,2,5216799
88933196,2026-07-30T06:38:12.6438520,1171.159148,1150.733803,2342.318295,2,3499745
89035773,2026-07-30T22:00:01.3940640,1171.109957,1155.367763,2342.219914,2,4599160
88899042,2026-07-30T01:37:49.8711533,1171.062266,1145.427266,2342.124533,2,5515704
88889749,2026-07-30T00:17:31.6236276,1170.925547,1157.022867,2341.851095,2,3518548
88932991,2026-07-30T06:38:12.3491337,1170.877239,1149.634380,2341.754477,2,6710767
89027980,2026-07-30T20:48:45.1263855,1170.869808,1157.348202,2341.739616,2,3786879
88935867,2026-07-30T07:02:12.9146494,1170.799663,1137.612587,2341.599326,2,4847389
88944556,2026-07-30T08:18:07.8450510,1170.629729,1147.626564,2341.259458,2,470832
89027439,2026-07-30T20:44:43.8071185,1170.398985,1145.095608,2340.797969,2,5749169
88939492,2026-07-30T07:34:08.9589350,1170.279770,1159.043433,2340.559539,2,2122284
88890280,2026-07-30T00:21:34.0472408,1170.274124,1152.957977,2340.548248,2,5287667
89032591,2026-07-30T21:31:31.7716122,1170.132570,1148.295514,2340.265140,2,4396466
88897640,2026-07-30T01:25:32.7151915,1170.077675,1159.738287,2340.155350,2,4138149
88889250,2026-07-30T00:13:28.2258059,1170.016823,1149.920009,2340.033646,2,5450743
88929054,2026-07-30T06:02:14.6468533,1169.999864,1138.262390,2339.999729,2,7076106
88970441,2026-07-30T12:06:07.1157569,1169.809404,1162.014751,2339.618808,2,4818598
88888911,2026-07-30T00:09:27.4473364,1169.779868,1152.910280,2339.559737,2,3205160
88894462,2026-07-30T00:57:29.8327328,1169.379463,1121.723725,2338.758926,2,4284875
88995009,2026-07-30T15:45:23.2447354,1169.319990,1167.487419,2338.639981,2,3881701
88887926,2026-07-30T00:01:26.0069004,1169.178006,1153.815983,2338.356013,2,4117413
88912518,2026-07-30T03:37:51.1563966,1169.172914,1165.257470,2338.345829,2,4821473
88932685,2026-07-30T06:34:12.3831922,1168.939291,1154.177645,2337.878582,2,4451630
89016958,2026-07-30T19:07:57.5877456,1168.885588,1158.060974,2337.771175,2,7331207
88933964,2026-07-30T06:46:12.6838311,1168.825872,1146.820021,2337.651744,2,4645171
88902473,2026-07-30T02:09:49.0588294,1168.773052,1154.086599,2337.546104,2,3116019
88996371,2026-07-30T15:57:25.1179971,1168.700143,1167.430204,2337.400287,2,4886477
88893935,2026-07-30T00:53:31.0584212,1168.646766,1140.440137,2337.293532,2,3490449
88966378,2026-07-30T11:30:10.4514537,1168.595892,1155.823449,2337.191783,2,5386418
88974023,2026-07-30T12:38:06.1141418,1168.581519,1158.917546,2337.163037,2,2426631
88899381,2026-07-30T01:41:49.0514008,1168.531609,1143.513786,2337.063219,2,4687663
88897181,2026-07-30T01:21:33.3412723,1168.381287,1133.693058,2336.762574,2,6613931
88898921,2026-07-30T01:37:49.5754105,1168.344587,1137.597166,2336.689175,2,6588376
88968177,2026-07-30T11:46:06.6036800,1168.335535,1166.929393,2336.671071,2,8683322
88898131,2026-07-30T01:29:44.8012196,1168.284254,1165.051903,2336.568509,2,3354517
89019283,2026-07-30T19:27:57.7611402,1168.153213,1153.879219,2336.306426,2,7012800
88893048,2026-07-30T00:45:30.2204973,1168.151736,1148.902466,2336.303472,2,6060952
88934473,2026-07-30T06:50:13.4364938,1167.913051,1146.344789,2335.826102,2,5288704
88969975,2026-07-30T12:02:06.8604131,1167.680598,1166.394541,2335.361196,2,6232690
88969982,2026-07-30T12:02:06.8762909,1167.648616,1157.448909,2335.297233,2,2868380
88969452,2026-07-30T11:58:06.9090649,1167.456971,1165.183083,2334.913942,2,2503010
88936336,2026-07-30T07:06:13.7319151,1167.426016,1137.150283,2334.852032,2,533956
88940786,2026-07-30T07:46:08.1060944,1167.353206,1141.139839,2334.706412,2,3093558
88923906,2026-07-30T05:18:12.7230085,1167.143785,1161.581840,2334.287570,2,6952360
88965246,2026-07-30T11:22:07.9757332,1167.058522,1157.196037,2334.117044,2,4094273
88896314,2026-07-30T01:13:31.0630223,1167.009910,1147.718251,2334.019820,2,1468707
88892839,2026-07-30T00:45:29.6264583,1166.868591,1137.042375,2333.737181,2,2937895
88961558,2026-07-30T10:50:09.9628355,1166.804469,1153.273378,2333.608939,2,3432464
88973134,2026-07-30T12:30:16.0513101,1166.765032,1165.001364,2333.530064,2,7564112
88973697,2026-07-30T12:34:06.5500988,1166.765032,1163.979021,2333.530064,2,6326739
88894464,2026-07-30T00:57:29.8356886,1166.724973,1147.887090,2333.449947,2,3571766
88894283,2026-07-30T00:57:29.5454531,1166.663946,1132.926744,2333.327893,2,4160390
89032125,2026-07-30T21:27:41.2279374,1166.580033,1153.458818,2333.160066,2,5550545
88996831,2026-07-30T16:01:23.3023523,1166.512737,1163.269979,2333.025473,2,3065078
88902745,2026-07-30T02:09:49.6153033,1166.481184,1144.884274,2332.962368,2,6702884
88891334,2026-07-30T00:29:33.2256149,1166.438734,1153.468843,2332.877467,2,3589515
88891678,2026-07-30T00:33:32.2444336,1166.238971,1144.379546,2332.477942,2,6833982
88993330,2026-07-30T15:29:25.4066314,1166.186402,1162.732744,2332.372805,2,3113678
89016511,2026-07-30T19:03:57.6984230,1166.162981,1162.360405,2332.325963,2,7708241
88908360,2026-07-30T03:01:49.6391814,1166.121120,1138.590601,2332.242239,2,4247378
88897190,2026-07-30T01:21:33.3514383,1166.100024,1154.730113,2332.200048,2,3287779
88898110,2026-07-30T01:29:44.7263545,1166.045945,1142.422833,2332.091890,2,4220036
88914234,2026-07-30T03:53:50.0938159,1165.985101,1126.063256,2331.970203,2,5085125
88913886,2026-07-30T03:49:52.5162238,1165.800215,1132.877965,2331.600430,2,9725872
88967196,2026-07-30T11:38:08.0176401,1165.618453,1163.961422,2331.236907,2,7765651
88956846,2026-07-30T10:06:08.3162766,1165.577844,1159.355222,2331.155687,2,745650
88896749,2026-07-30T01:17:31.5200573,1165.402217,1149.685150,2330.804435,2,3416447
89030286,2026-07-30T21:08:43.8246366,1165.317881,1147.007087,2330.635761,2,4890901
88902919,2026-07-30T02:13:48.3105073,1165.304167,1135.703692,2330.608333,2,4923946
88896734,2026-07-30T01:17:31.4939573,1165.272208,1144.223746,2330.544415,2,4065509
88978229,2026-07-30T13:14:08.2601760,1165.110262,1159.243878,2330.220524,2,5962411
89029847,2026-07-30T21:04:43.6004873,1165.090665,1141.255043,2330.181329,2,8028573
88894057,2026-07-30T00:53:31.3119064,1164.825669,1143.109020,2329.651338,2,5419463
88930355,2026-07-30T06:14:14.7579485,1164.820207,1135.390735,2329.640414,2,5702237
88895818,2026-07-30T01:09:33.9860825,1164.748502,1145.627411,2329.497004,2,4161912
88928563,2026-07-30T05:58:14.6132793,1164.743697,1133.630305,2329.487395,2,5380640
88928172,2026-07-30T05:54:16.0401095,1164.677123,1135.899136,2329.354245,2,3083823
88911136,2026-07-30T03:25:50.5431026,1164.623993,1140.452099,2329.247987,2,5531651
89031600,2026-07-30T21:23:28.7122275,1164.479012,1146.846889,2328.958024,2,6216793
88892497,2026-07-30T00:41:33.7886481,1164.422282,1135.908025,2328.844564,2,3939120
88960867,2026-07-30T10:42:07.9978837,1164.384487,1154.957442,2328.768974,2,5060947
88966544,2026-07-30T11:34:07.7110711,1164.327565,1155.150198,2328.655129,2,5556967
89034408,2026-07-30T21:47:31.7826255,1164.146946,1149.705095,2328.293892,2,5440827
88934440,2026-07-30T06:50:13.3730581,1164.146485,1131.869836,2328.292969,2,3226098
88902272,2026-07-30T02:05:48.6930723,1164.059019,1125.380872,2328.118038,2,5484849
88889404,2026-07-30T00:13:28.6697581,1164.016251,1134.249185,2328.032501,2,5361416
88965169,2026-07-30T11:22:07.7846918,1163.893874,1150.079866,2327.787748,2,3443667
88922168,2026-07-30T05:02:15.5044469,1163.802988,1145.654714,2327.605976,2,4578867
88894898,2026-07-30T01:01:29.3205293,1163.758422,1143.904309,2327.516844,2,4280214
88969026,2026-07-30T11:54:07.1133736,1163.606840,1156.621413,2327.213681,2,4933969
88937645,2026-07-30T07:18:07.4692127,1163.590463,1128.186914,2327.180926,2,6439593
88896688,2026-07-30T01:17:31.3481216,1163.499332,1144.483766,2326.998664,2,3197261
88892571,2026-07-30T00:41:34.0022809,1163.491156,1141.344347,2326.982313,2,6417278
88967143,2026-07-30T11:38:07.9475181,1163.299170,1161.531691,2326.598339,2,5117109
88963811,2026-07-30T11:10:12.8902732,1163.295934,1149.853820,2326.591867,2,4230202
88938473,2026-07-30T07:26:08.0077961,1163.127815,1133.477003,2326.255630,2,3879406
88892149,2026-07-30T00:37:30.8274436,1162.995251,1132.065362,2325.990503,2,4302552
89026519,2026-07-30T20:36:43.9398324,1162.910343,1144.057523,2325.820685,2,3576777
88890760,2026-07-30T00:25:33.9762625,1162.880428,1145.039922,2325.760856,2,3949629
88898104,2026-07-30T01:29:44.6827775,1162.822798,1154.135007,2325.645596,2,3456405
88898148,2026-07-30T01:29:44.8368655,1162.822798,1158.484806,2325.645596,2,5978810
88968160,2026-07-30T11:46:06.5674897,1162.570259,1161.028456,2325.140518,2,6008680
89033488,2026-07-30T21:39:31.6746843,1162.441990,1143.816634,2324.883981,2,5397261
89030306,2026-07-30T21:08:43.8843551,1162.441859,1137.436493,2324.883718,2,6879147
89029265,2026-07-30T21:00:42.6918369,1162.409577,1148.838144,2324.819153,2,4069712
89005245,2026-07-30T17:17:26.7410884,1162.370774,1151.740344,2324.741548,2,7724422
88935838,2026-07-30T07:02:12.8474602,1162.328475,1156.589792,2324.656951,2,5840559
88923010,2026-07-30T05:10:14.2938807,1162.207005,1139.446497,2324.414010,2,4654919
88968523,2026-07-30T11:50:12.1750956,1162.056365,1159.120934,2324.112731,2,4517948
89023381,2026-07-30T20:08:43.4287056,1161.763348,1159.961715,2323.526696,2,8099745
89028448,2026-07-30T20:52:43.5089966,1161.720417,1139.994308,2323.440834,2,5679730
88896791,2026-07-30T01:17:31.6160613,1161.592654,1123.634640,2323.185307,2,4914299
88892616,2026-07-30T00:41:34.0789447,1161.544874,1132.015459,2323.089747,2,5853742
88893508,2026-07-30T00:49:32.6840441,1161.538807,1141.051878,2323.077615,2,5054983
88942743,2026-07-30T08:02:10.0389555,1161.533032,1125.429348,2323.066064,2,3457186
88900445,2026-07-30T01:49:50.0113545,1161.466090,1133.860271,2322.932180,2,3494625
88916368,2026-07-30T04:09:56.3298902,1161.459085,1139.096711,2322.918171,2,4746645
88934903,2026-07-30T06:54:12.7357815,1161.457465,1123.083853,2322.914929,2,3712985
89020213,2026-07-30T19:35:59.0188303,1161.432599,1160.842252,2322.865198,2,7940540
88971804,2026-07-30T12:18:07.5269890,1161.403682,1157.503125,2322.807363,2,7163428
89026080,2026-07-30T20:32:45.6185456,1161.401971,1149.529297,2322.803942,2,4868387
88901335,2026-07-30T01:57:49.6417173,1161.346545,1125.580001,2322.693090,2,3813953
88935726,2026-07-30T07:02:12.7293340,1161.326938,1125.718913,2322.653876,2,5655671
89036234,2026-07-30T22:04:01.8296631,1161.288826,1141.090193,2322.577651,2,4857103
89032115,2026-07-30T21:27:41.2164117,1161.251503,1149.220459,2322.503006,2,5808616
88966595,2026-07-30T11:34:07.8776233,1160.974911,1126.838850,2321.949823,2,5899774
88972155,2026-07-30T12:22:06.5506034,1160.848677,1147.638260,2321.697355,2,4116135
88934855,2026-07-30T06:54:12.6261577,1160.845313,1132.921665,2321.690626,2,6613557
89039004,2026-07-30T22:28:01.2931815,1160.779880,1155.740056,2321.559760,2,2904885
88921217,2026-07-30T04:54:12.1433145,1160.762065,1149.699050,2321.524131,2,5853784
88979959,2026-07-30T13:30:10.6792307,1160.762008,1159.523479,2321.524017,2,3217572
88961360,2026-07-30T10:46:08.2491142,1160.756048,1149.523468,2321.512096,2,5652186
88892998,2026-07-30T00:45:30.1090356,1160.729183,1114.165498,2321.458367,2,4929221
89045581,2026-07-30T23:24:35.2793747,1160.614518,1152.733215,2321.229036,2,7339127
88890750,2026-07-30T00:25:33.9299092,1160.569704,1131.015009,2321.139407,2,3060349
89029369,2026-07-30T21:00:42.8801886,1160.452222,1158.092832,2320.904443,2,5348613
88901367,2026-07-30T01:57:49.6658116,1160.441743,1129.331404,2320.883487,2,490421
89032580,2026-07-30T21:31:31.7186761,1160.384530,1148.247334,2320.769060,2,6626413
88888917,2026-07-30T00:09:27.4553666,1160.338407,1159.942633,2320.676813,2,5998538
88938098,2026-07-30T07:22:09.0120817,1160.241265,1118.189487,2320.482530,2,5235964
88936170,2026-07-30T07:06:13.4831165,1160.125648,1113.109665,2320.251296,2,1582924
88919346,2026-07-30T04:38:12.1317774,1160.112002,1137.219716,2320.224004,2,5045927
88964417,2026-07-30T11:14:07.8071934,1160.095772,1135.192993,2320.191544,2,5512246
88929487,2026-07-30T06:06:15.6826522,1159.901637,1129.683299,2319.803274,2,6496659
88960725,2026-07-30T10:42:07.6240836,1159.880983,1136.159517,2319.761967,2,6065512
89030205,2026-07-30T21:08:43.6150007,1159.849957,1132.083315,2319.699913,2,3129996
88909334,2026-07-30T03:09:51.5475282,1159.734614,1131.664039,2319.469228,2,5609109
88893021,2026-07-30T00:45:30.1330667,1159.512679,1135.676609,2319.025358,2,3858128
88888907,2026-07-30T00:09:27.4427712,1159.472491,1109.886044,2318.944981,2,4287101
88916193,2026-07-30T04:09:55.9199374,1159.435541,1141.114745,2318.871083,2,5255187
88931621,2026-07-30T06:26:12.1684574,1159.409280,1129.951057,2318.818560,2,7898831
89023160,2026-07-30T20:04:46.5152269,1159.383882,1154.621961,2318.767763,2,6085016
89029366,2026-07-30T21:00:42.8763692,1159.336273,1127.239300,2318.672545,2,4946414
88919415,2026-07-30T04:38:12.2574314,1159.324997,1144.658520,2318.649993,2,3937184
88939915,2026-07-30T07:38:08.6701912,1159.307405,1129.799302,2318.614811,2,6499313
88968545,2026-07-30T11:50:12.1898298,1159.181294,1141.471828,2318.362588,2,3115741
88911602,2026-07-30T03:29:57.3222114,1159.161415,1120.408621,2318.322829,2,4245138
89027602,2026-07-30T20:44:44.0734500,1159.139776,1145.728928,2318.279553,2,4963632
88963975,2026-07-30T11:10:13.2707106,1159.128001,1139.871351,2318.256001,2,5750866
88914922,2026-07-30T03:57:50.5202406,1159.002210,1133.426281,2318.004420,2,5097671
88970016,2026-07-30T12:02:06.8752631,1158.865187,1155.743271,2317.730374,2,6249173
89028803,2026-07-30T20:56:45.8008462,1158.761704,1132.541013,2317.523408,2,4731986
88968914,2026-07-30T11:54:06.9378232,1158.461648,1156.641830,2316.923296,2,3123703
88896325,2026-07-30T01:13:31.0695961,1158.311205,1138.117335,2316.622410,2,1925013
89032590,2026-07-30T21:31:31.7707952,1158.300018,1148.313152,2316.600036,2,3261250
88891275,2026-07-30T00:29:33.0822993,1158.294493,1136.329606,2316.588986,2,7810019
88924102,2026-07-30T05:18:13.1323059,1158.292140,1111.816037,2316.584280,2,5580184
89042199,2026-07-30T22:56:34.7293407,1158.252406,1150.937824,2316.504811,2,4460243
88938103,2026-07-30T07:22:09.0325781,1158.230526,1128.791643,2316.461052,2,6054500
88970867,2026-07-30T12:10:09.9133011,1157.909803,1128.598974,2315.819607,2,4596908
88891570,2026-07-30T00:33:32.0340976,1157.869115,1132.521840,2315.738230,2,1536767
89036717,2026-07-30T22:08:01.5803197,1157.437172,1135.162131,2314.874345,2,4653123
88991973,2026-07-30T15:17:23.4016522,1157.284219,1153.783910,2314.568439,2,4231452
88935411,2026-07-30T06:58:13.0725779,1157.282480,1114.142751,2314.564961,2,8686672
88910207,2026-07-30T03:17:47.8613385,1157.133492,1144.328019,2314.266984,2,6009543
88903058,2026-07-30T02:13:48.6600233,1157.057911,1123.287422,2314.115823,2,3624576
88943917,2026-07-30T08:14:07.8850034,1157.006484,1124.262069,2314.012968,2,4608533
88992727,2026-07-30T15:25:23.1648678,1156.984351,1153.486373,2313.968701,2,4108006
88930858,2026-07-30T06:18:14.0295749,1156.967716,1117.409910,2313.935432,2,6037600
88937296,2026-07-30T07:14:10.0100420,1156.925311,1128.823753,2313.850621,2,3004395
88971841,2026-07-30T12:18:07.7187581,1156.884182,1137.472389,2313.768364,2,5154176
88924109,2026-07-30T05:18:13.1392704,1156.858416,1154.951644,2313.716832,2,7552390
89013376,2026-07-30T18:35:59.6853092,1156.805129,1145.757159,2313.610258,2,6104566
88911731,2026-07-30T03:29:57.8194508,1156.783979,1136.472411,2313.567958,2,6190026
88966352,2026-07-30T11:30:10.4286143,1156.760279,1140.425499,2313.520558,2,3546915
89024029,2026-07-30T20:12:44.3644427,1156.684159,1148.485141,2313.368318,2,5882842
88938124,2026-07-30T07:22:09.1166955,1156.666278,1125.206311,2313.332556,2,8962032
88920184,2026-07-30T04:46:15.7101629,1156.614986,1138.185200,2313.229972,2,6033833
88974526,2026-07-30T12:42:08.5471871,1156.583307,1152.428325,2313.166614,2,6088808
88891212,2026-07-30T00:29:32.8232041,1156.206641,1136.068992,2312.413282,2,4261485
88890756,2026-07-30T00:25:33.9543897,1156.206641,1140.042648,2312.413282,2,5521187
89021555,2026-07-30T19:52:43.8154275,1156.041033,1146.747645,2312.082067,2,2428204
88890768,2026-07-30T00:25:34.0295383,1155.991508,1117.579824,2311.983015,2,5904342
88931764,2026-07-30T06:26:12.4455494,1155.973100,1117.879945,2311.946201,2,3491170
88896337,2026-07-30T01:13:31.1129859,1155.914735,1129.453213,2311.829470,2,6139805
88941187,2026-07-30T07:50:10.5369448,1155.898058,1114.899509,2311.796116,2,3815413
89023318,2026-07-30T20:08:43.2948648,1155.758129,1151.708094,2311.516258,2,3563018
89044108,2026-07-30T23:12:31.8829427,1155.553892,1139.924572,2311.107784,2,5526662
88978475,2026-07-30T13:18:07.8855288,1155.536444,1147.450472,2311.072888,2,3883419
89018123,2026-07-30T19:15:58.7657664,1155.316658,1138.692795,2310.633316,2,1391388
88941845,2026-07-30T07:54:08.3436273,1155.186241,1119.423276,2310.372481,2,3130909
89025736,2026-07-30T20:28:46.2302123,1155.146031,1148.068698,2310.292063,2,7528603
88899051,2026-07-30T01:37:49.8770431,1155.142894,1141.250384,2310.285787,2,6374558
89046083,2026-07-30T23:28:32.2760957,1155.054328,1147.548156,2310.108655,2,3900286
88945483,2026-07-30T08:26:09.7153414,1154.916988,1110.321841,2309.833977,2,2937004
89027101,2026-07-30T20:40:43.9266612,1154.677331,1145.111735,2309.354663,2,4725306
88889781,2026-07-30T00:17:32.1135052,1154.671537,1143.701954,2309.343074,2,2256675
88889461,2026-07-30T00:13:28.8247524,1154.660802,1137.918864,2309.321604,2,3457256
88970868,2026-07-30T12:10:09.9147596,1154.636294,1132.282793,2309.272587,2,1576159
89024748,2026-07-30T20:20:44.3251802,1154.605459,1143.875478,2309.210919,2,5882588
89027598,2026-07-30T20:44:44.0737643,1154.591134,1140.911710,2309.182269,2,5075922
88973127,2026-07-30T12:30:16.0490104,1154.479740,1139.813529,2308.959479,2,3031657
88888422,2026-07-30T00:05:26.3399514,1154.280315,1117.486961,2308.560630,2,6409944
88892621,2026-07-30T00:41:34.0861409,1154.278451,1129.063696,2308.556903,2,5518605
88895831,2026-07-30T01:09:34.0212511,1154.260713,1125.087631,2308.521426,2,5447294
88938885,2026-07-30T07:30:25.0292008,1154.258326,1113.546611,2308.516652,2,3896508
88972292,2026-07-30T12:22:06.7281280,1154.175734,1142.527313,2308.351468,2,6422050
89023832,2026-07-30T20:12:44.0307133,1154.117222,1141.780043,2308.234444,2,5404239
88934436,2026-07-30T06:50:13.3591770,1154.017198,1126.491796,2308.034397,2,6379429
89042201,2026-07-30T22:56:34.7300504,1154.014873,1146.036980,2308.029746,2,4468575
89027103,2026-07-30T20:40:43.9291387,1153.999773,1149.899605,2307.999546,2,5867792
88938578,2026-07-30T07:26:08.1657453,1153.995348,1116.885115,2307.990696,2,4730855
88887922,2026-07-30T00:01:25.9784047,1153.974881,1118.221198,2307.949763,2,5237552
88961172,2026-07-30T10:46:07.7595391,1153.942185,1116.858201,2307.884369,2,5912683
88934982,2026-07-30T06:54:12.8285977,1153.876832,1110.598613,2307.753664,2,4117732
88945902,2026-07-30T08:30:11.9204350,1153.835485,1105.054391,2307.670969,2,4916175
89041751,2026-07-30T22:52:32.5449068,1153.535259,1136.602687,2307.070518,2,3564234
88918911,2026-07-30T04:34:12.8163236,1153.288922,1129.557223,2306.577844,2,4118093
88966757,2026-07-30T11:34:08.1418884,1153.146947,1130.384594,2306.293894,2,4239153
88966669,2026-07-30T11:34:08.0257121,1153.066389,1149.413751,2306.132779,2,2000943
88972695,2026-07-30T12:26:06.4113050,1152.969050,1131.233524,2305.938100,2,7489266
88892622,2026-07-30T00:41:34.0894226,1152.932557,1130.183850,2305.865113,2,2718196
89024228,2026-07-30T20:16:42.8321853,1152.803977,1152.582788,2305.607954,2,7155774
88972109,2026-07-30T12:22:06.4374252,1152.782954,1135.157628,2305.565908,2,2930365
89022928,2026-07-30T20:04:46.1411199,1152.770595,1138.355694,2305.541191,2,5356927
88893507,2026-07-30T00:49:32.6826563,1152.765104,1112.394963,2305.530207,2,5488149
88943069,2026-07-30T08:06:08.2516037,1152.593643,1104.428570,2305.187286,2,2274858
89027605,2026-07-30T20:44:44.0790148,1152.577319,1136.796763,2305.154637,2,3191864
88890306,2026-07-30T00:21:34.1470203,1152.561500,1114.126614,2305.122999,2,6183647
88892655,2026-07-30T00:41:34.1544371,1152.548122,1115.461197,2305.096244,2,3880841
88891149,2026-07-30T00:29:32.0773791,1152.531647,1113.574357,2305.063294,2,3401109
89024378,2026-07-30T20:16:43.1365992,1152.512871,1146.321336,2305.025741,2,6405602
89040377,2026-07-30T22:40:01.5906355,1152.455536,1147.355194,2304.911073,2,6378328
89047053,2026-07-30T23:36:32.9090952,1152.288806,1137.505685,2304.577613,2,5231216
89047038,2026-07-30T23:36:32.8906437,1152.119252,1142.488622,2304.238505,2,5855284
89035331,2026-07-30T21:55:31.4088459,1152.070016,1112.083486,2304.140033,2,4042825
88959330,2026-07-30T10:30:11.4442793,1152.021102,1122.399354,2304.042205,2,693531
88919890,2026-07-30T04:42:13.3107101,1151.995210,1125.774816,2303.990420,2,5802541
88933516,2026-07-30T06:42:12.4289822,1151.963058,1121.488518,2303.926115,2,5553174
89031205,2026-07-30T21:16:43.2134470,1151.512373,1109.543069,2303.024747,2,5647839
88942308,2026-07-30T07:58:08.4689810,1151.450184,1107.550571,2302.900369,2,5863681
88892148,2026-07-30T00:37:30.8259017,1151.448150,1115.612261,2302.896299,2,4966925
88923506,2026-07-30T05:14:12.5704895,1151.431283,1123.946184,2302.862566,2,5225463
88940956,2026-07-30T07:46:08.3287608,1151.415093,1105.835935,2302.830187,2,790718
89032573,2026-07-30T21:31:31.7095306,1151.407627,1111.526195,2302.815254,2,4347272
88921816,2026-07-30T04:58:12.5290859,1151.405808,1143.121182,2302.811617,2,6128097
88970862,2026-07-30T12:10:09.8785874,1151.256219,1130.300852,2302.512438,2,3661808
88939488,2026-07-30T07:34:08.9548658,1151.213550,1110.795563,2302.427100,2,441415
89024286,2026-07-30T20:16:42.9760454,1151.184999,1143.284820,2302.369998,2,4672892
88936772,2026-07-30T07:10:19.6575136,1151.158878,1107.118660,2302.317755,2,5751273
88889512,2026-07-30T00:13:28.8163567,1151.131288,1147.811143,2302.262576,2,5917423
88949902,2026-07-30T09:06:11.6571591,1150.997379,1131.067820,2301.994759,2,6460666
88966128,2026-07-30T11:30:09.3267008,1150.995315,1112.359394,2301.990631,2,5177166
88887923,2026-07-30T00:01:25.9780847,1150.978710,1116.416065,2301.957420,2,5285365
88964841,2026-07-30T11:18:08.8175885,1150.923382,1142.588101,2301.846764,2,5272102
89048670,2026-07-30T23:48:36.2242637,1150.828489,1149.982071,2301.656979,2,3685831
88891177,2026-07-30T00:29:32.2127532,1150.802126,1126.402930,2301.604252,2,4134253
88905675,2026-07-30T02:37:48.3409306,1150.723324,1120.844469,2301.446648,2,6149471
88972559,2026-07-30T12:26:06.1734166,1150.679194,1128.123228,2301.358387,2,6574365
89029381,2026-07-30T21:00:42.8939231,1150.615887,1133.693003,2301.231774,2,5774585
89025745,2026-07-30T20:28:46.2392889,1150.556394,1146.152757,2301.112788,2,5870297
89008191,2026-07-30T17:44:54.2151167,1150.550457,1143.988482,2301.100913,2,4882641
88899360,2026-07-30T01:41:48.9700157,1150.365943,1110.152889,2300.731886,2,4804423
88891747,2026-07-30T00:33:32.3604065,1150.308988,1116.438039,2300.617976,2,2738109
88933435,2026-07-30T06:42:12.2741319,1150.263663,1110.532731,2300.527325,2,3531399
88995467,2026-07-30T15:49:23.8053635,1150.245010,1123.445936,2300.490019,2,5433178
88972351,2026-07-30T12:22:07.0231183,1149.922957,1139.551010,2299.845915,2,7928807
88978185,2026-07-30T13:14:08.1522818,1149.841165,1138.446019,2299.682330,2,3969137
88907408,2026-07-30T02:53:58.3824916,1149.782646,1130.745071,2299.565292,2,4959180
88933879,2026-07-30T06:46:12.4653245,1149.711273,1114.380558,2299.422545,2,5644881
89022237,2026-07-30T19:56:46.7779584,1149.681441,1143.739723,2299.362882,2,4662160
88890753,2026-07-30T00:25:33.9432974,1149.678266,1101.822503,2299.356532,2,5811040
89024889,2026-07-30T20:20:44.5922727,1149.675745,1143.490273,2299.351491,2,4735624
89025335,2026-07-30T20:24:45.8322947,1149.580681,1145.206107,2299.161362,2,3823651
89015606,2026-07-30T18:55:58.7774703,1149.545391,1147.731243,2299.090781,2,5146244
89002032,2026-07-30T16:49:27.0185877,1149.475447,1100.072274,2298.950893,2,3018341
88992269,2026-07-30T15:21:24.4728431,1149.462956,1137.205226,2298.925913,2,4081122
89030677,2026-07-30T21:12:42.5114061,1149.395531,1120.402288,2298.791061,2,7269976
88890266,2026-07-30T00:21:33.9774672,1149.372610,1119.635977,2298.745220,2,4347645
88942054,2026-07-30T07:58:08.0267372,1149.099180,1104.037687,2298.198359,2,3752733
88938936,2026-07-30T07:30:25.1599884,1149.018233,1097.428983,2298.036466,2,3318877
88895783,2026-07-30T01:09:33.7253807,1148.948372,1090.333201,2297.896744,2,3503925
89032593,2026-07-30T21:31:31.7716903,1148.941164,1145.074049,2297.882328,2,3291342
88913212,2026-07-30T03:41:53.4170437,1148.863910,1115.638987,2297.727820,2,5410549
88939469,2026-07-30T07:34:08.9317937,1148.841752,1112.545696,2297.683504,2,4489369
88889454,2026-07-30T00:13:28.8219938,1148.799716,1142.521110,2297.599432,2,8475133
89022179,2026-07-30T19:56:46.6917904,1148.698989,1148.182028,2297.397979,2,3069932
88900400,2026-07-30T01:49:49.9364271,1148.674740,1121.074438,2297.349480,2,7128882
89010544,2026-07-30T18:07:58.2689518,1148.639897,1144.941202,2297.279795,2,3524150
88893888,2026-07-30T00:53:30.9775789,1148.557516,1108.947557,2297.115033,2,5978266
89028905,2026-07-30T20:56:46.0075279,1148.500849,1137.570278,2297.001697,2,5491921
88898532,2026-07-30T01:33:49.4715181,1148.466592,1104.034618,2296.933184,2,4002458
88889258,2026-07-30T00:13:28.2520955,1148.442818,1106.921549,2296.885635,2,4149292
89020634,2026-07-30T19:39:57.7117146,1148.337016,1143.518760,2296.674033,2,2816402
88968588,2026-07-30T11:50:12.2387634,1148.305046,1113.386499,2296.610092,2,3857418
88887931,2026-07-30T00:01:26.0139572,1148.091540,1138.062174,2296.183080,2,3957633
88975955,2026-07-30T12:54:08.0184132,1148.061877,1138.725961,2296.123755,2,5614932
88889904,2026-07-30T00:17:32.1052864,1148.044932,1108.402794,2296.089864,2,4146803
88901563,2026-07-30T02:01:48.0143913,1148.035838,1136.938793,2296.071676,2,5669380
88965853,2026-07-30T11:26:08.3287061,1147.846002,1109.223183,2295.692004,2,4809889
88973071,2026-07-30T12:30:15.9103727,1147.810165,1142.948022,2295.620331,2,3786814
89024420,2026-07-30T20:16:43.2140633,1147.753429,1147.582527,2295.506859,2,7518089
88900891,2026-07-30T01:53:49.2316301,1147.725282,1112.479643,2295.450564,2,4774785
88941374,2026-07-30T07:50:10.9378584,1147.688409,1125.879236,2295.376818,2,6246067
88896746,2026-07-30T01:17:31.5172494,1147.579991,1140.720540,2295.159981,2,5080644
88926802,2026-07-30T05:42:15.2784440,1147.538432,1100.968669,2295.076863,2,5091939
88921033,2026-07-30T04:54:11.8046186,1147.368126,1135.490580,2294.736251,2,4999721
88969974,2026-07-30T12:02:06.8686572,1147.338499,1109.949111,2294.676998,2,2663337
89042659,2026-07-30T23:00:33.4773005,1147.289817,1128.567566,2294.579634,2,3014999
89038565,2026-07-30T22:24:02.1898896,1147.263521,1128.866070,2294.527042,2,4637623
88980688,2026-07-30T13:38:07.7297389,1147.262200,1135.950125,2294.524400,2,4917268
88888435,2026-07-30T00:05:26.3549094,1147.185597,1142.858000,2294.371194,2,4303525
89032525,2026-07-30T21:31:31.6059864,1147.127992,1129.559269,2294.255984,2,6701624
89036707,2026-07-30T22:08:01.5374090,1147.096621,1118.386218,2294.193241,2,4786464
88890302,2026-07-30T00:21:34.1254911,1147.076600,1141.445593,2294.153201,2,6609668
88898981,2026-07-30T01:37:49.7864864,1147.075984,1131.840112,2294.151967,2,6640803
88939543,2026-07-30T07:34:09.0454142,1147.030901,1118.229544,2294.061802,2,5659055
88991823,2026-07-30T15:17:23.1621537,1146.980384,1144.549616,2293.960769,2,4551384
88939094,2026-07-30T07:30:25.5283276,1146.920767,1107.285240,2293.841533,2,6189072
89037180,2026-07-30T22:12:01.7066754,1146.809331,1119.533179,2293.618663,2,5316630
89026231,2026-07-30T20:32:45.8936913,1146.694914,1137.361631,2293.389827,2,5756356
89032142,2026-07-30T21:27:41.3006666,1146.671095,1106.324994,2293.342189,2,5311320
88968664,2026-07-30T11:50:12.3237525,1146.602153,1131.455653,2293.204305,2,3171025
89041746,2026-07-30T22:52:32.5410589,1146.501658,1126.086254,2293.003317,2,5691996
88965042,2026-07-30T11:18:09.1139056,1146.440877,1112.599136,2292.881754,2,5037570
88936343,2026-07-30T07:06:13.7374256,1146.382408,1110.886176,2292.764817,2,5453769
89046078,2026-07-30T23:28:32.2349594,1146.357734,1120.430152,2292.715468,2,4838654
89036708,2026-07-30T22:08:01.5706292,1146.342768,1130.428930,2292.685535,2,4953446
89007356,2026-07-30T17:36:56.2349082,1146.335376,1133.655643,2292.670752,2,5235289
88894951,2026-07-30T01:01:29.3765860,1146.317888,1107.655797,2292.635776,2,4562752
88951879,2026-07-30T09:22:08.3635472,1146.258815,1118.167788,2292.517631,2,3045024
88956736,2026-07-30T10:06:08.1595199,1146.250940,1114.557520,2292.501879,2,5814952
89018712,2026-07-30T19:23:58.8812838,1146.138902,1140.030354,2292.277803,2,4608892
88958395,2026-07-30T10:22:07.6223305,1146.044548,1126.714957,2292.089097,2,7032643
89001579,2026-07-30T16:45:26.7985412,1146.041119,1112.527061,2292.082238,2,7091342
89040839,2026-07-30T22:44:01.8103439,1145.906674,1142.815934,2291.813347,2,5007890
88893942,2026-07-30T00:53:31.0697227,1145.815543,1139.042785,2291.631086,2,3562151
89044119,2026-07-30T23:12:31.8963130,1145.788326,1135.345026,2291.576652,2,5205826
88966621,2026-07-30T11:34:07.9402568,1145.741060,1121.708522,2291.482120,2,3974249
88943603,2026-07-30T08:10:09.7752607,1145.718438,1121.367091,2291.436876,2,4288408
88892179,2026-07-30T00:37:30.8650608,1145.679640,1113.937504,2291.359280,2,3882181
89020907,2026-07-30T19:39:58.1531302,1145.657369,1140.225255,2291.314737,2,3666478
88943973,2026-07-30T08:14:07.9490173,1145.587141,1110.753975,2291.174282,2,5288713
88914531,2026-07-30T03:53:50.9370600,1145.566112,1116.535604,2291.132223,2,2977736
88942624,2026-07-30T08:02:09.8635091,1145.562840,1120.445773,2291.125681,2,4292949
88899922,2026-07-30T01:45:48.8201735,1145.552290,1085.986225,2291.104580,2,6783352
88968145,2026-07-30T11:46:06.5118123,1145.531886,1108.899279,2291.063772,2,5374857
88982713,2026-07-30T13:54:08.7555725,1145.350832,1126.675365,2290.701665,2,6398206
88893517,2026-07-30T00:49:32.7201953,1145.244523,1143.457003,2290.489046,2,5803780
89043121,2026-07-30T23:04:35.5382252,1145.220756,1130.055930,2290.441513,2,3732939
88894475,2026-07-30T00:57:29.8299037,1145.182596,1111.055133,2290.365192,2,3208813
89032051,2026-07-30T21:27:40.9986653,1145.164313,1118.456476,2290.328626,2,5486438
89031133,2026-07-30T21:16:43.0929728,1145.097076,1100.165100,2290.194152,2,5085155
88889272,2026-07-30T00:13:28.2847894,1144.999683,1137.656799,2289.999366,2,4419547
88963509,2026-07-30T11:06:08.0498870,1144.981855,1112.564127,2289.963711,2,4890970
89049171,2026-07-30T23:52:36.6225111,1144.872829,1133.800567,2289.745659,2,5700085
88972196,2026-07-30T12:22:06.6250195,1144.790867,1102.166031,2289.581734,2,4212742
89040379,2026-07-30T22:40:01.5907179,1144.691653,1133.494763,2289.383306,2,4485566
89041758,2026-07-30T22:52:32.5765182,1144.675284,1122.960105,2289.350569,2,1772979
88964465,2026-07-30T11:14:07.8555787,1144.639634,1144.522346,2289.279269,2,6180316
88900688,2026-07-30T01:53:48.8523101,1144.589054,1106.169118,2289.178108,2,4064462
88935327,2026-07-30T06:58:12.9598002,1144.588517,1116.264557,2289.177033,2,1708053
89025344,2026-07-30T20:24:45.8691088,1144.578336,1139.455080,2289.156672,2,3809769
88965437,2026-07-30T11:22:08.4451902,1144.547860,1112.623690,2289.095721,2,7611106
88964128,2026-07-30T11:10:13.5145148,1144.433521,1134.334304,2288.867041,2,2306321
88892154,2026-07-30T00:37:30.8324923,1144.411318,1117.031466,2288.822635,2,4008385
88929943,2026-07-30T06:10:15.4464721,1144.390919,1109.887077,2288.781839,2,2406843
88897637,2026-07-30T01:25:32.7154033,1144.334843,1098.632674,2288.669686,2,5009076
88892161,2026-07-30T00:37:30.8397147,1144.241555,1139.616595,2288.483110,2,5433565
88930391,2026-07-30T06:14:14.9454919,1144.225497,1104.433061,2288.450993,2,4577600
89048667,2026-07-30T23:48:36.2217502,1144.156855,1133.715405,2288.313709,2,3181140
88970445,2026-07-30T12:06:07.1171861,1144.131186,1104.725559,2288.262373,2,4051934
88982815,2026-07-30T13:54:08.8663163,1144.114079,1122.662237,2288.228157,2,5449588
88901781,2026-07-30T02:01:48.9832792,1144.108359,1083.700929,2288.216718,2,6460011
88903375,2026-07-30T02:17:47.8803045,1144.100784,1084.891850,2288.201567,2,6269533
88904929,2026-07-30T02:29:50.2384081,1144.033171,1137.914336,2288.066343,2,4115697
89045088,2026-07-30T23:20:33.6757085,1143.899084,1123.679224,2287.798168,2,5087462
88892587,2026-07-30T00:41:34.0321606,1143.863491,1131.852959,2287.726981,2,4988485
89045099,2026-07-30T23:20:33.6910894,1143.809273,1127.431441,2287.618546,2,3522071
88979748,2026-07-30T13:30:08.8556219,1143.676010,1136.584277,2287.352019,2,4610272
88994093,2026-07-30T15:37:24.7148339,1143.607285,1120.189059,2287.214570,2,4853406
88934499,2026-07-30T06:50:13.4783536,1143.551160,1093.210384,2287.102321,2,6370431
88965952,2026-07-30T11:26:08.4415098,1143.511402,1105.795575,2287.022805,2,6355546
88929962,2026-07-30T06:10:15.4762395,1143.491393,1087.025671,2286.982786,2,6274233
89026640,2026-07-30T20:36:44.1939321,1143.442436,1126.962357,2286.884871,2,4823521
88937161,2026-07-30T07:14:09.8128173,1143.415959,1091.335089,2286.831918,2,3167959
88965928,2026-07-30T11:26:08.4248518,1143.179661,1106.430677,2286.359323,2,4512853
89041296,2026-07-30T22:48:33.3960777,1142.992570,1123.517745,2285.985140,2,2712149
88893103,2026-07-30T00:45:30.3131840,1142.884242,1102.369755,2285.768483,2,4341656
89046581,2026-07-30T23:32:34.9205451,1142.834913,1122.745511,2285.669825,2,5632992
88916571,2026-07-30T04:13:50.6438963,1142.790857,1113.381404,2285.581713,2,7315662
89032600,2026-07-30T21:31:31.7763034,1142.454246,1140.496018,2284.908492,2,4668978
88962074,2026-07-30T10:54:07.5164086,1142.319175,1115.563135,2284.638350,2,6027770
89043637,2026-07-30T23:08:33.5333829,1142.299741,1111.506605,2284.599481,2,4528277
88973199,2026-07-30T12:30:16.1650834,1142.285447,1110.293138,2284.570895,2,5745476
89044604,2026-07-30T23:16:31.5341516,1142.253069,1131.078251,2284.506139,2,6855461
88925897,2026-07-30T05:34:15.7335940,1142.050287,1141.871304,2284.100575,2,3907577
89015807,2026-07-30T18:55:59.0958758,1142.046467,1141.078108,2284.092934,2,4903570
88963094,2026-07-30T11:02:08.4211070,1142.020177,1118.457517,2284.040354,2,5742626
88933639,2026-07-30T06:42:12.5836287,1141.996049,1106.188905,2283.992099,2,3739650
88897677,2026-07-30T01:25:32.8160454,1141.953001,1137.971210,2283.906001,2,5253528
88983715,2026-07-30T14:02:08.3206515,1141.949274,1118.785355,2283.898548,2,4680924
88907078,2026-07-30T02:49:50.8829826,1141.915173,1093.385736,2283.830347,2,6130026
89048158,2026-07-30T23:44:32.5075746,1141.863938,1124.117759,2283.727875,2,6021401
89025593,2026-07-30T20:28:46.0042105,1141.850227,1125.812662,2283.700455,2,4910811
88963077,2026-07-30T11:02:08.3872999,1141.795733,1120.134248,2283.591465,2,3222365
89049682,2026-07-30T23:56:35.5918912,1141.779053,1132.850441,2283.558107,2,6615473
89029826,2026-07-30T21:04:43.5673246,1141.646886,1088.868761,2283.293771,2,4476026
88906042,2026-07-30T02:41:47.2509002,1141.554385,1108.044322,2283.108769,2,5429527
88894078,2026-07-30T00:53:31.3275437,1141.476910,1139.339159,2282.953820,2,6455459
88896279,2026-07-30T01:13:31.0129915,1141.470483,1130.921863,2282.940967,2,6944999
89046575,2026-07-30T23:32:34.9143505,1141.448080,1116.163341,2282.896160,2,5365196
89017872,2026-07-30T19:15:58.3967195,1141.438064,1096.109421,2282.876127,2,5610977
88891553,2026-07-30T00:33:31.9791529,1141.429972,1087.624977,2282.859944,2,5559606
88922281,2026-07-30T05:02:15.8213919,1141.361739,1089.357209,2282.723478,2,4428177
89008182,2026-07-30T17:44:54.2106471,1141.336376,1138.402790,2282.672752,2,6296884
88968175,2026-07-30T11:46:06.6010477,1141.302304,1126.274912,2282.604607,2,2820241
89048162,2026-07-30T23:44:32.5126075,1141.234603,1135.410530,2282.469205,2,7910125
88972662,2026-07-30T12:26:06.3697793,1141.152199,1113.872179,2282.304399,2,4767440
89040392,2026-07-30T22:40:01.6089239,1141.125799,1120.730352,2282.251599,2,4110105
88891327,2026-07-30T00:29:33.2151249,1141.122082,1131.389494,2282.244164,2,5636995
89045585,2026-07-30T23:24:35.2829257,1141.093381,1124.015759,2282.186762,2,5173619
89029841,2026-07-30T21:04:43.5957633,1141.087813,1138.018759,2282.175627,2,5235911
88888922,2026-07-30T00:09:27.4595844,1141.058920,1140.115402,2282.117840,2,3883705
88994421,2026-07-30T15:41:23.0083484,1141.054127,1117.711156,2282.108254,2,5680046
88913963,2026-07-30T03:49:52.8760347,1140.961224,1102.555876,2281.922448,2,5574729
89023545,2026-07-30T20:08:43.7922619,1140.908163,1137.077077,2281.816325,2,5190658
88925359,2026-07-30T05:30:17.0234697,1140.837538,1081.201386,2281.675076,2,5724956
88965028,2026-07-30T11:18:09.0654074,1140.757329,1098.667313,2281.514659,2,6222726
89042202,2026-07-30T22:56:34.7311011,1140.742519,1131.098953,2281.485038,2,5785615
88928147,2026-07-30T05:54:16.0195916,1140.699141,1084.394807,2281.398283,2,4830380
88932708,2026-07-30T06:34:12.4164062,1140.545964,1084.134427,2281.091927,2,2449542
88893520,2026-07-30T00:49:32.7306943,1140.355238,1135.189981,2280.710477,2,5495467
88890752,2026-07-30T00:25:33.9434741,1140.198263,1103.723453,2280.396526,2,3928553
89026639,2026-07-30T20:36:44.1933794,1140.060883,1120.113783,2280.121766,2,3830523
88901845,2026-07-30T02:01:49.0669288,1140.001588,1093.543572,2280.003176,2,5182970
89041769,2026-07-30T22:52:32.5844637,1139.823649,1124.277815,2279.647297,2,4098763
88961436,2026-07-30T10:46:08.3277651,1139.686262,1116.152179,2279.372524,2,6127034
89026984,2026-07-30T20:40:43.7771575,1139.673157,1091.210338,2279.346314,2,5213313
89045582,2026-07-30T23:24:35.2795163,1139.604599,1129.047264,2279.209198,2,4129465
88966404,2026-07-30T11:30:10.5231249,1139.511127,1103.742636,2279.022253,2,6762270
89000692,2026-07-30T16:37:27.5334169,1139.503678,1123.844858,2279.007356,2,11063982
88896331,2026-07-30T01:13:31.1105909,1139.456382,1136.259784,2278.912763,2,4337832
89031211,2026-07-30T21:16:43.2242818,1139.453804,1113.431449,2278.907608,2,5895551
88969865,2026-07-30T12:02:06.7787006,1139.360765,1105.448254,2278.721530,2,4883478
89026638,2026-07-30T20:36:44.1918678,1139.337803,1117.212789,2278.675606,2,4917931
88966791,2026-07-30T11:34:08.1708399,1139.317358,1106.656472,2278.634716,2,5219431
89037639,2026-07-30T22:16:01.5082630,1139.315224,1114.670436,2278.630447,2,4141563
88973710,2026-07-30T12:34:06.5593513,1139.077089,1115.772219,2278.154179,2,7577356
88931317,2026-07-30T06:22:13.0297107,1138.985851,1133.794217,2277.971703,2,7374548
88941780,2026-07-30T07:54:08.2640366,1138.976371,1104.842041,2277.952743,2,5053152
88898620,2026-07-30T01:33:49.6507820,1138.884824,1119.632462,2277.769647,2,4489473
88888910,2026-07-30T00:09:27.4457189,1138.827754,1093.316312,2277.655508,2,5490211
89044111,2026-07-30T23:12:31.8878817,1138.795534,1116.347563,2277.591068,2,3851185
88939086,2026-07-30T07:30:25.5235933,1138.689756,1123.376266,2277.379512,2,4710995
88890247,2026-07-30T00:21:33.9259225,1138.661233,1104.114257,2277.322466,2,2822903
88888920,2026-07-30T00:09:27.4587277,1138.657002,1132.754955,2277.314004,2,5022721
88922713,2026-07-30T05:06:13.1339076,1138.624875,1103.261953,2277.249750,2,6565989
88998542,2026-07-30T16:17:22.9113965,1138.565662,1115.144600,2277.131324,2,4806118
88907177,2026-07-30T02:49:51.1398083,1138.560349,1124.648250,2277.120697,2,7128452
88998271,2026-07-30T16:13:26.9106378,1138.541130,1128.065150,2277.082259,2,5552295
89025334,2026-07-30T20:24:45.8311495,1138.502428,1127.545085,2277.004855,2,4595577
89039460,2026-07-30T22:32:01.6902282,1138.409942,1127.744908,2276.819884,2,5604930
88891217,2026-07-30T00:29:32.8504971,1138.382340,1083.530454,2276.764680,2,4658782
89033953,2026-07-30T21:43:31.8948254,1138.370131,1120.686986,2276.740262,2,3698672
88889758,2026-07-30T00:17:31.6525331,1138.288508,1126.556608,2276.577017,2,4294357
88887927,2026-07-30T00:01:25.9785740,1138.240644,1122.692265,2276.481289,2,7603092
89044601,2026-07-30T23:16:31.5321285,1138.221102,1116.294271,2276.442203,2,4372506
89046579,2026-07-30T23:32:34.9208692,1138.162006,1127.756057,2276.324011,2,5490935
88929451,2026-07-30T06:06:15.6449289,1138.157475,1077.853248,2276.314950,2,6148799
88967291,2026-07-30T11:38:08.1276115,1138.130311,1104.532260,2276.260623,2,4347168
88943175,2026-07-30T08:06:08.4164546,1138.033264,1094.030865,2276.066527,2,4744834
88963651,2026-07-30T11:06:08.2252972,1138.001956,1115.770485,2276.003913,2,4328747
89047044,2026-07-30T23:36:32.8960675,1137.929461,1115.941128,2275.858921,2,4556886
88993529,2026-07-30T15:33:23.5277062,1137.921559,1113.073870,2275.843119,2,5568893
88889950,2026-07-30T00:17:32.1516559,1137.900858,1121.498695,2275.801715,2,4989582
88962588,2026-07-30T10:58:07.9324523,1137.877315,1135.034474,2275.754631,2,354616
88896171,2026-07-30T01:13:30.7512187,1137.862581,1126.656139,2275.725161,2,5103019
88993650,2026-07-30T15:33:23.8716929,1137.841556,1115.311133,2275.683112,2,3700688
89037199,2026-07-30T22:12:01.7351702,1137.830864,1115.531656,2275.661728,2,7237372
88888916,2026-07-30T00:09:27.4530574,1137.814719,1110.236178,2275.629438,2,3558847
89019726,2026-07-30T19:31:57.7091249,1137.788012,1104.676906,2275.576023,2,5159254
89033492,2026-07-30T21:39:31.6745916,1137.764831,1101.102646,2275.529661,2,3666434
89039003,2026-07-30T22:28:01.2909590,1137.748405,1115.283879,2275.496811,2,7291797
88967716,2026-07-30T11:42:06.8309701,1137.735500,1100.306438,2275.470999,2,3910413
88948096,2026-07-30T08:50:15.5883466,1137.664486,1079.703890,2275.328972,2,4448498
88973631,2026-07-30T12:34:06.4991302,1137.652389,1107.886130,2275.304779,2,3691274
88895848,2026-07-30T01:09:34.0419688,1137.569796,1132.752817,2275.139591,2,3360584
88896149,2026-07-30T01:13:30.6810840,1137.564617,1129.997402,2275.129234,2,2382482
88899460,2026-07-30T01:41:49.2349637,1137.312472,1102.086971,2274.624945,2,5828615
88967112,2026-07-30T11:38:07.9168581,1137.306731,1124.908382,2274.613462,2,4091344
88941389,2026-07-30T07:50:10.9552513,1137.206062,1095.416091,2274.412124,2,4560960
88933926,2026-07-30T06:46:12.6147914,1137.176270,1088.798996,2274.352541,2,5029747
88912921,2026-07-30T03:41:52.9570495,1137.156956,1093.515677,2274.313913,2,3889292
88888930,2026-07-30T00:09:27.4691649,1136.941241,1116.992468,2273.882481,2,5594630
88937651,2026-07-30T07:18:07.4717720,1136.916429,1080.455659,2273.832858,2,4750170
89047612,2026-07-30T23:40:33.7189163,1136.880775,1121.854555,2273.761549,2,10385670
89042205,2026-07-30T22:56:34.7348392,1136.849776,1132.586869,2273.699552,2,3166143
89025145,2026-07-30T20:24:45.4825168,1136.757925,1125.213337,2273.515851,2,5676111
88909784,2026-07-30T03:13:48.1971554,1136.735271,1096.793871,2273.470542,2,6996767
88893526,2026-07-30T00:49:32.7683207,1136.720757,1125.400623,2273.441513,2,4533283
88937241,2026-07-30T07:14:09.9306224,1136.663545,1083.747689,2273.327090,2,6348085
88976295,2026-07-30T12:58:08.4547343,1136.539927,1126.903486,2273.079854,2,3715544
88969012,2026-07-30T11:54:07.0892051,1136.505670,1105.274789,2273.011341,2,6468474
88997739,2026-07-30T16:09:23.9436678,1136.479708,1108.852421,2272.959415,2,6270072
89039463,2026-07-30T22:32:01.6922487,1136.475389,1125.091676,2272.950779,2,3928438
88983737,2026-07-30T14:02:08.3300025,1136.433886,1129.993199,2272.867772,2,5531141
89028522,2026-07-30T20:52:43.6157620,1136.401117,1111.628143,2272.802233,2,4724816
88895302,2026-07-30T01:05:31.7179096,1136.368951,1129.248881,2272.737902,2,5656443
89033502,2026-07-30T21:39:31.6883174,1136.355204,1128.905252,2272.710407,2,5528914
88958496,2026-07-30T10:22:07.7566396,1136.319660,1132.599251,2272.639319,2,5049745
88908626,2026-07-30T03:01:50.4237366,1136.225436,1129.446269,2272.450872,2,3339678
88907952,2026-07-30T02:57:48.3708775,1136.172424,1086.212245,2272.344847,2,5156310
89027235,2026-07-30T20:40:44.1290009,1136.144145,1118.713521,2272.288291,2,6992140
89039919,2026-07-30T22:36:02.1201659,1136.068074,1120.310132,2272.136147,2,4158175
89039929,2026-07-30T22:36:02.1303397,1136.068074,1124.425818,2272.136147,2,6588598
88976731,2026-07-30T13:02:07.9334122,1135.990637,1118.967444,2271.981274,2,4242192
88905349,2026-07-30T02:33:47.5294484,1135.985678,1129.623539,2271.971356,2,2902336
89031670,2026-07-30T21:23:28.9090949,1135.971741,1102.899294,2271.943481,2,4708081
89027259,2026-07-30T20:40:44.2041642,1135.878298,1126.420551,2271.756596,2,4838177
88895805,2026-07-30T01:09:33.9760078,1135.824549,1123.917604,2271.649097,2,2926729
88947702,2026-07-30T08:46:13.8337410,1135.804570,1111.357329,2271.609141,2,3812827
89042663,2026-07-30T23:00:33.4796775,1135.694032,1125.454843,2271.388065,2,4931122
88888440,2026-07-30T00:05:26.3600396,1135.654067,1120.972201,2271.308135,2,5003148
88992604,2026-07-30T15:25:22.9960750,1135.542475,1112.184451,2271.084949,2,5726621
88894904,2026-07-30T01:01:29.3269036,1135.499000,1131.986153,2270.997999,2,5355996
88895773,2026-07-30T01:09:33.7108013,1135.436306,1130.077183,2270.872611,2,5819077
89041205,2026-07-30T22:48:33.2131240,1135.322663,1123.056846,2270.645326,2,4233355
88956537,2026-07-30T10:06:07.4451992,1135.202740,1111.496729,2270.405479,2,4397370
88973221,2026-07-30T12:30:16.2199029,1135.198403,1107.603244,2270.396807,2,3855751
89017798,2026-07-30T19:15:58.2992554,1135.193089,1134.306298,2270.386177,2,5019485
89048161,2026-07-30T23:44:32.5154903,1135.139770,1129.034446,2270.279540,2,5845867
88977304,2026-07-30T13:06:08.3677827,1135.115119,1116.615239,2270.230237,2,5539106
88971393,2026-07-30T12:14:07.3153740,1135.075429,1101.964586,2270.150857,2,3536772
88896329,2026-07-30T01:13:31.0746556,1135.060466,1125.671097,2270.120931,2,5351617
88897688,2026-07-30T01:25:32.8355986,1135.049679,1120.024878,2270.099357,2,5701546
89029742,2026-07-30T21:04:43.3814469,1135.046588,1088.692455,2270.093175,2,5762378
89034854,2026-07-30T21:51:31.5785028,1134.991566,1081.482010,2269.983132,2,4004331
89023552,2026-07-30T20:08:43.8022329,1134.976452,1117.073000,2269.952905,2,5401717
89029379,2026-07-30T21:00:42.8910568,1134.940254,1131.654892,2269.880507,2,7120182
88895786,2026-07-30T01:09:33.7287388,1134.878435,1128.775724,2269.756869,2,4709579
88953667,2026-07-30T09:38:09.3157520,1134.850324,1095.366557,2269.700648,2,6536026
89025322,2026-07-30T20:24:45.8174982,1134.818946,1127.040949,2269.637892,2,4711890
88897192,2026-07-30T01:21:33.3546170,1134.815463,1128.204993,2269.630926,2,6093257
89028997,2026-07-30T20:56:46.1700888,1134.803876,1115.507965,2269.607753,2,5341841
88892704,2026-07-30T00:41:34.2301390,1134.767162,1116.629581,2269.534325,2,5812845
89044606,2026-07-30T23:16:31.5383942,1134.731276,1121.975602,2269.462553,2,6683138
89032138,2026-07-30T21:27:41.2972380,1134.719159,1126.567713,2269.438319,2,5233894
89022460,2026-07-30T20:00:45.7802264,1134.704520,1093.869292,2269.409040,2,4243235
88904752,2026-07-30T02:29:49.8889993,1134.625409,1097.518940,2269.250818,2,3852626
89042667,2026-07-30T23:00:33.4818911,1134.578649,1121.356209,2269.157298,2,5447236
88907090,2026-07-30T02:49:50.9386860,1134.577682,1096.027278,2269.155363,2,5668782
89027578,2026-07-30T20:44:43.9713569,1134.533996,1111.608748,2269.067991,2,6058845
89026187,2026-07-30T20:32:45.8033968,1134.525952,1127.362091,2269.051903,2,5094540
88933962,2026-07-30T06:46:12.6801770,1134.377925,1075.925090,2268.755850,2,3245218
88891749,2026-07-30T00:33:32.3674700,1134.304793,1116.405495,2268.609586,2,3047496
89044597,2026-07-30T23:16:31.5266250,1134.301355,1103.190273,2268.602711,2,5222855
88897186,2026-07-30T01:21:33.3473921,1134.285538,1105.589541,2268.571077,2,3447510
89024017,2026-07-30T20:12:44.3165840,1134.259644,1120.552969,2268.519289,2,3282313
89025747,2026-07-30T20:28:46.2205997,1134.255166,1110.690911,2268.510332,2,4901983
89018946,2026-07-30T19:23:59.2643364,1134.189626,1112.216962,2268.379252,2,5543083
88932738,2026-07-30T06:34:12.4463686,1134.185456,1070.847633,2268.370912,2,7106856
88891641,2026-07-30T00:33:32.2052475,1134.145706,1124.815563,2268.291412,2,3778665
88896341,2026-07-30T01:13:31.1238487,1134.066145,1123.328992,2268.132290,2,7241919
89011367,2026-07-30T18:16:00.0056858,1134.060310,1095.201330,2268.120621,2,7123993
89043595,2026-07-30T23:08:33.5110119,1133.972255,1091.563091,2267.944511,2,7510380
89021314,2026-07-30T19:49:18.2160126,1133.954181,1111.792201,2267.908362,2,4310459
88888429,2026-07-30T00:05:26.3497159,1133.949601,1103.515955,2267.899202,2,5866678
88973555,2026-07-30T12:34:06.3733517,1133.840103,1103.937753,2267.680206,2,3709448
88894391,2026-07-30T00:57:29.7502729,1133.838341,1128.879944,2267.676681,2,3349854
89041298,2026-07-30T22:48:33.4025797,1133.818005,1126.955957,2267.636011,2,5057555
88895366,2026-07-30T01:05:31.8763229,1133.759467,1120.207388,2267.518935,2,9299339
88971426,2026-07-30T12:14:07.3344646,1133.717409,1094.799140,2267.434817,2,6495981
88971736,2026-07-30T12:18:07.2774488,1133.717409,1091.504830,2267.434817,2,7472298
89024878,2026-07-30T20:20:44.5770948,1133.654745,1122.123725,2267.309489,2,3134766
89038117,2026-07-30T22:20:01.5774279,1133.631761,1126.978953,2267.263523,2,4115348
89035783,2026-07-30T22:00:01.4084622,1133.628039,1131.537078,2267.256078,2,4926758
88899047,2026-07-30T01:37:49.8759161,1133.617064,1109.117032,2267.234128,2,10723829
89049673,2026-07-30T23:56:35.5778985,1133.581920,1107.436112,2267.163839,2,6428684
88887934,2026-07-30T00:01:26.0181663,1133.536664,1115.736567,2267.073328,2,6522411
88978660,2026-07-30T13:18:08.4307989,1133.516477,1119.736083,2267.032955,2,4245536
88931281,2026-07-30T06:22:13.0009514,1133.479622,1077.184379,2266.959245,2,3283875
89029372,2026-07-30T21:00:42.8835455,1133.477163,1118.045590,2266.954327,2,3495915
88998530,2026-07-30T16:17:22.9046847,1133.452034,1132.570170,2266.904069,2,4568316
88931244,2026-07-30T06:22:12.9253932,1133.435326,1066.178905,2266.870652,2,5686451
88891666,2026-07-30T00:33:32.2380144,1133.425546,1118.553088,2266.851092,2,5194193
88921741,2026-07-30T04:58:12.4324898,1133.352182,1090.296689,2266.704363,2,5841031
88962519,2026-07-30T10:58:07.7595621,1133.338696,1108.336799,2266.677391,2,5345020
88893514,2026-07-30T00:49:32.7079199,1133.312964,1113.541855,2266.625929,2,5198165
88899952,2026-07-30T01:45:48.8499069,1133.304121,1087.153422,2266.608242,2,3080480
88966221,2026-07-30T11:30:10.1271283,1133.149244,1105.531442,2266.298487,2,8155534
89005697,2026-07-30T17:21:27.1318856,1133.142806,1112.675093,2266.285612,2,4404006
88961837,2026-07-30T10:50:10.5135421,1133.132855,1111.829003,2266.265710,2,3859227
88902253,2026-07-30T02:05:48.5472201,1133.128711,1072.763263,2266.257421,2,5762862
89022255,2026-07-30T19:56:46.8046781,1133.095164,1110.790230,2266.190329,2,3166722
89027215,2026-07-30T20:40:44.1063799,1133.074515,1116.716882,2266.149030,2,6234295
88892151,2026-07-30T00:37:30.8293107,1132.986284,1076.744599,2265.972568,2,4704985
88890301,2026-07-30T00:21:34.1300423,1132.970061,1120.986630,2265.940121,2,6000130
88944595,2026-07-30T08:18:07.8869620,1132.958662,1091.657352,2265.917324,2,4688570
89034414,2026-07-30T21:47:31.7886819,1132.858252,1120.173823,2265.716504,2,4462150
88894454,2026-07-30T00:57:29.8280051,1132.805611,1126.234720,2265.611223,2,5334827
88924893,2026-07-30T05:26:14.8427914,1132.770020,1067.869921,2265.540040,2,6995406
89033957,2026-07-30T21:43:31.9040926,1132.762778,1128.287787,2265.525556,2,5924478
88924973,2026-07-30T05:26:14.9264966,1132.735313,1066.719126,2265.470626,2,4798673
89036238,2026-07-30T22:04:01.8327193,1132.656134,1107.166255,2265.312269,2,4996852
89014244,2026-07-30T18:43:57.6799376,1132.375345,1116.614671,2264.750689,2,5074510
89025799,2026-07-30T20:28:46.3266981,1132.334209,1129.941650,2264.668417,2,1024659
88920316,2026-07-30T04:46:16.0344724,1132.269692,1093.001972,2264.539385,2,3210684
89018256,2026-07-30T19:20:02.8924224,1132.255143,1102.980393,2264.510286,2,6666743
89043119,2026-07-30T23:04:35.5362116,1132.247050,1095.039199,2264.494100,2,5014499
89036105,2026-07-30T22:04:01.5567940,1132.175762,1129.812002,2264.351523,2,5526750
88889780,2026-07-30T00:17:32.1073002,1132.132321,1125.593345,2264.264641,2,3886868
88895376,2026-07-30T01:05:31.9333649,1132.094927,1128.160077,2264.189855,2,4178817
89049163,2026-07-30T23:52:36.6152572,1131.993470,1108.321282,2263.986940,2,5972124
88965807,2026-07-30T11:26:08.2355711,1131.971395,1114.399684,2263.942791,2,4546147
88936298,2026-07-30T07:06:13.7096097,1131.968085,1104.746145,2263.936170,2,5642773
88904539,2026-07-30T02:25:48.6445930,1131.954343,1123.836081,2263.908685,2,4565820
89047600,2026-07-30T23:40:33.7066340,1131.900901,1100.271766,2263.801802,2,4103560
89038555,2026-07-30T22:24:02.1803938,1131.845337,1111.935254,2263.690673,2,4805717
88887925,2026-07-30T00:01:26.0078705,1131.840992,1117.496987,2263.681984,2,4971590
89031683,2026-07-30T21:23:28.9240098,1131.804579,1120.053763,2263.609157,2,5466117
88905155,2026-07-30T02:33:47.1645659,1131.713034,1123.844249,2263.426068,2,5942411
88895379,2026-07-30T01:05:31.9357348,1131.699658,1124.395483,2263.399315,2,3111371
89033043,2026-07-30T21:35:32.3238490,1131.696384,1120.131550,2263.392768,2,6604427
88939864,2026-07-30T07:38:08.5915225,1131.617373,1097.469879,2263.234747,2,5138396
89047601,2026-07-30T23:40:33.7066075,1131.569198,1106.055008,2263.138395,2,4065323
88892160,2026-07-30T00:37:30.8389707,1131.563963,1119.024361,2263.127925,2,5656967
89043602,2026-07-30T23:08:33.5175749,1131.559027,1102.017104,2263.118055,2,4579652
89028458,2026-07-30T20:52:43.5195232,1131.469547,1107.768324,2262.939095,2,4950297
89037635,2026-07-30T22:16:01.5035040,1131.438759,1085.546070,2262.877518,2,4944845
88926477,2026-07-30T05:42:14.5422860,1131.349044,1121.379083,2262.698087,2,5656397
89048672,2026-07-30T23:48:36.2306252,1131.301347,1125.740556,2262.602693,2,4574041
88907498,2026-07-30T02:53:58.6540545,1131.214071,1082.659842,2262.428141,2,4559308
89045091,2026-07-30T23:20:33.6793696,1131.133988,1110.813255,2262.267976,2,3386975
89028911,2026-07-30T20:56:46.0116771,1131.097770,1125.859890,2262.195540,2,3965278
88944841,2026-07-30T08:22:08.1159393,1131.039405,1065.791443,2262.078809,2,3931446
89049186,2026-07-30T23:52:36.6789490,1131.013758,1102.828609,2262.027516,2,6027698
88932686,2026-07-30T06:34:12.3851110,1130.985362,1129.209916,2261.970724,2,7606208
89035296,2026-07-30T21:55:31.3734810,1130.980587,1117.217132,2261.961173,2,5168228
89042204,2026-07-30T22:56:34.7337007,1130.974527,1119.196125,2261.949053,2,6694466
88945194,2026-07-30T08:26:08.8430265,1130.899424,1089.990037,2261.798848,2,5478460
88939953,2026-07-30T07:38:08.8946095,1130.856654,1128.362016,2261.713308,2,4731488
88888938,2026-07-30T00:09:27.4780082,1130.856429,1103.657656,2261.712857,2,5694622
88891727,2026-07-30T00:33:32.3303919,1130.737036,1130.236248,2261.474073,2,3429271
89029374,2026-07-30T21:00:42.8850619,1130.732433,1108.099192,2261.464865,2,3568486
89041291,2026-07-30T22:48:33.3845714,1130.715065,1114.513017,2261.430131,2,1703891
89035751,2026-07-30T22:00:01.3747505,1130.713025,1112.002569,2261.426051,2,3630065
89046582,2026-07-30T23:32:34.9227294,1130.704185,1109.907721,2261.408370,2,5860053
89049167,2026-07-30T23:52:36.6175956,1130.638791,1107.549777,2261.277583,2,3945557
88928561,2026-07-30T05:58:14.6114762,1130.621765,1111.316914,2261.243530,2,5278123
89018329,2026-07-30T19:20:03.0490232,1130.597979,1087.652708,2261.195957,2,1591719
89048673,2026-07-30T23:48:36.2306531,1130.555262,1128.703593,2261.110524,2,4275440
89047047,2026-07-30T23:36:32.8933815,1130.508108,1111.525254,2261.016216,2,2372081
89028901,2026-07-30T20:56:46.0032316,1130.499531,1083.826331,2260.999061,2,4613812
88964550,2026-07-30T11:14:07.9471966,1130.450132,1119.823364,2260.900263,2,5481082
89041754,2026-07-30T22:52:32.5478996,1130.432561,1114.958876,2260.865122,2,4975815
88940300,2026-07-30T07:42:09.5747434,1130.366701,1078.492446,2260.733401,2,5770446
88957510,2026-07-30T10:14:08.3629842,1130.340301,1120.798150,2260.680602,2,2518560
88940749,2026-07-30T07:46:07.9733178,1130.329430,1075.483569,2260.658861,2,8395186
89041289,2026-07-30T22:48:33.3848770,1130.299815,1088.309924,2260.599630,2,6353497
88935012,2026-07-30T06:54:12.8539467,1130.065069,1077.260305,2260.130138,2,6733028
88893509,2026-07-30T00:49:32.6893443,1130.046674,1083.123929,2260.093348,2,2718390
88974122,2026-07-30T12:38:06.4121447,1130.020753,1094.428392,2260.041506,2,4209358
89023650,2026-07-30T20:08:44.0925710,1130.003090,1106.911061,2260.006180,2,1600520
89038558,2026-07-30T22:24:02.1836145,1129.986206,1126.646300,2259.972411,2,3203484
88960430,2026-07-30T10:38:08.6929968,1129.977448,1120.325972,2259.954896,2,2483955
89028859,2026-07-30T20:56:45.8956559,1129.857720,1115.171538,2259.715440,2,9130406
88952660,2026-07-30T09:30:11.7094917,1129.671549,1095.555074,2259.343098,2,6884909
88893029,2026-07-30T00:45:30.1469861,1129.571951,1069.357261,2259.143902,2,4704327
88889492,2026-07-30T00:13:28.8088943,1129.499236,1084.385982,2258.998472,2,3726441
88929044,2026-07-30T06:02:14.5345679,1129.475024,1105.682006,2258.950048,2,4626968
88891245,2026-07-30T00:29:32.9677759,1129.431225,1106.639946,2258.862451,2,4627191
89025287,2026-07-30T20:24:45.7773296,1129.422742,1108.379950,2258.845484,2,4024999
88956389,2026-07-30T10:02:08.7377826,1129.381336,1123.248396,2258.762672,2,6721305
89029376,2026-07-30T21:00:42.8866429,1129.377346,1115.067095,2258.754693,2,3349549
88903911,2026-07-30T02:21:50.3107104,1129.287253,1125.377436,2258.574506,2,5716504
88892729,2026-07-30T00:41:34.2560959,1129.268923,1125.662206,2258.537846,2,3622953
89049170,2026-07-30T23:52:36.6224900,1129.112163,1112.640318,2258.224325,2,3940229
89031199,2026-07-30T21:16:43.2057849,1129.089657,1108.681486,2258.179314,2,8103985
88891728,2026-07-30T00:33:32.3332075,1129.004768,1121.570270,2258.009536,2,7397633
89033975,2026-07-30T21:43:31.9189338,1128.970574,1107.306413,2257.941148,2,4389961
89033062,2026-07-30T21:35:32.3854072,1128.891926,1110.492874,2257.783851,2,6747200
88905598,2026-07-30T02:37:47.9765505,1128.867103,1099.452144,2257.734207,2,4640810
89038089,2026-07-30T22:20:01.5104148,1128.860555,1107.712940,2257.721111,2,5304813
88924418,2026-07-30T05:22:12.7777400,1128.796351,1092.383399,2257.592701,2,5432675
89049697,2026-07-30T23:56:35.6068017,1128.792402,1103.080847,2257.584805,2,4233377
88888431,2026-07-30T00:05:26.3499892,1128.746747,1102.209941,2257.493495,2,6150089
88949584,2026-07-30T09:02:13.9512454,1128.600926,1076.777617,2257.201851,2,5840875
88945737,2026-07-30T08:30:11.3313585,1128.555967,1079.706222,2257.111933,2,6065290
88925653,2026-07-30T05:34:15.0841092,1128.532411,1119.806410,2257.064822,2,5431483
88924684,2026-07-30T05:26:14.2599236,1128.485254,1060.853417,2256.970508,2,1812634
89033538,2026-07-30T21:39:31.7357952,1128.476996,1095.356304,2256.953991,2,3162565
88895151,2026-07-30T01:05:31.0268962,1128.453264,1126.162500,2256.906529,2,3194683
89044141,2026-07-30T23:12:31.9244168,1128.399639,1101.317797,2256.799279,2,3656068
88892598,2026-07-30T00:41:34.0514457,1128.292197,1095.642483,2256.584395,2,7148680
89024558,2026-07-30T20:16:43.4842122,1128.266818,1106.297147,2256.533636,2,5687827
88908765,2026-07-30T03:05:48.5481199,1128.240287,1075.669482,2256.480573,2,5364792
89040836,2026-07-30T22:44:01.8039362,1128.224398,1087.459937,2256.448795,2,3798082
89034417,2026-07-30T21:47:31.7915708,1128.193159,1123.941711,2256.386319,2,6403056
88901703,2026-07-30T02:01:48.6283674,1128.156575,1123.638976,2256.313151,2,6870109
88958868,2026-07-30T10:26:07.9412573,1128.150563,1082.578665,2256.301126,2,4045447
89042665,2026-07-30T23:00:33.4815232,1128.133064,1102.094051,2256.266127,2,3404693
89048682,2026-07-30T23:48:36.2763471,1128.132630,1105.452509,2256.265259,2,3923809
88961840,2026-07-30T10:50:10.5173567,1128.034850,1112.711513,2256.069700,2,1870018
89022683,2026-07-30T20:00:46.1061050,1128.012752,1096.362015,2256.025503,2,3869855
88903347,2026-07-30T02:17:47.7399125,1127.981259,1123.862138,2255.962518,2,4220814
89002646,2026-07-30T16:53:27.2011540,1127.944227,1114.664995,2255.888455,2,5442237
89043138,2026-07-30T23:04:35.5787665,1127.938230,1123.021279,2255.876460,2,6258795
89030753,2026-07-30T21:12:42.7184072,1127.908743,1065.637262,2255.817486,2,3631667
88894359,2026-07-30T00:57:29.7142569,1127.884126,1079.994072,2255.768252,2,5912836
89004785,2026-07-30T17:13:26.8673620,1127.870188,1099.220460,2255.740376,2,7342677
88942264,2026-07-30T07:58:08.4459878,1127.832165,1079.438159,2255.664331,2,3968796
89045086,2026-07-30T23:20:33.6769070,1127.747197,1098.384302,2255.494393,2,4625263
89047099,2026-07-30T23:36:32.9814060,1127.702419,1117.905083,2255.404837,2,6246772
89044113,2026-07-30T23:12:31.8896399,1127.655265,1107.387956,2255.310529,2,6521065
89004326,2026-07-30T17:09:28.1256898,1127.521555,1113.713954,2255.043110,2,6141392
89032166,2026-07-30T21:27:41.3759814,1127.503767,1105.420720,2255.007535,2,7482834
88888454,2026-07-30T00:05:26.3751479,1127.486196,1093.316881,2254.972393,2,4230086
88931267,2026-07-30T06:22:12.9711520,1127.484390,1105.957971,2254.968779,2,6067732
89047079,2026-07-30T23:36:32.9231157,1127.366770,1101.452659,2254.733540,2,7005856
88893545,2026-07-30T00:49:32.8413263,1127.365016,1115.071432,2254.730031,2,4970975
88893126,2026-07-30T00:45:30.3295321,1127.362951,1124.516099,2254.725902,2,4035923
88900205,2026-07-30T01:49:49.4600731,1127.322155,1124.811506,2254.644310,2,5991211
89024895,2026-07-30T20:20:44.5966269,1127.246794,1103.066429,2254.493589,2,3679103
88895425,2026-07-30T01:05:32.0491987,1127.240665,1111.357878,2254.481331,2,4946036
88893057,2026-07-30T00:45:30.2310408,1127.156470,1115.743566,2254.312939,2,5621270
89031236,2026-07-30T21:16:43.2950784,1127.141200,1113.663760,2254.282401,2,2932285
89045114,2026-07-30T23:20:33.7085853,1127.131891,1099.085903,2254.263782,2,5342504
89035638,2026-07-30T22:00:01.1520093,1127.127047,1097.906351,2254.254095,2,6345719
89023646,2026-07-30T20:08:44.0862036,1127.113733,1112.636395,2254.227466,2,6376159
88895324,2026-07-30T01:05:31.7808018,1127.101377,1066.446598,2254.202753,2,5286070
89037162,2026-07-30T22:12:01.6729067,1127.044572,1101.512136,2254.089145,2,6384306
88981329,2026-07-30T13:42:07.9655371,1126.930802,1112.430831,2253.861604,2,5688368
89032137,2026-07-30T21:27:41.3001414,1126.919744,1115.336679,2253.839488,2,4028991
88893516,2026-07-30T00:49:32.7185798,1126.914570,1119.342140,2253.829139,2,6599835
89039472,2026-07-30T22:32:01.7101612,1126.767933,1124.184355,2253.535865,2,4119097
89033498,2026-07-30T21:39:31.6851230,1126.678383,1110.716416,2253.356765,2,4944849
88891331,2026-07-30T00:29:33.2229805,1126.646807,1113.382249,2253.293613,2,6259944
89030269,2026-07-30T21:08:43.7972961,1126.633491,1101.998526,2253.266982,2,4944887
89035336,2026-07-30T21:55:31.4030478,1126.546967,1112.657108,2253.093935,2,4890116
88967770,2026-07-30T11:42:06.9159824,1126.506109,1116.814122,2253.012218,2,4735652
89041766,2026-07-30T22:52:32.5820019,1126.495322,1112.223551,2252.990644,2,6408169
88957933,2026-07-30T10:18:07.5781409,1126.309916,1098.130437,2252.619832,2,4372947
88918508,2026-07-30T04:29:50.0261581,1126.279625,1086.407796,2252.559251,2,6508840
88930360,2026-07-30T06:14:14.8067827,1126.249002,1099.696970,2252.498004,2,6162824
88891243,2026-07-30T00:29:32.9609411,1126.241806,1125.756300,2252.483613,2,4747986
88944751,2026-07-30T08:22:07.8295790,1126.225809,1123.773772,2252.451618,2,3548451
89007482,2026-07-30T17:40:54.2526261,1126.222156,1113.330122,2252.444311,2,3322820
88895892,2026-07-30T01:09:34.1325288,1126.186468,1111.850971,2252.372937,2,5226404
89040841,2026-07-30T22:44:01.8154298,1126.166807,1125.332595,2252.333615,2,809583
89028454,2026-07-30T20:52:43.5159021,1126.164129,1078.320267,2252.328257,2,5186703
89033051,2026-07-30T21:35:32.3294311,1126.153333,1112.892900,2252.306666,2,6603002
88907019,2026-07-30T02:49:50.7340473,1126.066117,1103.836023,2252.132233,2,5550984
89045586,2026-07-30T23:24:35.2829255,1125.979560,1104.978492,2251.959120,2,5029434
88991986,2026-07-30T15:17:23.4146223,1125.909416,1095.874994,2251.818831,2,5312156
89005525,2026-07-30T17:17:27.2036339,1125.891307,1118.213195,2251.782614,2,4980085
88963155,2026-07-30T11:02:08.4776191,1125.877349,1124.925560,2251.754697,2,3277872
88960298,2026-07-30T10:38:08.4915907,1125.854615,1076.700665,2251.709230,2,4539387
88923319,2026-07-30T05:14:12.2100699,1125.844985,1094.927433,2251.689969,2,6212402
88891830,2026-07-30T00:33:32.4746044,1125.801743,1106.095467,2251.603486,2,7896603
89030303,2026-07-30T21:08:43.8810909,1125.746979,1112.628966,2251.493958,2,4510927
88967588,2026-07-30T11:42:06.6353613,1125.743593,1116.070003,2251.487187,2,2597664
89041780,2026-07-30T22:52:32.5971287,1125.695754,1103.579003,2251.391508,2,6629759
88927027,2026-07-30T05:46:15.4036440,1125.617754,1123.059002,2251.235508,2,5183340
89031220,2026-07-30T21:16:43.2634870,1125.562442,1109.556188,2251.124885,2,5133475
88893063,2026-07-30T00:45:30.2363681,1125.554487,1110.756623,2251.108975,2,6039048
89048668,2026-07-30T23:48:36.2229523,1125.526364,1089.894397,2251.052728,2,3699845
88999912,2026-07-30T16:29:24.2136755,1125.438684,1114.029904,2250.877367,2,3805254
89032481,2026-07-30T21:31:31.5172831,1125.429064,1106.331617,2250.858128,2,6665409
89049671,2026-07-30T23:56:35.5807909,1125.410354,1110.125592,2250.820707,2,3210002
88971706,2026-07-30T12:18:07.0163741,1125.365175,1106.480279,2250.730350,2,5321959
89029845,2026-07-30T21:04:43.6025990,1125.341309,1114.855503,2250.682618,2,3510929
88894903,2026-07-30T01:01:29.3261252,1125.340147,1107.775096,2250.680293,2,5799012
88918010,2026-07-30T04:25:48.8336321,1125.313417,1073.046691,2250.626833,2,5848711
89039023,2026-07-30T22:28:01.3217677,1125.307046,1107.014822,2250.614091,2,7382117
88894034,2026-07-30T00:53:31.2541496,1125.278084,1115.044044,2250.556168,2,5196047
89041307,2026-07-30T22:48:33.4196057,1125.236851,1119.082630,2250.473702,2,4560495
89044603,2026-07-30T23:16:31.5329659,1125.208601,1105.303198,2250.417201,2,4218011
88892181,2026-07-30T00:37:30.8684116,1124.812121,1102.200991,2249.624242,2,4093707
89026238,2026-07-30T20:32:45.8943821,1124.730143,1096.668698,2249.460286,2,3373442
88963201,2026-07-30T11:02:08.5444987,1124.700253,1105.513750,2249.400505,2,4845929
89032987,2026-07-30T21:35:32.2188725,1124.691895,1092.416595,2249.383790,2,6306727
88969556,2026-07-30T11:58:07.0446518,1124.653912,1078.394622,2249.307824,2,5846511
88974620,2026-07-30T12:42:08.7111374,1124.650831,1092.324806,2249.301663,2,4570761
89049669,2026-07-30T23:56:35.5787652,1124.617236,1116.928526,2249.234473,2,5780748
88942691,2026-07-30T08:02:09.9591193,1124.609937,1060.919005,2249.219874,2,6532624
88982336,2026-07-30T13:50:10.9529844,1124.415368,1121.366407,2248.830736,2,5715598
89049676,2026-07-30T23:56:35.5867002,1124.393257,1123.859975,2248.786514,2,5194013
89039917,2026-07-30T22:36:02.1174758,1124.375401,1076.579912,2248.750803,2,6443592
88931818,2026-07-30T06:26:12.5132677,1124.354818,1110.650010,2248.709637,2,4792481
89029842,2026-07-30T21:04:43.5972075,1124.317641,1115.368393,2248.635283,2,4672369
89039007,2026-07-30T22:28:01.2949737,1124.306914,1102.289944,2248.613827,2,4556603
89039456,2026-07-30T22:32:01.6851218,1124.231417,1079.424504,2248.462834,2,3110647
89038100,2026-07-30T22:20:01.5277039,1124.214904,1090.345070,2248.429807,2,1260249
89048164,2026-07-30T23:44:32.5217629,1124.147993,1090.627934,2248.295986,2,5955332
89027574,2026-07-30T20:44:44.0153076,1124.146953,1086.756605,2248.293905,2,4518508
88890757,2026-07-30T00:25:33.9646207,1124.130273,1090.584400,2248.260545,2,6448644
89037182,2026-07-30T22:12:01.7105515,1124.077224,1082.582434,2248.154447,2,4161156
88904873,2026-07-30T02:29:50.1115204,1124.067979,1116.674799,2248.135959,2,4719258
89049694,2026-07-30T23:56:35.6087765,1124.028380,1100.025878,2248.056760,2,4226150
89049668,2026-07-30T23:56:35.5782298,1124.025235,1098.659286,2248.050470,2,3284248
88893976,2026-07-30T00:53:31.1444220,1123.933674,1063.071007,2247.867348,2,8241801
88901546,2026-07-30T02:01:47.8573489,1123.889392,1094.558652,2247.778784,2,4910539
88888918,2026-07-30T00:09:27.4559848,1123.841918,1093.378257,2247.683837,2,5568168
88957004,2026-07-30T10:10:10.6486102,1123.770952,1078.846550,2247.541904,2,5378496
88887938,2026-07-30T00:01:26.0220135,1123.767903,1118.916525,2247.535807,2,3840187
89043601,2026-07-30T23:08:33.5195026,1123.724365,1096.980782,2247.448730,2,3229916
89036247,2026-07-30T22:04:01.8398837,1123.720087,1102.413829,2247.440175,2,5565731
88895789,2026-07-30T01:09:33.7370574,1123.693828,1107.264127,2247.387657,2,5441931
89028461,2026-07-30T20:52:43.5243332,1123.666582,1110.176333,2247.333163,2,6015356
88921361,2026-07-30T04:54:12.4014930,1123.635571,1123.601315,2247.271141,2,5226658
88963967,2026-07-30T11:10:13.2640688,1123.608210,1072.197719,2247.216420,2,6345286
89040842,2026-07-30T22:44:01.8154080,1123.542943,1094.399461,2247.085886,2,6116631
88889262,2026-07-30T00:13:28.2621657,1123.530090,1060.020794,2247.060180,2,4351955
89028409,2026-07-30T20:52:43.4293308,1123.503874,1096.251889,2247.007749,2,6150267
88962201,2026-07-30T10:54:07.7257514,1123.501758,1088.278637,2247.003515,2,5119004
88895343,2026-07-30T01:05:31.8291308,1123.498485,1110.753187,2246.996970,2,4431563
89039425,2026-07-30T22:32:01.6225696,1123.473510,1094.181987,2246.947020,2,6605292
88968221,2026-07-30T11:46:06.6447173,1123.349403,1080.513581,2246.698805,2,3350702
88971442,2026-07-30T12:14:07.3443379,1123.292531,1086.508100,2246.585062,2,8046675
88898118,2026-07-30T01:29:44.7536457,1123.282583,1092.810812,2246.565167,2,4919789
88888931,2026-07-30T00:09:27.4701261,1123.263887,1115.675677,2246.527774,2,3413831
89024459,2026-07-30T20:16:43.2993638,1123.262521,1094.343906,2246.525042,2,5187129
88963497,2026-07-30T11:06:08.0364788,1123.254852,1075.227791,2246.509705,2,5840372
89015156,2026-07-30T18:51:57.8951252,1123.226501,1106.804226,2246.453001,2,2185670
89038557,2026-07-30T22:24:02.1829858,1123.187074,1095.195817,2246.374148,2,4769217
89031217,2026-07-30T21:16:43.2337623,1123.163597,1101.775036,2246.327195,2,6974234
88995824,2026-07-30T15:53:23.4457531,1123.102466,1111.842471,2246.204932,2,6544139
88888439,2026-07-30T00:05:26.3592627,1123.024017,1122.599829,2246.048034,2,4550735
88962075,2026-07-30T10:54:07.5178944,1123.018258,1102.781868,2246.036516,2,4799211
89028512,2026-07-30T20:52:43.6041951,1122.992731,1121.029287,2245.985463,2,5984325
88991980,2026-07-30T15:17:23.4090008,1122.958477,1078.657344,2245.916954,2,4009122
89033951,2026-07-30T21:43:31.8909009,1122.956496,1092.049080,2245.912993,2,3618857
88898858,2026-07-30T01:37:49.2651668,1122.912491,1117.000495,2245.824981,2,6941933
89026672,2026-07-30T20:36:44.2702720,1122.870791,1104.354001,2245.741581,2,6738880
88910738,2026-07-30T03:21:47.5704904,1122.808854,1075.152671,2245.617708,2,4845590
89033952,2026-07-30T21:43:31.8928839,1122.790864,1103.542974,2245.581729,2,5003808
89039926,2026-07-30T22:36:02.1262281,1122.636487,1118.316084,2245.272973,2,4161004
88971774,2026-07-30T12:18:07.4261515,1122.585006,1110.628336,2245.170012,2,6604441
89031676,2026-07-30T21:23:28.9198299,1122.512492,1096.680329,2245.024985,2,6630544
89042219,2026-07-30T22:56:34.7777753,1122.486742,1112.545604,2244.973484,2,6793495
88888426,2026-07-30T00:05:26.3452384,1122.459071,1062.348102,2244.918141,2,3782301
89046087,2026-07-30T23:28:32.2786470,1122.437594,1103.223211,2244.875188,2,7459018
89043128,2026-07-30T23:04:35.5758060,1122.428441,1098.152810,2244.856882,2,6952622
89037647,2026-07-30T22:16:01.5187767,1122.420998,1099.679932,2244.841996,2,6608865
88894382,2026-07-30T00:57:29.7440637,1122.411050,1120.648575,2244.822100,2,10339134
89046095,2026-07-30T23:28:32.2837455,1122.309094,1121.740743,2244.618188,2,4064185
88977762,2026-07-30T13:10:10.2289529,1122.225634,1095.857239,2244.451268,2,4935110
89035788,2026-07-30T22:00:01.4175768,1122.183379,1108.641258,2244.366759,2,6616075
88982169,2026-07-30T13:50:09.8469848,1122.173657,1117.251511,2244.347314,2,4645510
88897191,2026-07-30T01:21:33.3531807,1122.152730,1101.825392,2244.305461,2,5143341
89020801,2026-07-30T19:39:57.9819377,1122.140682,1092.074002,2244.281365,2,4559775
89048179,2026-07-30T23:44:32.5365617,1122.104431,1110.923584,2244.208863,2,4061447
89028660,2026-07-30T20:52:43.8834182,1122.046412,1102.929445,2244.092823,2,6108539
88921290,2026-07-30T04:54:12.2732186,1121.995115,1079.099415,2243.990230,2,2645994
89028457,2026-07-30T20:52:43.5180327,1121.985003,1079.509322,2243.970006,2,4813582
89034857,2026-07-30T21:51:31.5834887,1121.974647,1066.867243,2243.949293,2,4195241
89045090,2026-07-30T23:20:33.6781012,1121.968346,1098.295367,2243.936692,2,5717590
89030744,2026-07-30T21:12:42.7022196,1121.803430,1098.363078,2243.606860,2,4908070
89040273,2026-07-30T22:40:01.3788566,1121.785281,1108.871878,2243.570561,2,7325054
89023609,2026-07-30T20:08:44.0083762,1121.766856,1094.536760,2243.533712,2,5373467
89027983,2026-07-30T20:48:45.1277846,1121.692491,1063.182666,2243.384981,2,3260595
89038095,2026-07-30T22:20:01.5193085,1121.665329,1072.467955,2243.330659,2,2610318
89047046,2026-07-30T23:36:32.8961750,1121.654598,1091.096031,2243.309196,2,4582420
89037192,2026-07-30T22:12:01.7228936,1121.495471,1119.719398,2242.990943,2,7459977
88902018,2026-07-30T02:05:48.0098931,1121.460960,1073.048952,2242.921921,2,5476283
88941696,2026-07-30T07:54:08.0269608,1121.435814,1070.324714,2242.871628,2,4011902
88947666,2026-07-30T08:46:13.7499971,1121.435144,1121.203538,2242.870287,2,7731196
89047605,2026-07-30T23:40:33.7144071,1121.426965,1107.354300,2242.853930,2,3511057
89037190,2026-07-30T22:12:01.7224360,1121.415716,1101.275275,2242.831432,2,5078575
89023154,2026-07-30T20:04:46.5080212,1121.411814,1084.662924,2242.823628,2,4653361
89029889,2026-07-30T21:04:43.6801564,1121.303846,1111.070281,2242.607693,2,4592733
89045597,2026-07-30T23:24:35.2963301,1121.293826,1118.556333,2242.587653,2,3534863
88946117,2026-07-30T08:34:07.8627986,1121.223950,1117.460563,2242.447900,2,4275946
89049677,2026-07-30T23:56:35.5893631,1121.143755,1111.611364,2242.287511,2,8446918
89037984,2026-07-30T22:20:01.3116337,1121.066418,1088.334602,2242.132835,2,6425102
89037204,2026-07-30T22:12:01.7728997,1121.019528,1104.456464,2242.039056,2,5527560
88894024,2026-07-30T00:53:31.2423240,1121.017067,1117.173851,2242.034134,2,4085977
88936651,2026-07-30T07:10:19.5076403,1121.010039,1109.474900,2242.020079,2,1491068
89041310,2026-07-30T22:48:33.4238100,1120.947730,1120.016555,2241.895460,2,5410108
88941858,2026-07-30T07:54:08.3475917,1120.936188,1075.641812,2241.872377,2,5391235
89036715,2026-07-30T22:08:01.5770694,1120.904615,1095.397426,2241.809231,2,6191825
88910405,2026-07-30T03:17:48.3188362,1120.883092,1105.959150,2241.766184,2,4795605
89032134,2026-07-30T21:27:41.2836229,1120.880189,1115.589403,2241.760379,2,6547397
89000463,2026-07-30T16:33:27.2403287,1120.836339,1099.580356,2241.672678,2,3444631
88915917,2026-07-30T04:05:50.9769964,1120.826293,1107.665055,2241.652586,2,4171160
89040853,2026-07-30T22:44:01.8314167,1120.768183,1119.272816,2241.536366,2,2695461
89033495,2026-07-30T21:39:31.6818904,1120.763185,1081.899369,2241.526371,2,4229697
88888929,2026-07-30T00:09:27.4680701,1120.733162,1117.428393,2241.466323,2,4239450
89033961,2026-07-30T21:43:31.9067188,1120.698656,1117.601941,2241.397311,2,3027878
89039471,2026-07-30T22:32:01.7097929,1120.683071,1112.625182,2241.366142,2,5476922
89023771,2026-07-30T20:12:43.9154042,1120.523808,1088.282127,2241.047617,2,2696124
89032158,2026-07-30T21:27:41.3228075,1120.469155,1101.103867,2240.938310,2,6306369
89046090,2026-07-30T23:28:32.2797353,1120.464487,1116.181596,2240.928973,2,2274246
88959517,2026-07-30T10:30:11.9687885,1120.407304,1068.121552,2240.814609,2,2379395
88904722,2026-07-30T02:29:49.7860896,1120.391811,1087.023193,2240.783621,2,4223836
89046593,2026-07-30T23:32:34.9761173,1120.306389,1119.855470,2240.612778,2,4300919
89003415,2026-07-30T17:01:27.9005491,1120.275803,1076.702530,2240.551605,2,2485816
89028906,2026-07-30T20:56:46.0075273,1120.271197,1091.070492,2240.542394,2,7379979
89029116,2026-07-30T20:56:46.3848877,1120.249861,1108.005706,2240.499723,2,6449138
88948954,2026-07-30T08:58:15.7259744,1120.244273,1114.529053,2240.488546,2,6778676
88890267,2026-07-30T00:21:33.9789105,1120.211022,1091.102618,2240.422043,2,4308524
89033543,2026-07-30T21:39:31.7758805,1120.198689,1101.887872,2240.397378,2,4636604
88988097,2026-07-30T14:45:22.8530439,1120.026555,1108.469578,2240.053111,2,4484644
88896790,2026-07-30T01:17:31.6136270,1120.000858,1096.455980,2240.001716,2,6891638
88972753,2026-07-30T12:26:06.4477561,1119.985815,1072.110590,2239.971631,2,3429272
89042211,2026-07-30T22:56:34.7450387,1119.964706,1119.479171,2239.929411,2,4808477
88891774,2026-07-30T00:33:32.4151221,1119.833895,1090.477369,2239.667789,2,4487385
88978052,2026-07-30T13:14:07.8751327,1119.813722,1085.542638,2239.627445,2,4692933
88965406,2026-07-30T11:22:08.4205599,1119.813713,1056.559113,2239.627426,2,2894154
89012246,2026-07-30T18:23:58.2898568,1119.762661,1072.628239,2239.525322,2,4934787
89031678,2026-07-30T21:23:28.9245486,1119.635795,1097.847801,2239.271590,2,996405
88891252,2026-07-30T00:29:33.0165668,1119.617104,1090.588148,2239.234207,2,2715378
89029911,2026-07-30T21:04:43.7108917,1119.561892,1103.367465,2239.123785,2,5733933
88893559,2026-07-30T00:49:32.8800860,1119.542195,1103.707257,2239.084390,2,4452879
88909845,2026-07-30T03:13:48.3421200,1119.459707,1090.345227,2238.919414,2,7540250
89046091,2026-07-30T23:28:32.2823881,1119.444354,1114.672694,2238.888709,2,6981443
89048679,2026-07-30T23:48:36.2699184,1119.349195,1106.953791,2238.698389,2,4261706
88893015,2026-07-30T00:45:30.1276596,1119.344000,1096.239844,2238.687999,2,4507191
88924107,2026-07-30T05:18:13.1362009,1119.322447,1099.284273,2238.644893,2,4875456
89042684,2026-07-30T23:00:33.4994551,1119.272307,1113.405316,2238.544615,2,6592196
88910238,2026-07-30T03:17:47.9249249,1119.238590,1056.967486,2238.477180,2,5229401
89045591,2026-07-30T23:24:35.2882080,1119.207333,1117.734465,2238.414666,2,4434396
89038116,2026-07-30T22:20:01.5785334,1119.183562,1114.799864,2238.367124,2,4523502
89026339,2026-07-30T20:32:46.1353817,1119.117998,1106.472878,2238.235996,2,2866858
89034916,2026-07-30T21:51:31.6894846,1119.009406,1087.177353,2238.018812,2,5503903
88894022,2026-07-30T00:53:31.2392742,1119.005517,1093.759925,2238.011034,2,3272500
89015788,2026-07-30T18:55:59.0714449,1118.993900,1100.283217,2237.987800,2,6856366
89046082,2026-07-30T23:28:32.2754820,1118.984912,1113.750178,2237.969825,2,3801406
89014717,2026-07-30T18:47:57.8988531,1118.965881,1109.203670,2237.931761,2,4289727
89035329,2026-07-30T21:55:31.4047529,1118.784023,1095.416338,2237.568047,2,3503217
89036719,2026-07-30T22:08:01.5850056,1118.769182,1108.277371,2237.538364,2,5356172
88894067,2026-07-30T00:53:31.3191240,1118.752948,1093.347608,2237.505895,2,3755678
89038115,2026-07-30T22:20:01.5749393,1118.691683,1118.088327,2237.383366,2,6685629
89025788,2026-07-30T20:28:46.3055094,1118.635209,1099.981632,2237.270417,2,5782572
88893522,2026-07-30T00:49:32.7322474,1118.578634,1091.853587,2237.157268,2,3584117
88890263,2026-07-30T00:21:33.9729644,1118.577851,1086.442196,2237.155702,2,3937937
88993979,2026-07-30T15:37:24.5002173,1118.554522,1109.098484,2237.109045,2,5136999
89040387,2026-07-30T22:40:01.6043734,1118.546098,1105.916751,2237.092195,2,3224638
89006766,2026-07-30T17:32:56.6569558,1118.476033,1108.388309,2236.952067,2,3592337
88987160,2026-07-30T14:37:22.9650231,1118.455591,1103.092081,2236.911182,2,4709896
88895846,2026-07-30T01:09:34.0403223,1118.452339,1103.513297,2236.904678,2,6445974
89033044,2026-07-30T21:35:32.3238567,1118.444026,1080.654375,2236.888052,2,566229
89031224,2026-07-30T21:16:43.2687212,1118.410443,1106.309530,2236.820885,2,4230261
88913548,2026-07-30T03:45:50.4287946,1118.335446,1050.572249,2236.670891,2,5300387
89039920,2026-07-30T22:36:02.1208621,1118.296270,1083.620759,2236.592540,2,6099617
88965035,2026-07-30T11:18:09.1102423,1118.268779,1067.539346,2236.537558,2,4544660
89030940,2026-07-30T21:12:43.1349559,1118.254217,1088.298259,2236.508435,2,5762084
89043604,2026-07-30T23:08:33.5155247,1118.246745,1079.149662,2236.493491,2,5101646
88924694,2026-07-30T05:26:14.3000304,1118.185205,1089.489551,2236.370410,2,7680916
89033969,2026-07-30T21:43:31.9150136,1118.098640,1112.741410,2236.197280,2,7669808
89038556,2026-07-30T22:24:02.1784803,1118.033575,1074.720321,2236.067150,2,4684718
89016543,2026-07-30T19:03:57.7549006,1118.007919,1093.235620,2236.015837,2,5495497
88891702,2026-07-30T00:33:32.2611842,1117.981750,1109.662074,2235.963499,2,6965826
88973694,2026-07-30T12:34:06.5470140,1117.920576,1072.606480,2235.841151,2,2060697
89037651,2026-07-30T22:16:01.5256732,1117.709981,1111.274942,2235.419962,2,4639283
89034371,2026-07-30T21:47:31.6948413,1117.697945,1088.920388,2235.395889,2,4908040
88959523,2026-07-30T10:30:12.0187862,1117.661264,1097.403487,2235.322527,2,3415368
88899034,2026-07-30T01:37:49.8604892,1117.642327,1086.058686,2235.284654,2,4977030
88893172,2026-07-30T00:45:30.3708311,1117.613825,1105.588479,2235.227650,2,3699610
88970406,2026-07-30T12:06:07.0534871,1117.548088,1050.966761,2235.096175,2,4238625
89013232,2026-07-30T18:31:58.0567626,1117.528858,1113.546485,2235.057716,2,4055817
88887937,2026-07-30T00:01:26.0213235,1117.517402,1112.345223,2235.034805,2,4237346
89034874,2026-07-30T21:51:31.6057306,1117.454437,1111.975814,2234.908873,2,4126320
89039008,2026-07-30T22:28:01.2970689,1117.449766,1089.377708,2234.899532,2,5929831
89028042,2026-07-30T20:48:45.1919082,1117.428516,1100.283546,2234.857033,2,4285144
88910634,2026-07-30T03:21:47.3223296,1117.350846,1056.661447,2234.701693,2,4521034
89030778,2026-07-30T21:12:42.7876728,1117.311943,1112.647727,2234.623887,2,4163806
88972096,2026-07-30T12:22:06.4000899,1117.299979,1055.913385,2234.599959,2,6880158
89042672,2026-07-30T23:00:33.4864726,1117.234634,1098.019550,2234.469267,2,4988670
88996713,2026-07-30T16:01:23.0697652,1117.218035,1104.841895,2234.436070,2,3929272
89047599,2026-07-30T23:40:33.7039112,1117.185572,1069.485957,2234.371143,2,4307984
89040384,2026-07-30T22:40:01.5960098,1117.166052,1100.316786,2234.332104,2,5171180
89046099,2026-07-30T23:28:32.2862832,1117.131344,1107.863691,2234.262688,2,5201543
89044114,2026-07-30T23:12:31.8910071,1117.125438,1085.523786,2234.250877,2,4993177
89038900,2026-07-30T22:28:01.1058450,1117.103900,1105.605448,2234.207801,2,3461312
88947016,2026-07-30T08:42:10.6374675,1117.103565,1100.322438,2234.207129,2,5573581
89032599,2026-07-30T21:31:31.7760459,1117.079397,1109.509395,2234.158795,2,3003039
89039931,2026-07-30T22:36:02.1318126,1117.073429,1109.451138,2234.146858,2,4895039
89024502,2026-07-30T20:16:43.3747056,1117.065979,1085.770216,2234.131958,2,6560191
89023581,2026-07-30T20:08:43.9416206,1117.029856,1088.042448,2234.059712,2,1982881
88892636,2026-07-30T00:41:34.1278952,1116.969464,1113.936496,2233.938927,2,6287234
88966334,2026-07-30T11:30:10.3787882,1116.947235,1064.727866,2233.894471,2,4845148
89037198,2026-07-30T22:12:01.7328431,1116.947017,1111.914852,2233.894034,2,6751374
89041314,2026-07-30T22:48:33.4275272,1116.940064,1116.614538,2233.880127,2,958937
89049663,2026-07-30T23:56:35.5766904,1116.933235,1076.783536,2233.866471,2,3320561
89044117,2026-07-30T23:12:31.8945593,1116.892624,1107.358386,2233.785249,2,2760103
89027539,2026-07-30T20:44:43.9792043,1116.874386,1102.118633,2233.748772,2,5490155
89033039,2026-07-30T21:35:32.3180416,1116.861546,1067.669886,2233.723092,2,6645398
89030874,2026-07-30T21:12:42.9740611,1116.853678,1101.460523,2233.707355,2,8079225
88976912,2026-07-30T13:02:08.2266003,1116.830197,1069.534170,2233.660393,2,3577494
88969394,2026-07-30T11:58:06.6758430,1116.814428,1060.208262,2233.628856,2,3434660
88920755,2026-07-30T04:50:18.1145675,1116.759905,1054.469435,2233.519811,2,2472279
89024897,2026-07-30T20:20:44.5988842,1116.744221,1085.974274,2233.488442,2,4340626
88971119,2026-07-30T12:14:06.3399861,1116.708280,1106.139083,2233.416561,2,3496870
88894902,2026-07-30T01:01:29.3252469,1116.694575,1090.239717,2233.389150,2,4946182
89047602,2026-07-30T23:40:33.7118243,1116.527940,1091.730994,2233.055879,2,3089569
88959960,2026-07-30T10:34:16.4197007,1116.526745,1065.334325,2233.053491,2,5195447
89046089,2026-07-30T23:28:32.2785503,1116.511110,1081.084567,2233.022220,2,5370220
89035782,2026-07-30T22:00:01.4062746,1116.483968,1087.133634,2232.967936,2,3534345
89049674,2026-07-30T23:56:35.5841197,1116.482014,1102.121702,2232.964028,2,3686816
89008879,2026-07-30T17:56:29.7056406,1116.455782,1112.230098,2232.911563,2,6306190
88947678,2026-07-30T08:46:13.7616539,1116.452812,1090.227428,2232.905624,2,4198020
88944342,2026-07-30T08:18:07.3677539,1116.451166,1116.217476,2232.902332,2,5264127
89036249,2026-07-30T22:04:01.8720732,1116.322101,1098.369600,2232.644201,2,4197223
89040386,2026-07-30T22:40:01.5973528,1116.248186,1109.177448,2232.496373,2,5068711
89039098,2026-07-30T22:28:01.4825749,1116.240552,1072.227472,2232.481104,2,2739722
89049690,2026-07-30T23:56:35.6014204,1116.209266,1110.464851,2232.418533,2,349829
88887950,2026-07-30T00:01:26.0324388,1116.073177,1091.077289,2232.146355,2,5151886
89026658,2026-07-30T20:36:44.2170181,1116.054882,1086.685528,2232.109764,2,6101448
88935595,2026-07-30T07:02:12.3444879,1116.046899,1098.078437,2232.093798,2,1603582
89041277,2026-07-30T22:48:33.3774483,1116.043730,1080.988639,2232.087459,2,6519282
89047610,2026-07-30T23:40:33.7176086,1115.969836,1109.606542,2231.939673,2,3234503
88893955,2026-07-30T00:53:31.1156402,1115.953684,1110.582414,2231.907369,2,7307132
89042210,2026-07-30T22:56:34.7709209,1115.948942,1099.995288,2231.897885,2,5987378
88888926,2026-07-30T00:09:27.4644978,1115.945714,1097.026397,2231.891427,2,4586159
89042677,2026-07-30T23:00:33.4919593,1115.944205,1106.333235,2231.888409,2,7444911
88894418,2026-07-30T00:57:29.7663240,1115.856375,1084.968670,2231.712749,2,2581469
89026641,2026-07-30T20:36:44.1947074,1115.799870,1082.603704,2231.599739,2,4731464
89017638,2026-07-30T19:11:58.1623215,1115.791936,1075.659843,2231.583872,2,4753734
88940747,2026-07-30T07:46:07.9690969,1115.722172,1102.538953,2231.444344,2,4235468
89041321,2026-07-30T22:48:33.4329120,1115.628866,1104.374559,2231.257733,2,7012057
89041315,2026-07-30T22:48:33.4274584,1115.563778,1112.088412,2231.127556,2,6041887
89032130,2026-07-30T21:27:41.2778703,1115.519327,1109.332038,2231.038654,2,3548661
89029056,2026-07-30T20:56:46.2639037,1115.513531,1110.004423,2231.027062,2,5482813
88905807,2026-07-30T02:37:48.9473763,1115.499709,1101.821711,2230.999418,2,3307959
89046084,2026-07-30T23:28:32.2760102,1115.493577,1077.408654,2230.987154,2,6484593
88962750,2026-07-30T10:58:08.2557251,1115.456711,1055.427386,2230.913422,2,5112151
89037211,2026-07-30T22:12:01.7878391,1115.394157,1106.484636,2230.788313,2,6116937
89042681,2026-07-30T23:00:33.4952826,1115.339778,1113.679657,2230.679556,2,3708533
89045097,2026-07-30T23:20:33.6906006,1115.313314,1105.250057,2230.626628,2,7108075
89037187,2026-07-30T22:12:01.7167096,1115.295537,1080.658855,2230.591073,2,6268015
88891273,2026-07-30T00:29:33.0710192,1115.247882,1095.917301,2230.495765,2,4398077
89021756,2026-07-30T19:52:44.1981325,1115.217686,1064.980726,2230.435373,2,5121475
88961237,2026-07-30T10:46:08.0258288,1115.187789,1095.253459,2230.375578,2,5413756
89040375,2026-07-30T22:40:01.5848264,1115.181690,1064.711468,2230.363380,2,4885267
89041293,2026-07-30T22:48:33.3854554,1115.136422,1072.157132,2230.272844,2,4796519
88988303,2026-07-30T14:45:23.1599395,1115.134688,1076.113011,2230.269377,2,5832436
89030777,2026-07-30T21:12:42.7876800,1115.121732,1113.110101,2230.243463,2,6079686
89037203,2026-07-30T22:12:01.7414737,1115.086808,1113.785627,2230.173615,2,4876556
89031412,2026-07-30T21:16:43.7077031,1115.084573,1093.706279,2230.169145,2,6263806
88901098,2026-07-30T01:57:48.7645171,1115.053974,1086.483743,2230.107948,2,5202874
88887946,2026-07-30T00:01:26.0288979,1115.051497,1105.980301,2230.102993,2,4285286
89039041,2026-07-30T22:28:01.3762456,1114.965815,1107.206507,2229.931629,2,5523059
88889812,2026-07-30T00:17:32.2157415,1114.887853,1074.539450,2229.775705,2,6053090
89032128,2026-07-30T21:27:41.2743467,1114.885390,1084.095283,2229.770780,2,7399572
89037649,2026-07-30T22:16:01.5211193,1114.878090,1111.255806,2229.756181,2,4681289
89031688,2026-07-30T21:23:28.9735271,1114.864671,1098.793831,2229.729342,2,3457808
88925773,2026-07-30T05:34:15.4528236,1114.857096,1074.014728,2229.714192,2,6954932
88890355,2026-07-30T00:21:34.3344528,1114.826849,1111.747658,2229.653699,2,3529717
88894534,2026-07-30T00:57:30.1690316,1114.802395,1113.585193,2229.604789,2,5785533
88906116,2026-07-30T02:41:47.6826259,1114.696613,1063.760591,2229.393226,2,5595007
89024863,2026-07-30T20:20:44.5650083,1114.681105,1082.161566,2229.362210,2,5659966
89046598,2026-07-30T23:32:34.9790818,1114.651907,1105.288085,2229.303815,2,3122926
89045084,2026-07-30T23:20:33.6765475,1114.650782,1075.203208,2229.301565,2,3661835
89044121,2026-07-30T23:12:31.8971460,1114.574727,1097.570265,2229.149455,2,4202443
89016056,2026-07-30T18:59:59.2044869,1114.562854,1069.847360,2229.125709,2,2999813
89039473,2026-07-30T22:32:01.7101610,1114.546266,1109.721418,2229.092532,2,5633278
89024971,2026-07-30T20:20:44.7111116,1114.542308,1097.265525,2229.084615,2,3759541
89048176,2026-07-30T23:44:32.5372855,1114.504024,1098.812287,2229.008049,2,5379649
89003658,2026-07-30T17:01:28.2646114,1114.499671,1105.530466,2228.999342,2,4018163
88899677,2026-07-30T01:45:48.4590194,1114.458322,1105.734069,2228.916643,2,5157490
89035776,2026-07-30T22:00:01.3991170,1114.428849,1065.151559,2228.857698,2,6406250
88888461,2026-07-30T00:05:26.3852839,1114.372204,1091.354860,2228.744407,2,2225014
89039354,2026-07-30T22:32:01.4873183,1114.356924,1088.609556,2228.713849,2,5476967
89047609,2026-07-30T23:40:33.7155788,1114.349951,1105.885379,2228.699903,2,5615620
88895347,2026-07-30T01:05:31.8409378,1114.327047,1095.607725,2228.654094,2,8371909
89046586,2026-07-30T23:32:34.9287581,1114.281989,1112.916215,2228.563978,2,6582909
89013229,2026-07-30T18:31:58.0500873,1114.227478,1073.380114,2228.454956,2,7446662
88900587,2026-07-30T01:53:48.6308021,1114.149777,1093.647126,2228.299553,2,4512096
89031661,2026-07-30T21:23:28.8947230,1114.053971,1088.386501,2228.107941,2,6088562
89045092,2026-07-30T23:20:33.6820667,1114.005625,1084.976554,2228.011250,2,4724414
89038133,2026-07-30T22:20:01.6005074,1113.963007,1105.875247,2227.926014,2,4773994
89032601,2026-07-30T21:31:31.7764460,1113.944939,1097.621678,2227.889878,2,5717165
88934770,2026-07-30T06:54:12.2004100,1113.937548,1086.697979,2227.875095,2,6459039
89038566,2026-07-30T22:24:02.1907761,1113.927519,1101.576507,2227.855037,2,4255101
88950805,2026-07-30T09:14:19.0234273,1113.851429,1108.280221,2227.702858,2,4942432
88900185,2026-07-30T01:49:49.4164293,1113.794723,1089.604646,2227.589446,2,7372447
89043123,2026-07-30T23:04:35.5417411,1113.772771,1070.121243,2227.545541,2,6829122
89043148,2026-07-30T23:04:35.5871813,1113.766502,1103.743461,2227.533004,2,5497374
89027636,2026-07-30T20:44:44.1087078,1113.727520,1096.952009,2227.455041,2,5580133
89034429,2026-07-30T21:47:31.8092704,1113.715217,1108.281884,2227.430434,2,4777049
88890360,2026-07-30T00:21:34.3430163,1113.688293,1069.827445,2227.376586,2,6038264
89044136,2026-07-30T23:12:31.9194738,1113.641413,1108.586781,2227.282826,2,4009055
89027583,2026-07-30T20:44:44.0268571,1113.577986,1079.079110,2227.155971,2,6835242
89025325,2026-07-30T20:24:45.8202051,1113.565240,1076.483227,2227.130481,2,4916785
89027107,2026-07-30T20:40:43.9663020,1113.542425,1078.162709,2227.084850,2,8339741
88969511,2026-07-30T11:58:06.9622032,1113.481905,1108.102764,2226.963811,2,6818290
88892599,2026-07-30T00:41:34.0538391,1113.456159,1113.015161,2226.912319,2,4317722
89040733,2026-07-30T22:44:01.6207306,1113.437398,1110.728982,2226.874796,2,3072717
88960374,2026-07-30T10:38:08.6262127,1113.422135,1078.369561,2226.844270,2,6175943
89046081,2026-07-30T23:28:32.2725314,1113.404813,1067.860519,2226.809625,2,6298674
89028464,2026-07-30T20:52:43.5277738,1113.375457,1083.102572,2226.750913,2,5460976
88889459,2026-07-30T00:13:28.8246460,1113.345987,1111.992991,2226.691974,2,5617474
88892519,2026-07-30T00:41:33.8905156,1113.334438,1083.489470,2226.668876,2,4215747
88938623,2026-07-30T07:26:08.2242595,1113.333232,1080.557336,2226.666464,2,5946568
88897209,2026-07-30T01:21:33.3799957,1113.241654,1080.859453,2226.483308,2,3997825
88896664,2026-07-30T01:17:31.2388509,1113.241654,1084.448593,2226.483308,2,4467158
89044130,2026-07-30T23:12:31.9094740,1113.232219,1106.930846,2226.464438,2,387301
88890763,2026-07-30T00:25:33.9859844,1113.231787,1086.218879,2226.463575,2,4153143
88888937,2026-07-30T00:09:27.4761386,1113.174275,1112.374625,2226.348551,2,4069273
88969916,2026-07-30T12:02:06.8329517,1113.170294,1061.975042,2226.340587,2,4361400
88901983,2026-07-30T02:05:47.9340304,1113.152004,1107.334822,2226.304007,2,5726977
89046617,2026-07-30T23:32:35.0080516,1113.149555,1071.487963,2226.299111,2,5918451
88965889,2026-07-30T11:26:08.3750193,1113.140577,1077.356010,2226.281154,2,3590643
88934361,2026-07-30T06:50:13.1145628,1113.029583,1089.410528,2226.059167,2,4785344
88903766,2026-07-30T02:21:49.8297532,1112.958590,1082.249817,2225.917181,2,5775395
89046603,2026-07-30T23:32:34.9893079,1112.952120,1105.242578,2225.904241,2,4916478
88923787,2026-07-30T05:18:12.1421031,1112.936237,1095.762437,2225.872474,2,4613286
89018377,2026-07-30T19:20:03.1081126,1112.899101,1106.465199,2225.798203,2,4199762
88994375,2026-07-30T15:41:22.9363227,1112.898139,1072.937899,2225.796278,2,3183154
89039001,2026-07-30T22:28:01.2897474,1112.871660,1071.648557,2225.743320,2,4696532
89037646,2026-07-30T22:16:01.5177415,1112.806056,1081.459557,2225.612111,2,4833631
88979393,2026-07-30T13:26:09.3759485,1112.785567,1082.751706,2225.571134,2,4150151
89037212,2026-07-30T22:12:01.7880227,1112.771600,1110.089715,2225.543199,2,5324246
88974091,2026-07-30T12:38:06.3309762,1112.760489,1064.541615,2225.520977,2,4624948
89036808,2026-07-30T22:08:01.7872876,1112.658359,1085.897842,2225.316717,2,7926540
88968479,2026-07-30T11:50:12.1194245,1112.596677,1108.294989,2225.193353,2,4396233
88889427,2026-07-30T00:13:28.7390325,1112.530574,1057.741981,2225.061148,2,4450404
88982812,2026-07-30T13:54:08.8477056,1112.497623,1063.321218,2224.995246,2,6970369
89023196,2026-07-30T20:04:46.5866741,1112.466269,1066.350600,2224.932538,2,5528403
89035322,2026-07-30T21:55:31.4023674,1112.415757,1094.780297,2224.831513,2,3987149
89044614,2026-07-30T23:16:31.5744187,1112.412087,1102.618066,2224.824174,2,3201393
89022865,2026-07-30T20:04:45.9730940,1112.330279,1082.333009,2224.660557,2,3904474
89035795,2026-07-30T22:00:01.4232482,1112.276199,1111.990540,2224.552398,2,5759022
88898587,2026-07-30T01:33:49.6117068,1112.270612,1065.849013,2224.541225,2,5388459
88894915,2026-07-30T01:01:29.3381389,1112.204668,1108.939852,2224.409336,2,4717319
89034430,2026-07-30T21:47:31.8095355,1112.197570,1103.809528,2224.395140,2,4714928
88998087,2026-07-30T16:13:26.5988406,1112.194723,1100.567613,2224.389446,2,5002399
89008119,2026-07-30T17:44:54.0735506,1112.192715,1102.287231,2224.385430,2,5937603
89026304,2026-07-30T20:32:46.0284396,1112.153237,1093.252008,2224.306473,2,4961273
88935011,2026-07-30T06:54:12.8517304,1112.150393,1083.496559,2224.300787,2,3938808
89034435,2026-07-30T21:47:31.8142474,1112.114064,1111.705000,2224.228129,2,7362090
89031227,2026-07-30T21:16:43.2772104,1112.111456,1111.378389,2224.222912,2,554703
88892172,2026-07-30T00:37:30.8511437,1112.028017,1088.136877,2224.056035,2,4268886
88975433,2026-07-30T12:50:10.1661991,1111.999988,1094.829817,2223.999976,2,3053598
89047071,2026-07-30T23:36:32.9141483,1111.951200,1103.884009,2223.902400,2,3386274
89036726,2026-07-30T22:08:01.5971736,1111.925239,1110.340430,2223.850478,2,6913947
89007216,2026-07-30T17:36:55.9740289,1111.909296,1102.367551,2223.818592,2,3281632
89008376,2026-07-30T17:48:58.1434684,1111.875579,1078.061015,2223.751158,2,7582317
88959093,2026-07-30T10:26:08.2619153,1111.848629,1091.323554,2223.697259,2,4926371
89040845,2026-07-30T22:44:01.8188465,1111.744209,1090.796883,2223.488418,2,3646617
89043614,2026-07-30T23:08:33.5311071,1111.697695,1108.291937,2223.395389,2,3810622
89029837,2026-07-30T21:04:43.5897369,1111.663494,1071.356070,2223.326988,2,2892184
88888432,2026-07-30T00:05:26.3519778,1111.562818,1066.135938,2223.125636,2,7696542
88969840,2026-07-30T12:02:06.7399990,1111.560156,1046.948423,2223.120313,2,3525481
88955680,2026-07-30T09:58:07.4472089,1111.552148,1102.705481,2223.104295,2,1211231
89030828,2026-07-30T21:12:42.8907775,1111.539627,1107.463978,2223.079254,2,6734355
89036739,2026-07-30T22:08:01.6176553,1111.539305,1094.857988,2223.078611,2,4596367
88958886,2026-07-30T10:26:07.9844890,1111.525760,1091.958514,2223.051520,2,3850948
88946844,2026-07-30T08:38:08.6069972,1111.520257,1104.168885,2223.040514,2,7021933
88968997,2026-07-30T11:54:07.0662909,1111.481543,1062.898406,2222.963085,2,3962990
89036264,2026-07-30T22:04:01.8895840,1111.406417,1106.349982,2222.812833,2,5345393
89034428,2026-07-30T21:47:31.8056204,1111.396385,1103.763164,2222.792771,2,6079124
89029377,2026-07-30T21:00:42.8884140,1111.358561,1091.879939,2222.717121,2,4387050
88964514,2026-07-30T11:14:07.9222756,1111.307865,1056.461075,2222.615730,2,4779857
89039939,2026-07-30T22:36:02.1739210,1111.281176,1105.027881,2222.562352,2,5875856
88973550,2026-07-30T12:34:06.3538956,1111.280830,1099.508193,2222.561661,2,4035938
88975814,2026-07-30T12:54:07.7389078,1111.093197,1087.857752,2222.186395,2,2454524
89042214,2026-07-30T22:56:34.7738499,1111.087769,1104.104579,2222.175538,2,2661297
88901083,2026-07-30T01:57:48.7014705,1111.065023,1110.486737,2222.130046,2,5436328
89005478,2026-07-30T17:17:27.1245028,1111.043078,1066.015545,2222.086157,2,4062956
88898543,2026-07-30T01:33:49.5092203,1111.033161,1057.207799,2222.066321,2,5272139
88890323,2026-07-30T00:21:34.2198891,1111.018310,1085.432560,2222.036620,2,5841072
88954886,2026-07-30T09:50:11.8191998,1111.017368,1110.694740,2222.034737,2,3097823
88897189,2026-07-30T01:21:33.3504700,1111.013925,1066.629996,2222.027850,2,4606479
89045593,2026-07-30T23:24:35.2905790,1110.945701,1093.119765,2221.891402,2,2724348
89033496,2026-07-30T21:39:31.6825004,1110.897332,1069.794357,2221.794665,2,5637305
89040417,2026-07-30T22:40:01.6335811,1110.853219,1093.473409,2221.706438,2,4905674
89037653,2026-07-30T22:16:01.5280556,1110.798229,1106.845977,2221.596457,2,4441620
89025719,2026-07-30T20:28:46.2070907,1110.756190,1100.699396,2221.512380,2,6383449
89017211,2026-07-30T19:07:57.9601208,1110.727223,1102.439550,2221.454446,2,2786138
88960320,2026-07-30T10:38:08.5474579,1110.714481,1046.906903,2221.428962,2,5164014
89031726,2026-07-30T21:23:29.0279017,1110.705054,1105.102401,2221.410108,2,5157975
88990538,2026-07-30T15:05:23.3005990,1110.672755,1093.240192,2221.345509,2,4668477
88943990,2026-07-30T08:14:07.9684162,1110.659559,1102.889605,2221.319118,2,4050583
88890213,2026-07-30T00:21:33.7764296,1110.646674,1067.170787,2221.293348,2,4490022
88954082,2026-07-30T09:42:09.9473211,1110.578100,1056.876523,2221.156200,2,6323045
88890224,2026-07-30T00:21:33.8324480,1110.546817,1108.037936,2221.093634,2,4464659
88996805,2026-07-30T16:01:23.2471147,1110.511324,1082.909316,2221.022649,2,5489173
89033048,2026-07-30T21:35:32.3255311,1110.485957,1073.121311,2220.971915,2,7650777
89043652,2026-07-30T23:08:33.5901070,1110.485868,1092.923880,2220.971736,2,2043100
89048171,2026-07-30T23:44:32.5246556,1110.451491,1093.384676,2220.902981,2,4312004
88993963,2026-07-30T15:37:24.4842917,1110.425328,1089.310396,2220.850656,2,5734149
89028000,2026-07-30T20:48:45.1698849,1110.419163,1078.560486,2220.838326,2,5047679
89038568,2026-07-30T22:24:02.1924365,1110.408324,1107.418440,2220.816647,2,3047332
89039940,2026-07-30T22:36:02.1761036,1110.394728,1103.745873,2220.789456,2,4473209
88889350,2026-07-30T00:13:28.5389360,1110.382746,1068.878482,2220.765491,2,6166142
89027984,2026-07-30T20:48:45.1277249,1110.320954,1069.330957,2220.641909,2,5531713
89036260,2026-07-30T22:04:01.8843633,1110.315899,1107.443806,2220.631798,2,5073230
89012204,2026-07-30T18:23:58.2064871,1110.236343,1058.433511,2220.472686,2,3761864
88994437,2026-07-30T15:41:23.0271803,1110.214322,1107.853608,2220.428644,2,5263271
88895810,2026-07-30T01:09:33.9827073,1110.205968,1082.505606,2220.411936,2,3419488
89049192,2026-07-30T23:52:36.6859089,1110.116081,1097.889810,2220.232162,2,7193044
89003127,2026-07-30T16:57:27.0263624,1110.089837,1090.638388,2220.179674,2,4953173
89037650,2026-07-30T22:16:01.5246638,1110.081072,1098.921074,2220.162144,2,7701245
89035308,2026-07-30T21:55:31.3855254,1110.066174,1049.954314,2220.132347,2,5915659
89044618,2026-07-30T23:16:31.5795259,1109.994777,1102.096225,2219.989553,2,2539847
88967973,2026-07-30T11:46:05.9303241,1109.922845,1098.747288,2219.845691,2,3375964
89047065,2026-07-30T23:36:32.9161498,1109.799751,1092.712641,2219.599502,2,3923568
89043144,2026-07-30T23:04:35.5838003,1109.783545,1108.048596,2219.567091,2,6330998
89047608,2026-07-30T23:40:33.7170118,1109.704730,1095.233225,2219.409459,2,6011885
88889468,2026-07-30T00:13:28.8354762,1109.691925,1107.188316,2219.383850,2,6677046
89034883,2026-07-30T21:51:31.6164174,1109.682217,1103.836335,2219.364435,2,3278475
88892167,2026-07-30T00:37:30.8466971,1109.674425,1085.274906,2219.348850,2,4775770
89040385,2026-07-30T22:40:01.5982557,1109.612027,1087.548792,2219.224054,2,6328318
89032126,2026-07-30T21:27:41.2732655,1109.600646,1083.365382,2219.201291,2,3994742
88895402,2026-07-30T01:05:31.9759787,1109.572278,1099.909647,2219.144556,2,5318114
89042692,2026-07-30T23:00:33.5154117,1109.548529,1106.833583,2219.097059,2,4264621
89039025,2026-07-30T22:28:01.3238151,1109.496455,1109.096051,2218.992911,2,474245
88904676,2026-07-30T02:29:49.6404743,1109.418570,1103.415163,2218.837140,2,5777916
89048177,2026-07-30T23:44:32.5314031,1109.417529,1104.733211,2218.835059,2,5992507
88977670,2026-07-30T13:10:10.0087777,1109.404236,1055.119739,2218.808472,2,2345888
88895356,2026-07-30T01:05:31.8522449,1109.389027,1076.209463,2218.778053,2,4469680
88967072,2026-07-30T11:38:07.8483769,1109.367714,1040.271318,2218.735428,2,2658862
89046101,2026-07-30T23:28:32.2886168,1109.364335,1109.113426,2218.728670,2,4628386
89038123,2026-07-30T22:20:01.5875860,1109.173489,1102.430746,2218.346979,2,5373606
89032592,2026-07-30T21:31:31.7325344,1109.156126,1065.830075,2218.312251,2,5010929
89034825,2026-07-30T21:51:31.4992288,1109.151401,1067.788989,2218.302801,2,2586644
89037251,2026-07-30T22:12:01.8488200,1109.103415,1080.530797,2218.206829,2,3104201
89037189,2026-07-30T22:12:01.7192512,1109.103415,1076.935102,2218.206829,2,5661248
88922261,2026-07-30T05:02:15.7850044,1109.072615,1090.452789,2218.145230,2,7100461
88898132,2026-07-30T01:29:44.8125831,1109.048779,1081.318440,2218.097558,2,4663727
89034427,2026-07-30T21:47:31.8059677,1109.024019,1108.429127,2218.048038,2,5556736
88889866,2026-07-30T00:17:32.3272583,1108.974667,1070.832524,2217.949334,2,4159896
89035344,2026-07-30T21:55:31.4212232,1108.957755,1101.890397,2217.915509,2,5764651
89036252,2026-07-30T22:04:01.8765611,1108.953438,1093.771804,2217.906877,2,3874472
88967480,2026-07-30T11:42:06.1922269,1108.874362,1064.206392,2217.748724,2,4796333
88952203,2026-07-30T09:26:08.2215730,1108.700835,1092.017524,2217.401671,2,4302956
88971244,2026-07-30T12:14:07.0727208,1108.699283,1040.362302,2217.398567,2,4267532
89028092,2026-07-30T20:48:45.2990108,1108.694987,1105.055323,2217.389974,2,8707506
89039031,2026-07-30T22:28:01.3323911,1108.648035,1106.248028,2217.296069,2,5448245
89039927,2026-07-30T22:36:02.1272859,1108.624781,1091.384820,2217.249563,2,5290277
89028192,2026-07-30T20:48:45.5050646,1108.593630,1105.167173,2217.187259,2,3477811
88980275,2026-07-30T13:34:07.5234663,1108.552891,1087.959924,2217.105781,2,4956719
88959510,2026-07-30T10:30:11.9527104,1108.529601,1074.302945,2217.059202,2,2932359
89032120,2026-07-30T21:27:41.2183872,1108.490454,1073.679240,2216.980908,2,5331631
88910412,2026-07-30T03:17:48.3237170,1108.393562,1089.374263,2216.787125,2,7021949
89024936,2026-07-30T20:20:44.6709668,1108.312522,1071.393495,2216.625043,2,4743188
89034880,2026-07-30T21:51:31.6149678,1108.303004,1107.728643,2216.606008,2,6004930
88957319,2026-07-30T10:10:11.3096374,1108.269622,1042.242633,2216.539244,2,4998324
89040405,2026-07-30T22:40:01.6234261,1108.162934,1093.054921,2216.325869,2,6734643
89010663,2026-07-30T18:11:59.4622685,1108.144659,1077.812381,2216.289317,2,7688885
88890326,2026-07-30T00:21:34.2284259,1108.110801,1094.780260,2216.221601,2,3909572
88889920,2026-07-30T00:17:32.1008530,1108.108243,1083.412679,2216.216486,2,6012663
89042222,2026-07-30T22:56:34.7801276,1108.097748,1106.303455,2216.195496,2,5227631
88890758,2026-07-30T00:25:33.9673124,1108.082975,1060.324716,2216.165950,2,6224963
89041850,2026-07-30T22:52:32.7149312,1108.076018,1065.938413,2216.152037,2,4986610
89049667,2026-07-30T23:56:35.5772926,1108.007114,1058.428485,2216.014227,2,6045172
89043154,2026-07-30T23:04:35.5918472,1107.979937,1105.581211,2215.959875,2,4927420
88890764,2026-07-30T00:25:34.0134301,1107.963976,1073.191514,2215.927952,2,3409335
88887936,2026-07-30T00:01:26.0183695,1107.958365,1088.686124,2215.916730,2,4270626
88890359,2026-07-30T00:21:34.3420796,1107.944665,1098.508880,2215.889330,2,4848354
88989509,2026-07-30T14:57:23.3247751,1107.934450,1081.890654,2215.868901,2,5304101
89045613,2026-07-30T23:24:35.3157352,1107.931692,1096.174813,2215.863384,2,3596433
88892713,2026-07-30T00:41:34.2418321,1107.927438,1076.322724,2215.854875,2,8692442
88887924,2026-07-30T00:01:25.9812783,1107.920996,1059.532971,2215.841991,2,4775804
88991985,2026-07-30T15:17:23.4136241,1107.913724,1102.495150,2215.827447,2,4245135
88895806,2026-07-30T01:09:33.9772668,1107.872041,1082.638340,2215.744083,2,5280374
89029855,2026-07-30T21:04:43.6103214,1107.871535,1102.528885,2215.743070,2,4037122
88942115,2026-07-30T07:58:08.2492259,1107.814201,1100.696394,2215.628403,2,6491996
89049691,2026-07-30T23:56:35.6057187,1107.784853,1103.812115,2215.569707,2,4838179
88894441,2026-07-30T00:57:29.8167775,1107.752458,1094.144801,2215.504915,2,4478923
89036758,2026-07-30T22:08:01.6466251,1107.741393,1092.448208,2215.482786,2,5586509
88942939,2026-07-30T08:06:07.7579606,1107.709943,1100.913888,2215.419885,2,3438165
89038569,2026-07-30T22:24:02.1928644,1107.692853,1098.554372,2215.385706,2,5599502
89043613,2026-07-30T23:08:33.5304291,1107.678654,1087.853146,2215.357309,2,7153488
89024078,2026-07-30T20:12:44.4142846,1107.612176,1063.002313,2215.224352,2,4924725
89022165,2026-07-30T19:56:46.4791129,1107.611292,1045.237898,2215.222584,2,4195337
88920843,2026-07-30T04:50:18.4302581,1107.566712,1096.107825,2215.133424,2,4315439
89037197,2026-07-30T22:12:01.7306080,1107.530451,1096.987476,2215.060902,2,5268012
88926080,2026-07-30T05:38:14.4418253,1107.513129,1086.334819,2215.026259,2,4594981
89034891,2026-07-30T21:51:31.6290106,1107.510686,1104.251763,2215.021373,2,4761075
88897643,2026-07-30T01:25:32.7237304,1107.508075,1052.352090,2215.016150,2,6332501
89040408,2026-07-30T22:40:01.6276679,1107.503823,1089.927098,2215.007647,2,4206917
88892569,2026-07-30T00:41:33.9972754,1107.439190,1073.339155,2214.878379,2,1915491
89044118,2026-07-30T23:12:31.8952719,1107.424679,1080.122993,2214.849358,2,5299538
89035807,2026-07-30T22:00:01.4753135,1107.263640,1097.574125,2214.527280,2,4776560
89038549,2026-07-30T22:24:02.1738441,1107.125455,1057.287274,2214.250909,2,6939420
89048675,2026-07-30T23:48:36.2345322,1107.121199,1082.893512,2214.242398,2,7806707
89024690,2026-07-30T20:20:44.2403977,1107.096749,1076.212102,2214.193498,2,6394057
89046589,2026-07-30T23:32:34.9723109,1107.093995,1100.327775,2214.187989,2,2866318
89040872,2026-07-30T22:44:01.8888862,1107.090826,1095.947567,2214.181653,2,5357973
89024865,2026-07-30T20:20:44.5661980,1107.080974,1058.859693,2214.161948,2,7209992
88891236,2026-07-30T00:29:32.9343555,1107.043345,1084.942841,2214.086690,2,5372937
88887941,2026-07-30T00:01:26.0237575,1107.022875,1104.861895,2214.045751,2,3775627
89038580,2026-07-30T22:24:02.2141137,1107.007563,1101.833854,2214.015126,2,5384392
89029318,2026-07-30T21:00:42.7868681,1106.976558,1077.765612,2213.953115,2,4595291
88972275,2026-07-30T12:22:06.7207889,1106.826701,1081.391724,2213.653401,2,5137905
89028014,2026-07-30T20:48:45.1786422,1106.810814,1087.330248,2213.621628,2,6862988
89033960,2026-07-30T21:43:31.9058390,1106.770351,1087.544001,2213.540701,2,954864
89030327,2026-07-30T21:08:43.9301737,1106.762250,1106.647883,2213.524499,2,5200234
89035794,2026-07-30T22:00:01.4224534,1106.701613,1106.067960,2213.403226,2,6863511
89036735,2026-07-30T22:08:01.6099566,1106.697092,1105.430228,2213.394184,2,7384135
88982294,2026-07-30T13:50:10.7315574,1106.663568,1075.375756,2213.327137,2,4670545
89042238,2026-07-30T22:56:34.7962887,1106.633410,1092.049378,2213.266820,2,5230329
89039487,2026-07-30T22:32:01.7137839,1106.632970,1100.825859,2213.265941,2,4582459
89030320,2026-07-30T21:08:43.9171143,1106.603325,1095.716126,2213.206650,2,5088578
89040390,2026-07-30T22:40:01.6086825,1106.596326,1087.223277,2213.192651,2,4177348
88925747,2026-07-30T05:34:15.3635878,1106.480949,1054.560912,2212.961897,2,4948042
89044133,2026-07-30T23:12:31.9179264,1106.479225,1099.949253,2212.958449,2,5024755
89041762,2026-07-30T22:52:32.5772517,1106.462137,1083.430618,2212.924273,2,6254405
89030766,2026-07-30T21:12:42.7710376,1106.456533,1077.330584,2212.913066,2,3858913
89029330,2026-07-30T21:00:42.8024636,1106.425475,1075.111788,2212.850950,2,3799683
89037662,2026-07-30T22:16:01.5720032,1106.385208,1106.167535,2212.770415,2,6779246
89040407,2026-07-30T22:40:01.6266389,1106.385082,1092.695274,2212.770164,2,4877514
89038196,2026-07-30T22:20:01.7260725,1106.373466,1074.659507,2212.746932,2,4442676
88975516,2026-07-30T12:50:10.2845366,1106.367094,1046.202397,2212.734189,2,3653021
88939545,2026-07-30T07:34:09.0469203,1106.213586,1076.874396,2212.427172,2,6781366
89022669,2026-07-30T20:00:46.0900715,1106.195365,1053.286456,2212.390731,2,5882343
88971842,2026-07-30T12:18:07.7135286,1106.175403,1041.471727,2212.350807,2,5268197
89028128,2026-07-30T20:48:45.3934364,1106.144768,1105.353543,2212.289536,2,3784086
88951182,2026-07-30T09:18:13.7841113,1106.138179,1090.386816,2212.276358,2,4710801
89025278,2026-07-30T20:24:45.7346095,1106.119358,1059.766073,2212.238715,2,2705110
89047603,2026-07-30T23:40:33.7110377,1106.108218,1066.113131,2212.216436,2,6700479
88891267,2026-07-30T00:29:33.0570224,1106.105354,1063.876941,2212.210708,2,4744388
88916684,2026-07-30T04:13:51.0320895,1106.101828,1080.584902,2212.203657,2,6716265
89035799,2026-07-30T22:00:01.4309746,1106.090412,1100.092380,2212.180824,2,5215655
89044605,2026-07-30T23:16:31.5344888,1106.079620,1061.025213,2212.159240,2,5009305
89033963,2026-07-30T21:43:31.9061667,1106.061012,1087.382069,2212.122023,2,5488800
89027100,2026-07-30T20:40:43.9256448,1106.059396,1049.230981,2212.118791,2,6504238
89034871,2026-07-30T21:51:31.6028532,1106.048103,1087.354605,2212.096206,2,1982026
88896799,2026-07-30T01:17:31.6118763,1106.045776,1087.926987,2212.091553,2,4081015
89041759,2026-07-30T22:52:32.5796456,1106.030246,1095.207020,2212.060492,2,318058
89037206,2026-07-30T22:12:01.7754134,1105.991682,1098.076916,2211.983365,2,3864533
89049177,2026-07-30T23:52:36.6299316,1105.986014,1085.980746,2211.972027,2,6392438
89020111,2026-07-30T19:35:58.8510838,1105.969410,1105.117294,2211.938819,2,3950070
89047598,2026-07-30T23:40:33.7014363,1105.961042,1051.137917,2211.922084,2,6646631
88943402,2026-07-30T08:10:08.7351075,1105.954144,1088.079077,2211.908288,2,5192943
88989632,2026-07-30T14:57:23.5347310,1105.923760,1070.396829,2211.847520,2,5582878
88889719,2026-07-30T00:17:31.4345840,1105.839240,1097.761489,2211.678481,2,6489319
88994882,2026-07-30T15:45:23.0017400,1105.836563,1093.925093,2211.673125,2,4908417
88902463,2026-07-30T02:09:49.0558001,1105.827615,1098.488757,2211.655230,2,4621266
89031234,2026-07-30T21:16:43.2910028,1105.826766,1097.029832,2211.653531,2,4304807
89042670,2026-07-30T23:00:33.4831517,1105.791739,1057.626028,2211.583478,2,2341851
88891805,2026-07-30T00:33:32.4403634,1105.757008,1092.729356,2211.514015,2,3605780
89011985,2026-07-30T18:23:57.7116902,1105.754824,1063.184181,2211.509648,2,1381640
89013806,2026-07-30T18:39:57.6983349,1105.753309,1078.680957,2211.506618,2,2115851
88957119,2026-07-30T10:10:10.9572989,1105.740900,1077.214847,2211.481801,2,6615984
88890785,2026-07-30T00:25:34.1349646,1105.723609,1089.951543,2211.447218,2,4720403
89047066,2026-07-30T23:36:32.9166365,1105.703196,1091.305011,2211.406391,2,5051114
89032136,2026-07-30T21:27:41.2977818,1105.673962,1093.610515,2211.347924,2,6263133
89034472,2026-07-30T21:47:31.9372265,1105.643650,1097.198538,2211.287300,2,3385343
89048174,2026-07-30T23:44:32.5302324,1105.640533,1101.936279,2211.281066,2,5114644
88890766,2026-07-30T00:25:34.0244902,1105.636519,1075.559248,2211.273038,2,5500201
88918949,2026-07-30T04:34:12.8494876,1105.600888,1041.934388,2211.201777,2,5332568
89027682,2026-07-30T20:44:44.2035977,1105.525695,1098.154840,2211.051391,2,5263237
89036684,2026-07-30T22:08:01.4928574,1105.521600,1052.333284,2211.043200,2,6430131
89024072,2026-07-30T20:12:44.4101896,1105.518870,1063.983795,2211.037741,2,2749283
89043628,2026-07-30T23:08:33.5741511,1105.504573,1085.595292,2211.009145,2,6087221
89042673,2026-07-30T23:00:33.4874729,1105.491726,1090.736214,2210.983452,2,7069703
88898161,2026-07-30T01:29:44.8617761,1105.479290,1068.607932,2210.958580,2,3294815
89038106,2026-07-30T22:20:01.5364855,1105.465777,1063.478087,2210.931554,2,4015535
89044612,2026-07-30T23:16:31.5722998,1105.393403,1089.714028,2210.786806,2,6780340
88889279,2026-07-30T00:13:28.3094671,1105.359660,1098.186768,2210.719319,2,4138512
89049176,2026-07-30T23:52:36.6297702,1105.358703,1084.366627,2210.717406,2,5010409
89044608,2026-07-30T23:16:31.5392834,1105.323355,1084.456729,2210.646709,2,4279498
88955903,2026-07-30T09:58:07.8693146,1105.322096,1043.276530,2210.644193,2,3757071
89040833,2026-07-30T22:44:01.8047125,1105.308561,1046.276004,2210.617122,2,4926573
88898091,2026-07-30T01:29:44.6266508,1105.294991,1050.295641,2210.589982,2,4265206
89033063,2026-07-30T21:35:32.3867157,1105.229162,1104.561871,2210.458324,2,7198815
88971246,2026-07-30T12:14:07.0756102,1105.227505,1096.560780,2210.455010,2,4785540
89035339,2026-07-30T21:55:31.4154711,1105.225686,1097.088279,2210.451371,2,5881950
89029888,2026-07-30T21:04:43.6789805,1105.181124,1104.531458,2210.362248,2,5076650
88971764,2026-07-30T12:18:07.3548548,1105.153998,1080.422746,2210.307996,2,3373229
88887939,2026-07-30T00:01:26.0214642,1105.147957,1092.687660,2210.295914,2,4940561
88970761,2026-07-30T12:10:09.6411999,1105.139855,1098.913859,2210.279711,2,6154668
89032630,2026-07-30T21:31:31.8090636,1105.117079,1096.734035,2210.234158,2,5206894
89029833,2026-07-30T21:04:43.5837077,1105.102325,1044.611980,2210.204651,2,3940658
89048205,2026-07-30T23:44:32.6051463,1105.076892,1077.385127,2210.153784,2,4577436
89041785,2026-07-30T22:52:32.5906862,1105.072372,1095.086226,2210.144745,2,5630924
89042236,2026-07-30T22:56:34.7945399,1105.066203,1093.338390,2210.132406,2,6275815
88978198,2026-07-30T13:14:08.2194990,1105.057149,1040.779039,2210.114297,2,5026176
88958165,2026-07-30T10:18:08.0125543,1105.002949,1089.883368,2210.005898,2,3808757
88993203,2026-07-30T15:29:25.1328711,1104.968244,1038.510404,2209.936487,2,3742256
88891691,2026-07-30T00:33:32.2504097,1104.946019,1080.305659,2209.892038,2,3462945
89034433,2026-07-30T21:47:31.8115398,1104.914366,1102.924190,2209.828732,2,4376003
88893091,2026-07-30T00:45:30.2687748,1104.895503,1090.431017,2209.791005,2,6723402
89030769,2026-07-30T21:12:42.7780186,1104.817610,1082.819239,2209.635220,2,6204735
88998619,2026-07-30T16:17:23.0248067,1104.773271,1103.251992,2209.546542,2,6396584
89044617,2026-07-30T23:16:31.5784663,1104.742091,1102.809061,2209.484181,2,3256248
88998980,2026-07-30T16:21:23.0323254,1104.720369,1086.689213,2209.440739,2,4850006
89049193,2026-07-30T23:52:36.6865415,1104.605778,1091.374132,2209.211556,2,6038767
88926518,2026-07-30T05:42:14.6340509,1104.572717,1070.483255,2209.145434,2,4481330
89046577,2026-07-30T23:32:34.9182785,1104.570996,1053.138541,2209.141992,2,4709100
89048694,2026-07-30T23:48:36.2944397,1104.522077,1096.969350,2209.044153,2,6034348
89040876,2026-07-30T22:44:01.8949888,1104.469288,1090.748944,2208.938577,2,4636216
89026127,2026-07-30T20:32:45.7144616,1104.451474,1053.072543,2208.902949,2,4898201
89036737,2026-07-30T22:08:01.6137027,1104.443436,1103.246694,2208.886872,2,2982795
88955727,2026-07-30T09:58:07.5706291,1104.434874,1081.883489,2208.869747,2,5889792
88955868,2026-07-30T09:58:07.8315525,1104.403464,1073.271217,2208.806928,2,2788355
89042218,2026-07-30T22:56:34.7758975,1104.398916,1096.386194,2208.797833,2,3856673
89033954,2026-07-30T21:43:31.8977599,1104.396546,1061.696438,2208.793091,2,3588104
89040850,2026-07-30T22:44:01.8245512,1104.385552,1079.609431,2208.771104,2,4696854
89040861,2026-07-30T22:44:01.8771272,1104.364230,1100.402938,2208.728460,2,4562853
89042229,2026-07-30T22:56:34.7863416,1104.360082,1102.840120,2208.720163,2,6164595
89049181,2026-07-30T23:52:36.6722276,1104.321790,1094.977642,2208.643581,2,5511569
88888447,2026-07-30T00:05:26.3680137,1104.279892,1101.394761,2208.559783,2,5130273
88891318,2026-07-30T00:29:33.1725031,1104.269181,1097.542167,2208.538362,2,5883409
89033996,2026-07-30T21:43:31.9825495,1104.241726,1092.257693,2208.483452,2,5252626
89037659,2026-07-30T22:16:01.5339778,1104.223296,1101.719653,2208.446592,2,5689043
88889243,2026-07-30T00:13:28.1742524,1104.180698,1080.106945,2208.361396,2,6326438
88928369,2026-07-30T05:58:14.1773404,1104.175466,1092.460116,2208.350932,2,4280453
88995327,2026-07-30T15:49:23.5269723,1104.154920,1074.139768,2208.309839,2,5511614
89036730,2026-07-30T22:08:01.6025232,1104.089688,1093.536422,2208.179377,2,7372980
89025290,2026-07-30T20:24:45.7840276,1104.072664,1049.890371,2208.145327,2,6260936
89029548,2026-07-30T21:00:43.1935038,1104.065766,1103.383810,2208.131532,2,6974882
89037196,2026-07-30T22:12:01.7279115,1104.023025,1083.428846,2208.046049,2,6803327
88889425,2026-07-30T00:13:28.7365179,1104.007648,1089.170472,2208.015295,2,6023959
88889319,2026-07-30T00:13:28.4599437,1103.970240,1096.037122,2207.940481,2,4809759
88894905,2026-07-30T01:01:29.3275508,1103.969281,1071.427562,2207.938561,2,6190141
89045594,2026-07-30T23:24:35.2926511,1103.949917,1080.357344,2207.899834,2,5448598
89045584,2026-07-30T23:24:35.2792146,1103.933115,1052.114403,2207.866230,2,9801309
88888943,2026-07-30T00:09:27.5128680,1103.920717,1091.249634,2207.841434,2,4614653
88893518,2026-07-30T00:49:32.7239743,1103.911549,1067.240311,2207.823097,2,3203292
89042215,2026-07-30T22:56:34.7754232,1103.862719,1079.605425,2207.725437,2,5084418
88997258,2026-07-30T16:05:23.3116658,1103.834232,1091.704837,2207.668464,2,5021962
88892386,2026-07-30T00:41:33.2690303,1103.814227,1045.913504,2207.628453,2,7234978
88891547,2026-07-30T00:33:31.9665057,1103.789601,1083.690163,2207.579201,2,2258245
89027979,2026-07-30T20:48:45.1250239,1103.777145,1036.677476,2207.554289,2,6166414
89044112,2026-07-30T23:12:31.8874759,1103.744688,1058.328263,2207.489376,2,4255306
89038591,2026-07-30T22:24:02.2274403,1103.743949,1101.453329,2207.487897,2,6914140
88991430,2026-07-30T15:13:23.2969308,1103.721076,1070.429399,2207.442152,2,5310636
89035464,2026-07-30T21:55:31.6930679,1103.700344,1074.713297,2207.400688,2,6047733
89044153,2026-07-30T23:12:31.9359544,1103.693369,1083.869395,2207.386738,2,4976033
89027617,2026-07-30T20:44:44.0981556,1103.630912,1091.768602,2207.261825,2,6401532
88931376,2026-07-30T06:22:13.1118568,1103.603194,1025.970284,2207.206388,2,3521564
89039211,2026-07-30T22:28:01.6897398,1103.583919,1067.601788,2207.167838,2,6227214
88890791,2026-07-30T00:25:34.1668022,1103.534702,1094.137984,2207.069405,2,971262
89041396,2026-07-30T22:48:33.6016532,1103.500220,1070.731591,2207.000440,2,5436521
88889473,2026-07-30T00:13:28.7796121,1103.469842,1096.150641,2206.939684,2,5226703
88892174,2026-07-30T00:37:30.8535423,1103.460768,1084.137003,2206.921536,2,3031094
89049184,2026-07-30T23:52:36.6783265,1103.437074,1090.040605,2206.874148,2,5061886
89023004,2026-07-30T20:04:46.2728646,1103.388403,1092.221730,2206.776806,2,6641926
88956785,2026-07-30T10:06:08.2190612,1103.372412,1027.460892,2206.744823,2,2948055
89040864,2026-07-30T22:44:01.8788234,1103.363582,1098.088473,2206.727165,2,4804690
88889294,2026-07-30T00:13:28.3869606,1103.355585,1076.695714,2206.711170,2,3738258
88890382,2026-07-30T00:21:34.4217339,1103.348046,1089.163364,2206.696093,2,4836978
89041773,2026-07-30T22:52:32.5881155,1103.344444,1090.300931,2206.688889,2,4268641
89042286,2026-07-30T22:56:34.8854498,1103.333460,1082.559087,2206.666921,2,3935135
88891271,2026-07-30T00:29:33.0655004,1103.293092,1085.702867,2206.586185,2,4121536
88891250,2026-07-30T00:29:33.0157163,1103.287128,1081.000718,2206.574257,2,3717161
89046591,2026-07-30T23:32:34.9756018,1103.258629,1095.467866,2206.517258,2,3038330
89032293,2026-07-30T21:27:41.6941677,1103.216354,1086.055076,2206.432708,2,2757036
89046088,2026-07-30T23:28:32.2783056,1103.200843,1080.825220,2206.401685,2,5553654
89013810,2026-07-30T18:39:57.7038646,1103.181186,1077.716050,2206.362371,2,2914253
89047064,2026-07-30T23:36:32.9157771,1103.161811,1096.466108,2206.323622,2,4271126
89041665,2026-07-30T22:52:32.4130055,1103.160501,1090.706477,2206.321002,2,4982300
88896695,2026-07-30T01:17:31.3711755,1103.156853,1054.146758,2206.313707,2,3682005
88895395,2026-07-30T01:05:31.9692358,1103.042151,1090.071018,2206.084301,2,7143720
89037209,2026-07-30T22:12:01.7798613,1103.032301,1102.452667,2206.064603,2,3424482
88890793,2026-07-30T00:25:34.1781405,1103.002769,1091.965690,2206.005538,2,5209984
89033061,2026-07-30T21:35:32.3816345,1102.998041,1090.916465,2205.996082,2,4078590
89037666,2026-07-30T22:16:01.5750790,1102.991309,1097.939868,2205.982619,2,4458611
89032694,2026-07-30T21:31:32.0244647,1102.969541,1095.508424,2205.939082,2,3680398
89033068,2026-07-30T21:35:32.3909459,1102.962526,1081.177104,2205.925053,2,4828162
89033097,2026-07-30T21:35:32.4278795,1102.962526,1077.376849,2205.925053,2,5652692
89043125,2026-07-30T23:04:35.5437223,1102.949201,1054.909036,2205.898403,2,3684826
88952086,2026-07-30T09:26:08.0614368,1102.944941,1077.942482,2205.889881,2,7598501
89036733,2026-07-30T22:08:01.6075751,1102.914428,1094.041459,2205.828857,2,4868171
89046601,2026-07-30T23:32:34.9871736,1102.890392,1091.609803,2205.780784,2,5095511
89044685,2026-07-30T23:16:31.6863435,1102.882079,1062.491586,2205.764159,2,5059255
88895796,2026-07-30T01:09:33.9685403,1102.819798,1059.800332,2205.639597,2,411992
89039043,2026-07-30T22:28:01.3777706,1102.787595,1092.439833,2205.575191,2,4378584
89026264,2026-07-30T20:32:45.9689732,1102.755395,1055.197954,2205.510789,2,6869474
88969459,2026-07-30T11:58:06.9189542,1102.697033,1096.403394,2205.394066,2,5461405
89044641,2026-07-30T23:16:31.6011566,1102.687831,1090.594637,2205.375661,2,2986415
89036242,2026-07-30T22:04:01.8363994,1102.661204,1062.713329,2205.322407,2,6934533
89030310,2026-07-30T21:08:43.8947498,1102.660151,1090.617518,2205.320302,2,6859854
89045100,2026-07-30T23:20:33.6917807,1102.634450,1080.545597,2205.268900,2,3489510
89040848,2026-07-30T22:44:01.8229024,1102.630967,1092.630523,2205.261933,2,6727364
88993078,2026-07-30T15:29:24.9397749,1102.605028,1078.152546,2205.210055,2,5820182
89037210,2026-07-30T22:12:01.7811542,1102.542439,1101.514610,2205.084879,2,7466559
88889469,2026-07-30T00:13:28.8483793,1102.508062,1092.661282,2205.016124,2,3519789
88903511,2026-07-30T02:17:48.6835174,1102.456472,1086.316837,2204.912944,2,5899124
89030300,2026-07-30T21:08:43.8768001,1102.422325,1059.112005,2204.844649,2,4105271
88956145,2026-07-30T10:02:08.2743362,1102.419044,1058.195284,2204.838088,2,4796516
89038103,2026-07-30T22:20:01.5334293,1102.413977,1070.350166,2204.827955,2,4481507
89024482,2026-07-30T20:16:43.3249695,1102.344674,1063.693493,2204.689348,2,2695159
88948552,2026-07-30T08:54:13.9643937,1102.301529,1097.580403,2204.603057,2,2511168
88941319,2026-07-30T07:50:10.8376312,1102.301389,1036.205577,2204.602779,2,4795800
88895429,2026-07-30T01:05:32.0531078,1102.288880,1067.344499,2204.577760,2,4936243
88894312,2026-07-30T00:57:29.6180763,1102.273788,1100.320760,2204.547576,2,6047316
88975483,2026-07-30T12:50:10.2259382,1102.170662,1037.687766,2204.341324,2,4318784
89032144,2026-07-30T21:27:41.3012276,1102.091199,1079.896998,2204.182399,2,3255743
88933868,2026-07-30T06:46:12.4423622,1102.052125,1098.934439,2204.104249,2,4235234
89005512,2026-07-30T17:17:27.1645223,1102.042154,1093.710015,2204.084308,2,6740253
88891211,2026-07-30T00:29:32.8212664,1102.039652,1084.165151,2204.079304,2,4769271
89041299,2026-07-30T22:48:33.4098887,1102.005776,1069.048920,2204.011551,2,8426671
89041761,2026-07-30T22:52:32.5801108,1101.980319,1050.712918,2203.960637,2,4288205
89039465,2026-07-30T22:32:01.7045540,1101.977109,1072.201755,2203.954218,2,4665405
88890258,2026-07-30T00:21:33.9584658,1101.971080,1035.673948,2203.942160,2,2069084
89001273,2026-07-30T16:41:27.4067364,1101.943176,1075.075171,2203.886352,2,7083121
89045590,2026-07-30T23:24:35.2866239,1101.921061,1081.773500,2203.842121,2,4217095
89048181,2026-07-30T23:44:32.5725067,1101.911871,1101.357279,2203.823742,2,5238502
88966254,2026-07-30T11:30:10.2189980,1101.895793,1025.983951,2203.791585,2,6303241
88900605,2026-07-30T01:53:48.7397071,1101.876070,1059.558579,2203.752140,2,4285375
89012915,2026-07-30T18:31:57.4947603,1101.869247,1074.373408,2203.738494,2,3751725
89027653,2026-07-30T20:44:44.1676691,1101.864478,1086.622528,2203.728957,2,5706491
88933144,2026-07-30T06:38:12.5792965,1101.854206,1073.477209,2203.708413,2,6261277
89027958,2026-07-30T20:48:45.0866169,1101.851111,1057.542155,2203.702222,2,6036662
89033505,2026-07-30T21:39:31.6921245,1101.825104,1080.163406,2203.650208,2,4523012
88896292,2026-07-30T01:13:31.0270509,1101.750048,1063.819139,2203.500095,2,3845711
88997165,2026-07-30T16:05:23.1470065,1101.748074,1099.656028,2203.496148,2,6665552
88924862,2026-07-30T05:26:14.8230174,1101.708191,1046.434393,2203.416382,2,2929933
89021952,2026-07-30T19:56:46.2915424,1101.707651,1064.930885,2203.415302,2,8964864
89036741,2026-07-30T22:08:01.6206827,1101.680691,1100.097618,2203.361381,2,6119387
88997637,2026-07-30T16:09:23.8083716,1101.605489,1093.908119,2203.210978,2,6894419
89049696,2026-07-30T23:56:35.6085821,1101.561633,1096.642925,2203.123266,2,4424392
89040849,2026-07-30T22:44:01.8229023,1101.531388,1078.432904,2203.062775,2,6956124
88901654,2026-07-30T02:01:48.4130585,1101.531328,1092.960512,2203.062657,2,5495606
89048680,2026-07-30T23:48:36.2742560,1101.530572,1089.554507,2203.061144,2,6497168
89039925,2026-07-30T22:36:02.1247427,1101.526401,1075.289489,2203.052801,2,3616908
88906244,2026-07-30T02:41:48.1114268,1101.494882,1091.326577,2202.989765,2,5198849
89001372,2026-07-30T16:41:27.6105682,1101.483101,1086.949586,2202.966201,2,6103031
88894909,2026-07-30T01:01:29.3318944,1101.478945,1075.011817,2202.957889,2,4556260
88973088,2026-07-30T12:30:15.9775269,1101.461911,1041.092398,2202.923822,2,3242150
89046592,2026-07-30T23:32:34.9723798,1101.433222,1075.074757,2202.866443,2,3345054
88962159,2026-07-30T10:54:07.6467882,1101.430730,1030.317112,2202.861460,2,3938846
89043155,2026-07-30T23:04:35.5948498,1101.369542,1100.744658,2202.739084,2,4658863
89039462,2026-07-30T22:32:01.6922933,1101.348972,1053.250168,2202.697944,2,7067191
89040398,2026-07-30T22:40:01.6159227,1101.327699,1093.257006,2202.655398,2,6530000
89043620,2026-07-30T23:08:33.5331313,1101.294431,1091.227876,2202.588862,2,5061483
89037623,2026-07-30T22:16:01.4907066,1101.237001,1046.714550,2202.474002,2,3208034
89030800,2026-07-30T21:12:42.8225623,1101.220635,1085.223306,2202.441271,2,4107705
89033967,2026-07-30T21:43:31.9129700,1101.179657,1087.670290,2202.359314,2,4945306
89029431,2026-07-30T21:00:43.0112397,1101.135631,1095.951127,2202.271262,2,4869655
89029865,2026-07-30T21:04:43.6281478,1101.131158,1082.490494,2202.262316,2,3090475
89039934,2026-07-30T22:36:02.1379796,1101.100513,1081.176900,2202.201026,2,3133224
89035330,2026-07-30T21:55:31.4049579,1101.088573,1075.445634,2202.177145,2,5390565
89032266,2026-07-30T21:27:41.6119425,1101.050084,1085.097929,2202.100168,2,7009781
89048692,2026-07-30T23:48:36.2908036,1101.030489,1092.261397,2202.060979,2,6188096
89041306,2026-07-30T22:48:33.4182258,1101.028757,1081.430825,2202.057515,2,8509837
89039481,2026-07-30T22:32:01.7225279,1101.027971,1097.147765,2202.055941,2,4226148
89010072,2026-07-30T18:03:58.3190959,1101.026961,1079.014124,2202.053923,2,6625775
88908400,2026-07-30T03:01:49.8421409,1100.982445,1040.296980,2201.964890,2,5456880
89048168,2026-07-30T23:44:32.5244280,1100.978239,1071.394266,2201.956478,2,4859453
88887932,2026-07-30T00:01:26.0138316,1100.928676,1071.107885,2201.857352,2,5812368
88928989,2026-07-30T06:02:14.5562021,1100.894915,1091.772584,2201.789830,2,2967265
89043159,2026-07-30T23:04:35.5998201,1100.776234,1085.168396,2201.552467,2,3892408
88906359,2026-07-30T02:41:48.2195664,1100.754892,1081.273869,2201.509783,2,5660159
88975906,2026-07-30T12:54:07.9623607,1100.725628,1069.235758,2201.451255,2,5172861
88929013,2026-07-30T06:02:14.5735511,1100.675814,1057.939787,2201.351627,2,5899825
88893525,2026-07-30T00:49:32.7435765,1100.635273,1065.841610,2201.270546,2,6758907
89039522,2026-07-30T22:32:01.7969498,1100.631790,1076.893560,2201.263579,2,3499927
88947779,2026-07-30T08:46:13.9548851,1100.577695,1099.091286,2201.155391,2,4414032
89049232,2026-07-30T23:52:36.7351402,1100.573535,1072.660077,2201.147069,2,6010101
89046116,2026-07-30T23:28:32.3078411,1100.529472,1092.136383,2201.058943,2,4076773
89036317,2026-07-30T22:04:02.0018199,1100.527087,1081.053649,2201.054174,2,4705189
89036274,2026-07-30T22:04:01.9125920,1100.513657,1099.421184,2201.027314,2,5693177
89026112,2026-07-30T20:32:45.6765093,1100.504982,1037.021023,2201.009963,2,4316436
89040292,2026-07-30T22:40:01.4515273,1100.476461,1098.399557,2200.952922,2,4058473
89028058,2026-07-30T20:48:45.1605997,1100.444945,1061.240350,2200.889889,2,1840497
89048688,2026-07-30T23:48:36.2866136,1100.440516,1093.749999,2200.881032,2,5358007
88889776,2026-07-30T00:17:32.1081859,1100.438741,1092.833657,2200.877481,2,5692332
89033447,2026-07-30T21:39:31.5919618,1100.436255,1047.683128,2200.872511,2,5564832
88951196,2026-07-30T09:18:13.8067448,1100.396381,1084.806814,2200.792763,2,4646357
88967728,2026-07-30T11:42:06.8392644,1100.353536,1029.180696,2200.707072,2,6108767
88924540,2026-07-30T05:22:13.0148374,1100.347142,1083.240072,2200.694285,2,4719736
89025728,2026-07-30T20:28:46.2196683,1100.320743,1048.941471,2200.641486,2,5588302
88888446,2026-07-30T00:05:26.3663994,1100.296411,1093.185545,2200.592822,2,5544176
89047098,2026-07-30T23:36:32.9816772,1100.289553,1087.399853,2200.579107,2,4145681
88903370,2026-07-30T02:17:47.8555474,1100.289361,1081.799093,2200.578722,2,5352262
89019518,2026-07-30T19:27:58.2104262,1100.226508,1049.272163,2200.453017,2,6295906
89033223,2026-07-30T21:35:32.7266326,1100.133885,1080.117719,2200.267769,2,5466096
89027688,2026-07-30T20:44:44.2127980,1100.130928,1086.512434,2200.261855,2,4130012
89037648,2026-07-30T22:16:01.5203044,1100.084458,1055.390845,2200.168915,2,4948752
88891719,2026-07-30T00:33:32.3234052,1100.064101,1088.733713,2200.128202,2,6256188
88972973,2026-07-30T12:30:15.1789455,1099.995595,1090.916607,2199.991190,2,4597866
89036718,2026-07-30T22:08:01.5819470,1099.988769,1066.008259,2199.977537,2,5951930
89043641,2026-07-30T23:08:33.5861042,1099.986781,1096.011383,2199.973562,2,6299981
88890773,2026-07-30T00:25:34.0534274,1099.937342,1074.571817,2199.874683,2,4777303
89027527,2026-07-30T20:44:43.9670022,1099.896422,1057.675468,2199.792844,2,4992543
89006320,2026-07-30T17:29:30.2362476,1099.831323,1098.411839,2199.662645,2,4764091
89045635,2026-07-30T23:24:35.3798189,1099.825329,1080.951116,2199.650659,2,5779223
88909255,2026-07-30T03:09:51.1250413,1099.762322,1029.336058,2199.524645,2,5020839
88902912,2026-07-30T02:13:48.2772474,1099.744013,1096.286451,2199.488026,2,4608727
89034873,2026-07-30T21:51:31.6049649,1099.742233,1084.495026,2199.484466,2,4652569
88894328,2026-07-30T00:57:29.6585129,1099.689287,1086.239549,2199.378574,2,6073913
89040396,2026-07-30T22:40:01.6127916,1099.689118,1094.744537,2199.378236,2,4927593
89046588,2026-07-30T23:32:34.9283214,1099.641894,1074.798462,2199.283788,2,6158020
88962674,2026-07-30T10:58:08.1252487,1099.639773,1032.725165,2199.279546,2,6184857
89006617,2026-07-30T17:32:56.4050660,1099.615780,1082.930737,2199.231560,2,2736961
89028153,2026-07-30T20:48:45.3238096,1099.598880,1086.991071,2199.197761,2,4976113
88922736,2026-07-30T05:06:13.1534427,1099.581663,1083.844772,2199.163325,2,3941155
88906758,2026-07-30T02:45:48.9205257,1099.545424,1083.719210,2199.090848,2,5836308
88887966,2026-07-30T00:01:26.0507782,1099.538478,1080.284368,2199.076957,2,5702519
89040879,2026-07-30T22:44:01.8994090,1099.492114,1085.875692,2198.984228,2,6673747
89034421,2026-07-30T21:47:31.7980295,1099.489051,1080.503033,2198.978101,2,4639706
89040382,2026-07-30T22:40:01.5947201,1099.482041,1054.505928,2198.964081,2,2651213
89016967,2026-07-30T19:07:57.5930481,1099.480688,1041.022609,2198.961376,2,3568875
89047063,2026-07-30T23:36:32.9160770,1099.474598,1083.406007,2198.949196,2,4189242
89043053,2026-07-30T23:04:35.4204276,1099.455648,1096.355917,2198.911295,2,5279615
89048180,2026-07-30T23:44:32.5359245,1099.453393,1087.726702,2198.906786,2,4719643
89037245,2026-07-30T22:12:01.8364270,1099.442981,1090.340095,2198.885963,2,1287481
89048681,2026-07-30T23:48:36.2758371,1099.410983,1099.181374,2198.821966,2,4914719
89034870,2026-07-30T21:51:31.6016179,1099.394625,1071.976672,2198.789249,2,6125516
89008415,2026-07-30T17:48:58.1873723,1099.385850,1065.852272,2198.771700,2,4916348
89049173,2026-07-30T23:52:36.6239009,1099.367112,1061.510269,2198.734224,2,4692965
89032632,2026-07-30T21:31:31.8091338,1099.362772,1093.187282,2198.725545,2,5860846
89031228,2026-07-30T21:16:43.2800929,1099.327377,1090.188756,2198.654755,2,3523032
88896036,2026-07-30T01:13:30.1127657,1099.326325,1089.787253,2198.652651,2,7281581
89045098,2026-07-30T23:20:33.6906899,1099.278883,1081.845836,2198.557767,2,5658736
89048175,2026-07-30T23:44:32.5280172,1099.276162,1070.727078,2198.552323,2,7395077
88973902,2026-07-30T12:38:05.9189267,1099.273096,1066.437227,2198.546191,2,4711789
89038575,2026-07-30T22:24:02.2023025,1099.214595,1083.873092,2198.429191,2,6816816
88976603,2026-07-30T13:02:07.7280504,1099.198293,1091.267734,2198.396585,2,3513347
89029076,2026-07-30T20:56:46.2871705,1099.187348,1091.860526,2198.374696,2,2551269
89049187,2026-07-30T23:52:36.6802637,1099.154749,1090.622623,2198.309497,2,5547012
88957619,2026-07-30T10:14:08.8186328,1099.114131,1091.643955,2198.228261,2,4977606
89025816,2026-07-30T20:28:46.3739043,1099.090693,1090.193964,2198.181387,2,6229774
89035353,2026-07-30T21:55:31.4739409,1099.053321,1089.934933,2198.106641,2,4020964
89015333,2026-07-30T18:51:58.2056469,1099.050439,1082.399880,2198.100879,2,5429478
89029407,2026-07-30T21:00:42.9276653,1099.007946,1078.870686,2198.015892,2,6547285
89043142,2026-07-30T23:04:35.5785810,1098.990952,1070.483578,2197.981905,2,4488512
89042682,2026-07-30T23:00:33.4988459,1098.987296,1085.041060,2197.974592,2,4605234
89038140,2026-07-30T22:20:01.6115117,1098.980540,1092.341951,2197.961080,2,5351901
88899803,2026-07-30T01:45:48.6487198,1098.961316,1074.764674,2197.922633,2,5556581
88987616,2026-07-30T14:41:22.9419031,1098.919546,1078.451756,2197.839093,2,3925164
89043192,2026-07-30T23:04:35.6827931,1098.916707,1078.082146,2197.833413,2,3640077
89039942,2026-07-30T22:36:02.1777754,1098.900385,1097.606307,2197.800770,2,7333047
89039029,2026-07-30T22:28:01.3293076,1098.894369,1087.548946,2197.788737,2,5656002
89039468,2026-07-30T22:32:01.7085463,1098.885124,1071.115824,2197.770248,2,5250131
89032262,2026-07-30T21:27:41.6079492,1098.788545,1088.366929,2197.577089,2,6139349
89040394,2026-07-30T22:40:01.6097811,1098.771766,1068.799652,2197.543533,2,4792147
89031745,2026-07-30T21:23:29.0934757,1098.718634,1087.906090,2197.437267,2,3217931
88950137,2026-07-30T09:10:14.1106924,1098.707520,1091.113211,2197.415040,2,5085665
88927169,2026-07-30T05:46:15.9894306,1098.649068,1051.723218,2197.298135,2,5465822
89035932,2026-07-30T22:00:01.7004972,1098.615462,1082.667616,2197.230924,2,1339819
88908776,2026-07-30T03:05:48.6328529,1098.614012,1075.228801,2197.228025,2,5191477
89032608,2026-07-30T21:31:31.7814429,1098.581152,1086.597384,2197.162304,2,6352756
89039947,2026-07-30T22:36:02.1788220,1098.563369,1091.460742,2197.126737,2,5256479
88970947,2026-07-30T12:10:10.0239052,1098.522745,1032.426074,2197.045490,2,6126362
89037668,2026-07-30T22:16:01.5789591,1098.518724,1093.436895,2197.037449,2,4604269
88914411,2026-07-30T03:53:50.7506383,1098.455979,1057.063517,2196.911957,2,4838998
89036257,2026-07-30T22:04:01.8805978,1098.444954,1080.290371,2196.889907,2,3428595
89045608,2026-07-30T23:24:35.3110553,1098.427146,1094.572706,2196.854293,2,6144889
89047652,2026-07-30T23:40:33.7961113,1098.422784,1070.776796,2196.845567,2,3944783
89044127,2026-07-30T23:12:31.9063590,1098.418340,1083.319648,2196.836679,2,4981356
88994886,2026-07-30T15:45:23.0022626,1098.399027,1066.824622,2196.798053,2,3185399
89031251,2026-07-30T21:16:43.3190674,1098.394662,1085.746769,2196.789324,2,6102347
89032012,2026-07-30T21:27:40.8974162,1098.387501,1080.951756,2196.775003,2,5138366
89038586,2026-07-30T22:24:02.2241021,1098.324573,1096.858408,2196.649146,2,6273493
88963163,2026-07-30T11:02:08.5129901,1098.301906,1087.085758,2196.603812,2,4595518
88955795,2026-07-30T09:58:07.7261975,1098.301032,1071.938785,2196.602065,2,5445696
89036714,2026-07-30T22:08:01.5768315,1098.299231,1063.105275,2196.598463,2,4869030
89001307,2026-07-30T16:41:27.4631469,1098.291951,1056.416538,2196.583902,2,3769502
88992869,2026-07-30T15:25:23.4583607,1098.264235,1072.142075,2196.528469,2,6412373
89047549,2026-07-30T23:40:33.6120065,1098.254229,1093.450277,2196.508458,2,6831093
89035333,2026-07-30T21:55:31.4105706,1098.200763,1077.457873,2196.401525,2,4663684
89048669,2026-07-30T23:48:36.2252648,1098.117638,1049.314803,2196.235276,2,4316102
88891184,2026-07-30T00:29:32.2369879,1098.111699,1091.497722,2196.223397,2,5549603
89038174,2026-07-30T22:20:01.6908333,1098.105019,1077.500892,2196.210038,2,7696249
89039485,2026-07-30T22:32:01.7257838,1098.067220,1082.297714,2196.134440,2,3368816
89029387,2026-07-30T21:00:42.9023097,1098.067213,1080.384545,2196.134427,2,5912756
89030324,2026-07-30T21:08:43.9228674,1098.043119,1079.418600,2196.086237,2,6307836
89049182,2026-07-30T23:52:36.6722233,1098.024901,1075.750281,2196.049803,2,4937022
88938542,2026-07-30T07:26:08.1203494,1098.014137,1086.996067,2196.028274,2,4540713
88995088,2026-07-30T15:45:23.3617431,1097.995657,1071.774387,2195.991315,2,2311424
88971295,2026-07-30T12:14:07.1561903,1097.982220,1060.699654,2195.964439,2,6610612
88890790,2026-07-30T00:25:34.1630362,1097.949270,1095.592444,2195.898541,2,5758110
89000222,2026-07-30T16:33:26.8178496,1097.938723,1090.932666,2195.877445,2,6507197
89038137,2026-07-30T22:20:01.6048811,1097.916675,1090.669369,2195.833349,2,5685793
88983209,2026-07-30T13:58:08.8320681,1097.915829,1060.573741,2195.831657,2,5325110
89027113,2026-07-30T20:40:43.9735656,1097.858336,1051.164404,2195.716672,2,8243239
89000919,2026-07-30T16:37:27.9651898,1097.831838,1090.020767,2195.663677,2,3730957
89036269,2026-07-30T22:04:01.9028566,1097.794151,1089.411760,2195.588301,2,3372799
88936354,2026-07-30T07:06:13.7470806,1097.757997,1036.172299,2195.515994,2,4066867
89035317,2026-07-30T21:55:31.3969343,1097.748592,1046.908197,2195.497184,2,6695070
89047613,2026-07-30T23:40:33.7195592,1097.731137,1081.119338,2195.462273,2,5147246
88887935,2026-07-30T00:01:26.0141114,1097.717726,1072.370972,2195.435452,2,5719208
89027097,2026-07-30T20:40:43.9237280,1097.664650,1031.242640,2195.329300,2,6332442
89044610,2026-07-30T23:16:31.5407995,1097.660050,1065.303316,2195.320099,2,4829790
89047058,2026-07-30T23:36:32.9110700,1097.653489,1089.101910,2195.306977,2,2967515
89036248,2026-07-30T22:04:01.8409506,1097.626604,1065.349079,2195.253208,2,5597795
88899267,2026-07-30T01:41:48.6556831,1097.613640,1086.379070,2195.227279,2,4063467
88955240,2026-07-30T09:54:08.2922409,1097.557655,1079.819404,2195.115310,2,3572157
88956147,2026-07-30T10:02:08.2811134,1097.555068,1079.716504,2195.110137,2,3289982
89015906,2026-07-30T18:55:59.2622698,1097.541056,1096.051716,2195.082113,2,5243431
89039478,2026-07-30T22:32:01.7184560,1097.540961,1092.874782,2195.081923,2,3250510
89049693,2026-07-30T23:56:35.6087978,1097.435434,1096.670994,2194.870868,2,5605967
89037675,2026-07-30T22:16:01.5838525,1097.392675,1095.067584,2194.785349,2,6032471
89046628,2026-07-30T23:32:35.0206542,1097.365955,1077.217324,2194.731910,2,1250262
89035812,2026-07-30T22:00:01.4819031,1097.341789,1094.861059,2194.683578,2,5241777
89038139,2026-07-30T22:20:01.6090007,1097.333249,1094.117066,2194.666498,2,1652252
88921782,2026-07-30T04:58:12.4858638,1097.330127,1088.807223,2194.660254,2,5447321
89045110,2026-07-30T23:20:33.7010824,1097.272040,1085.219899,2194.544080,2,5121023
89047109,2026-07-30T23:36:32.9878490,1097.237741,1063.146805,2194.475481,2,4632056
89034085,2026-07-30T21:43:32.1206794,1097.224271,1083.365992,2194.448542,2,4765206
88892637,2026-07-30T00:41:34.1278236,1097.193306,1093.120332,2194.386613,2,4278258
89048666,2026-07-30T23:48:36.2194785,1097.136855,1038.793623,2194.273710,2,5233521
89026713,2026-07-30T20:36:44.3251262,1097.071966,1072.700171,2194.143932,2,4305762
89035442,2026-07-30T21:55:31.6567811,1097.069559,1086.498446,2194.139118,2,4586629
89049685,2026-07-30T23:56:35.5989438,1097.059881,1072.451254,2194.119761,2,4791814
88981411,2026-07-30T13:42:08.1259146,1097.057564,1077.521961,2194.115128,2,5064374
89012020,2026-07-30T18:23:57.7835961,1097.033303,1077.585678,2194.066606,2,4980212
89048172,2026-07-30T23:44:32.5288467,1097.016203,1084.765950,2194.032405,2,5114734
88922693,2026-07-30T05:06:13.1107607,1096.951558,1089.915430,2193.903116,2,6011499
89048191,2026-07-30T23:44:32.5848053,1096.943878,1096.608470,2193.887756,2,7235518
89029404,2026-07-30T21:00:42.9230691,1096.925365,1083.441063,2193.850730,2,4081271
88974361,2026-07-30T12:42:08.1310374,1096.897096,1072.234981,2193.794191,2,5110654
89036273,2026-07-30T22:04:01.9128344,1096.873509,1095.361967,2193.747019,2,2751081
88963346,2026-07-30T11:06:07.5332936,1096.839145,1067.432726,2193.678291,2,2969444
88921355,2026-07-30T04:54:12.3935268,1096.816470,1063.978465,2193.632940,2,4336787
88955163,2026-07-30T09:54:08.0037117,1096.791912,1075.952613,2193.583824,2,3847688
89039813,2026-07-30T22:36:01.8842501,1096.781780,1044.712080,2193.563559,2,4087966
88895884,2026-07-30T01:09:34.1283345,1096.771483,1078.625227,2193.542967,2,5682378
88889839,2026-07-30T00:17:32.2366156,1096.770315,1070.861883,2193.540630,2,3354488
89048707,2026-07-30T23:48:36.3312096,1096.734667,1074.830643,2193.469334,2,4667256
88930204,2026-07-30T06:14:14.2457566,1096.672188,1072.048111,2193.344376,2,6659637
88950479,2026-07-30T09:10:15.2741473,1096.668033,1072.048708,2193.336066,2,4102100
89049183,2026-07-30T23:52:36.6761716,1096.640497,1080.333581,2193.280995,2,4138633
89049204,2026-07-30T23:52:36.6998660,1096.598494,1080.623142,2193.196988,2,7335232
89000399,2026-07-30T16:33:27.1337634,1096.596797,1069.561551,2193.193594,2,5095929
88993068,2026-07-30T15:29:24.9281250,1096.552800,1077.506806,2193.105600,2,3253961
89036263,2026-07-30T22:04:01.8911684,1096.526049,1082.696598,2193.052097,2,3989900
89045618,2026-07-30T23:24:35.3192175,1096.525998,1080.857929,2193.051996,2,3060749
89030305,2026-07-30T21:08:43.8840275,1096.518449,1051.758383,2193.036898,2,3929093
88895385,2026-07-30T01:05:31.9431558,1096.481655,1058.790922,2192.963309,2,4545129
88950032,2026-07-30T09:06:11.8385105,1096.430790,1051.554295,2192.861580,2,4522152
89044640,2026-07-30T23:16:31.5999546,1096.381402,1094.843367,2192.762803,2,4337340
89012271,2026-07-30T18:23:58.3245105,1096.350400,1071.207998,2192.700800,2,6961476
88895414,2026-07-30T01:05:32.0272013,1096.330199,1068.305493,2192.660398,2,4997452
89044155,2026-07-30T23:12:31.9369158,1096.306112,1091.905452,2192.612225,2,4091406
88976865,2026-07-30T13:02:08.1961764,1096.305307,1046.433643,2192.610613,2,5630633
89032645,2026-07-30T21:31:31.9646748,1096.305268,1089.207268,2192.610536,2,5216673
89013453,2026-07-30T18:35:59.8036538,1096.244030,1081.561930,2192.488059,2,5540436
88896330,2026-07-30T01:13:31.1113845,1096.226962,1064.843599,2192.453924,2,4905256
88977274,2026-07-30T13:06:08.3366026,1096.223502,1034.916271,2192.447004,2,6095553
88912516,2026-07-30T03:37:51.1503491,1096.198959,1055.164442,2192.397918,2,4447680
88907920,2026-07-30T02:57:48.3319790,1096.194226,1091.838629,2192.388451,2,5121541
88893118,2026-07-30T00:45:30.3247195,1096.193377,1072.029314,2192.386754,2,4856037
89045122,2026-07-30T23:20:33.7175486,1096.191640,1095.215180,2192.383279,2,6350421
89038570,2026-07-30T22:24:02.1945864,1096.185075,1070.485165,2192.370150,2,4654417
89033113,2026-07-30T21:35:32.4855771,1096.181198,1093.188472,2192.362397,2,3848691
88894076,2026-07-30T00:53:31.3274128,1096.171856,1094.012648,2192.343712,2,3707079
89026128,2026-07-30T20:32:45.7245683,1096.168440,1050.594700,2192.336880,2,5688464
89048700,2026-07-30T23:48:36.3234701,1096.164070,1094.447101,2192.328141,2,5339209
88960754,2026-07-30T10:42:07.7247656,1096.149942,1046.117337,2192.299883,2,4711725
89042223,2026-07-30T22:56:34.7808355,1096.094404,1075.125515,2192.188808,2,4359173
88954292,2026-07-30T09:46:07.9231015,1096.069823,1063.208353,2192.139647,2,5219146
89039052,2026-07-30T22:28:01.3871163,1096.006633,1083.981292,2192.013266,2,4371864
89017005,2026-07-30T19:07:57.6378883,1095.956378,1090.675762,2191.912756,2,5164873
89048182,2026-07-30T23:44:32.5729428,1095.954355,1092.153411,2191.908709,2,6548666
89040439,2026-07-30T22:40:01.6876244,1095.930973,1081.726640,2191.861946,2,3092208
89032596,2026-07-30T21:31:31.7759255,1095.929964,1084.079773,2191.859928,2,3728647
88959438,2026-07-30T10:30:11.7789422,1095.919598,1035.427188,2191.839197,2,4551564
88913933,2026-07-30T03:49:52.7680292,1095.915176,1063.584810,2191.830352,2,5894603
88888924,2026-07-30T00:09:27.4622127,1095.896810,1054.595017,2191.793620,2,2428217
88887955,2026-07-30T00:01:26.0394064,1095.873812,1094.896138,2191.747625,2,5163624
89049189,2026-07-30T23:52:36.6821138,1095.864929,1087.721208,2191.729857,2,2444768
88962298,2026-07-30T10:54:07.8630071,1095.859409,1067.600890,2191.718817,2,4997267
89028558,2026-07-30T20:52:43.6812961,1095.858006,1084.552000,2191.716012,2,4377597
88955662,2026-07-30T09:58:07.4129538,1095.784592,1066.914247,2191.569183,2,5600160
88914835,2026-07-30T03:57:50.3983933,1095.753742,1070.985473,2191.507483,2,5025527
88926691,2026-07-30T05:42:15.0309550,1095.710441,1049.267821,2191.420882,2,724502
89032232,2026-07-30T21:27:41.5207885,1095.670685,1090.202690,2191.341369,2,5653214
88958615,2026-07-30T10:22:08.0594068,1095.647471,1068.957881,2191.294943,2,3873751
89020573,2026-07-30T19:39:57.6114114,1095.606824,1085.865572,2191.213649,2,4169416
88896733,2026-07-30T01:17:31.4916480,1095.586756,1043.324031,2191.173512,2,4276254
89045123,2026-07-30T23:20:33.7178568,1095.580726,1094.082236,2191.161452,2,4296211
89034426,2026-07-30T21:47:31.8015669,1095.558790,1078.196612,2191.117580,2,6099833
89048677,2026-07-30T23:48:36.2384601,1095.493361,1088.908046,2190.986722,2,3766854
89007292,2026-07-30T17:36:56.1023482,1095.469698,1069.921513,2190.939396,2,2318593
88931321,2026-07-30T06:22:13.0375917,1095.460465,1053.851260,2190.920930,2,6123128
89033964,2026-07-30T21:43:31.9099749,1095.457582,1076.630290,2190.915164,2,6895551
89038124,2026-07-30T22:20:01.5877964,1095.451501,1084.681706,2190.903001,2,3336341
88894682,2026-07-30T01:01:29.0154589,1095.430393,1066.209190,2190.860787,2,3960556
88938977,2026-07-30T07:30:25.2641831,1095.425394,1091.584047,2190.850789,2,5246056
89033516,2026-07-30T21:39:31.7082478,1095.419333,1070.011541,2190.838665,2,3001847
89042699,2026-07-30T23:00:33.5243101,1095.398372,1093.534437,2190.796744,2,3591686
88920425,2026-07-30T04:46:16.1473464,1095.381604,1055.565939,2190.763209,2,4786996
88979033,2026-07-30T13:22:08.2401566,1095.353694,1072.934613,2190.707388,2,5596075
89037228,2026-07-30T22:12:01.8111664,1095.344126,1082.853184,2190.688252,2,4465849
89045612,2026-07-30T23:24:35.3154441,1095.329911,1093.257584,2190.659822,2,4530215
88997668,2026-07-30T16:09:23.8360812,1095.326225,1076.896003,2190.652450,2,5653398
89049692,2026-07-30T23:56:35.6070291,1095.256324,1083.496746,2190.512647,2,5760409
89039032,2026-07-30T22:28:01.3326322,1095.255069,1088.850054,2190.510139,2,3943473
88888444,2026-07-30T00:05:26.3650236,1095.246821,1067.834186,2190.493643,2,6421225
89033984,2026-07-30T21:43:31.9295005,1095.238566,1087.661954,2190.477132,2,2950182
89043658,2026-07-30T23:08:33.6015160,1095.233521,1084.000506,2190.467042,2,8164902
89034954,2026-07-30T21:51:31.7374514,1095.183552,1088.910555,2190.367103,2,5245692
89032204,2026-07-30T21:27:41.4787668,1095.171028,1089.247999,2190.342055,2,4040197
89038104,2026-07-30T22:20:01.5354574,1095.161199,1042.547957,2190.322397,2,3024617
88913902,2026-07-30T03:49:52.5742154,1095.150347,1036.049879,2190.300695,2,2817833
89046097,2026-07-30T23:28:32.2863607,1095.098996,1086.046942,2190.197993,2,4716194
89030721,2026-07-30T21:12:42.6643138,1095.092098,1081.640985,2190.184196,2,6268219
89033076,2026-07-30T21:35:32.4041004,1095.091874,1090.582717,2190.183748,2,3847260
88895613,2026-07-30T01:09:33.1372663,1095.090189,1094.778512,2190.180378,2,4698368
88976909,2026-07-30T13:02:08.2235863,1095.069701,1047.433929,2190.139403,2,5226905
88906712,2026-07-30T02:45:48.8379717,1095.067195,1053.612260,2190.134390,2,5251638
88894466,2026-07-30T00:57:29.8375577,1095.045198,1047.518196,2190.090396,2,4451481
88986265,2026-07-30T14:29:24.6652533,1095.042737,1077.570004,2190.085474,2,6266834
89045127,2026-07-30T23:20:33.7225226,1095.037557,1079.284159,2190.075115,2,6496897
89045636,2026-07-30T23:24:35.3803957,1094.997703,1076.133844,2189.995405,2,6693026
89043152,2026-07-30T23:04:35.5895446,1094.991798,1093.235993,2189.983596,2,5453653
89031759,2026-07-30T21:23:29.1164761,1094.962346,1087.331684,2189.924692,2,6008104
89035789,2026-07-30T22:00:01.4182858,1094.882291,1059.534209,2189.764581,2,5840318
88968844,2026-07-30T11:54:06.7480578,1094.869001,1073.825091,2189.738002,2,4332519
88979412,2026-07-30T13:26:09.4420481,1094.865821,1082.575291,2189.731642,2,2977054
88895309,2026-07-30T01:05:31.7440880,1094.815224,1073.703702,2189.630448,2,5507813
89045029,2026-07-30T23:20:33.5781602,1094.812497,1061.974758,2189.624994,2,7089339
89042235,2026-07-30T22:56:34.7932663,1094.807465,1090.091844,2189.614931,2,4624478
88891921,2026-07-30T00:37:30.4878377,1094.804247,1054.035648,2189.608494,2,5594414
88895829,2026-07-30T01:09:34.0211336,1094.792696,1053.225738,2189.585391,2,4692324
89039944,2026-07-30T22:36:02.1788397,1094.788575,1093.983522,2189.577151,2,1762979
89044144,2026-07-30T23:12:31.9287471,1094.779984,1084.473447,2189.559968,2,3420511
88889463,2026-07-30T00:13:28.8327334,1094.730024,1060.484575,2189.460047,2,4921784
89038581,2026-07-30T22:24:02.2142225,1094.702223,1078.855856,2189.404445,2,4519508
89044154,2026-07-30T23:12:31.9412718,1094.631193,1088.847408,2189.262385,2,3756645
88968349,2026-07-30T11:50:11.7690495,1094.631013,1037.900052,2189.262025,2,3622739
89044126,2026-07-30T23:12:31.9058561,1094.519882,1068.893237,2189.039765,2,3448798
89032647,2026-07-30T21:31:31.9702408,1094.503186,1087.287470,2189.006372,2,4461844
88995144,2026-07-30T15:45:23.4499769,1094.499163,1079.044181,2188.998326,2,3760545
89048706,2026-07-30T23:48:36.3309866,1094.454141,1081.496707,2188.908282,2,3433344
88951434,2026-07-30T09:18:14.2501014,1094.449565,1088.690762,2188.899129,2,5389843
89022006,2026-07-30T19:56:46.4066460,1094.438593,1055.684940,2188.877185,2,6382482
89027749,2026-07-30T20:44:44.3069526,1094.402944,1087.228891,2188.805888,2,4601730
89031239,2026-07-30T21:16:43.2981621,1094.385916,1076.546043,2188.771832,2,2530958
88892702,2026-07-30T00:41:34.2286594,1094.338246,1076.908575,2188.676493,2,5315584
89034878,2026-07-30T21:51:31.6134495,1094.330672,1072.227540,2188.661344,2,5148316
89049707,2026-07-30T23:56:35.6231067,1094.326263,1081.775386,2188.652525,2,5497717
88892173,2026-07-30T00:37:30.8518681,1094.310523,1060.267050,2188.621046,2,3601511
89049121,2026-07-30T23:52:36.4993595,1094.306054,1070.954180,2188.612108,2,5531007
89036280,2026-07-30T22:04:01.9273672,1094.287241,1093.742962,2188.574482,2,6675593
89025204,2026-07-30T20:24:45.6243152,1094.231984,1033.024642,2188.463968,2,6282179
88889923,2026-07-30T00:17:32.5101507,1094.222042,1065.785821,2188.444084,2,4916987
89045139,2026-07-30T23:20:33.7736148,1094.207580,1068.563285,2188.415160,2,6978044
88889311,2026-07-30T00:13:28.4340827,1094.197158,1086.087770,2188.394317,2,3485129
88925217,2026-07-30T05:30:16.6284987,1094.152021,1087.574971,2188.304042,2,4173521
88930736,2026-07-30T06:18:13.8243281,1094.109278,1072.476805,2188.218556,2,8263737
89037220,2026-07-30T22:12:01.7979202,1094.064425,1090.341618,2188.128850,2,3838270
89031279,2026-07-30T21:16:43.3843008,1093.969219,1082.229885,2187.938439,2,5400073
89021045,2026-07-30T19:49:17.2800598,1093.966931,1072.189527,2187.933861,2,5003840
88912988,2026-07-30T03:41:53.1555362,1093.915530,1063.757316,2187.831060,2,5899611
88888940,2026-07-30T00:09:27.5079289,1093.905923,1090.839545,2187.811846,2,5893682
88888927,2026-07-30T00:09:27.4650686,1093.878470,1061.507984,2187.756940,2,6092495
88971845,2026-07-30T12:18:07.7185207,1093.810470,1077.105484,2187.620939,2,5060460
88891292,2026-07-30T00:29:33.1331795,1093.788326,1091.059334,2187.576652,2,3788483
88914014,2026-07-30T03:49:52.9662113,1093.779293,1085.024417,2187.558586,2,6200030
88911763,2026-07-30T03:29:57.8931997,1093.764952,1086.706634,2187.529904,2,3143978
88970217,2026-07-30T12:06:06.3855606,1093.762323,1072.852281,2187.524647,2,4466613
89049209,2026-07-30T23:52:36.7069705,1093.703879,1075.811793,2187.407758,2,3896971
88888477,2026-07-30T00:05:26.4244936,1093.670155,1075.039382,2187.340310,2,2482805
88974801,2026-07-30T12:46:07.8694736,1093.638405,1079.102297,2187.276810,2,6884119
89048674,2026-07-30T23:48:36.2313640,1093.615087,1052.151690,2187.230174,2,6624065
89032176,2026-07-30T21:27:41.3927287,1093.606663,1086.289842,2187.213326,2,5684499
89041313,2026-07-30T22:48:33.4270817,1093.547087,1078.930466,2187.094174,2,5178897
89031426,2026-07-30T21:16:43.7415307,1093.542870,1092.424700,2187.085741,2,7094183
89037680,2026-07-30T22:16:01.5892736,1093.501254,1084.716105,2187.002509,2,8048064
88958838,2026-07-30T10:26:07.8384870,1093.486605,1071.203610,2186.973210,2,3113118
89048621,2026-07-30T23:48:36.1295115,1093.459752,1079.857981,2186.919504,2,9100472
89025741,2026-07-30T20:28:46.2330774,1093.453047,1037.838684,2186.906093,2,5473386
89049686,2026-07-30T23:56:35.5992935,1093.442846,1066.300755,2186.885692,2,5007329
88889811,2026-07-30T00:17:32.2121041,1093.403970,1070.916532,2186.807940,2,3462283
89025265,2026-07-30T20:24:45.7192898,1093.363212,1072.589900,2186.726425,2,6715374
89019664,2026-07-30T19:31:57.6091394,1093.354939,1059.355063,2186.709878,2,4742370
89006168,2026-07-30T17:29:29.5722298,1093.352879,1053.723333,2186.705759,2,1161153
89049684,2026-07-30T23:56:35.5946988,1093.337680,1067.328285,2186.675360,2,6065733
88908436,2026-07-30T03:01:49.9498084,1093.330608,1069.056046,2186.661215,2,3676330
89039030,2026-07-30T22:28:01.3308710,1093.324716,1069.653309,2186.649432,2,5604669
89041324,2026-07-30T22:48:33.4383234,1093.314980,1090.308504,2186.629959,2,4448216
89037222,2026-07-30T22:12:01.8031417,1093.295809,1084.179268,2186.591618,2,3646518
89043603,2026-07-30T23:08:33.5266321,1093.280924,1055.581885,2186.561848,2,990403
89040868,2026-07-30T22:44:01.8844430,1093.264165,1088.570293,2186.528330,2,5693535
89047120,2026-07-30T23:36:33.0021398,1093.244137,1077.518970,2186.488274,2,3451923
89047633,2026-07-30T23:40:33.7787605,1093.202107,1088.237221,2186.404214,2,5143259
89049217,2026-07-30T23:52:36.7157575,1093.138768,1068.772838,2186.277535,2,2843618
89047632,2026-07-30T23:40:33.7787251,1093.132251,1086.873432,2186.264501,2,5461598
89048683,2026-07-30T23:48:36.2768506,1093.114959,1077.380261,2186.229918,2,4908218
88893081,2026-07-30T00:45:30.2545785,1093.086120,1088.603729,2186.172240,2,5663262
88921803,2026-07-30T04:58:12.5218444,1093.062734,1089.106437,2186.125468,2,5705365
89029932,2026-07-30T21:04:43.7766020,1093.022845,1086.182089,2186.045690,2,4575314
89043622,2026-07-30T23:08:33.5372777,1093.015227,1082.502128,2186.030454,2,5029800
89033070,2026-07-30T21:35:32.3968837,1092.980493,1076.335974,2185.960986,2,6791879
89041768,2026-07-30T22:52:32.5846465,1092.977484,1071.355404,2185.954968,2,5264087
89033073,2026-07-30T21:35:32.4019153,1092.974555,1085.846031,2185.949110,2,2384777
88947995,2026-07-30T08:50:15.0911957,1092.963335,1076.258675,2185.926671,2,3265957
89045254,2026-07-30T23:20:33.9774609,1092.944600,1057.800795,2185.889201,2,4862067
89030375,2026-07-30T21:08:44.0672167,1092.928979,1078.336619,2185.857959,2,3579359
89046114,2026-07-30T23:28:32.3042156,1092.928713,1084.109785,2185.857426,2,3096273
89043643,2026-07-30T23:08:33.5880562,1092.916165,1092.129320,2185.832329,2,5653105
89039109,2026-07-30T22:28:01.4896335,1092.912716,1070.771018,2185.825432,2,4571347
89047624,2026-07-30T23:40:33.7725912,1092.907733,1092.810919,2185.815467,2,5672064
89007977,2026-07-30T17:44:53.8751147,1092.903601,1062.360111,2185.807203,2,7818280
89005535,2026-07-30T17:17:27.2195883,1092.902102,1086.381522,2185.804203,2,6481246
88940003,2026-07-30T07:38:08.9221872,1092.875882,1080.306941,2185.751763,2,3783404
89036722,2026-07-30T22:08:01.5901442,1092.866453,1068.226859,2185.732906,2,7220813
89046614,2026-07-30T23:32:35.0031196,1092.820928,1091.804262,2185.641856,2,4752096
89009611,2026-07-30T17:59:58.7228046,1092.814295,1087.033791,2185.628590,2,7542919
88948029,2026-07-30T08:50:15.2420378,1092.796240,1056.290435,2185.592480,2,5428648
88912122,2026-07-30T03:33:50.5524945,1092.793811,1085.409962,2185.587622,2,7077616
89039459,2026-07-30T22:32:01.6873206,1092.786173,1027.187001,2185.572347,2,4176898
89038150,2026-07-30T22:20:01.6272622,1092.728638,1089.474430,2185.457277,2,6402435
89028927,2026-07-30T20:56:46.0285244,1092.728305,1057.008727,2185.456609,2,5430989
89034418,2026-07-30T21:47:31.7940616,1092.712402,1083.097198,2185.424805,2,4405837
88992879,2026-07-30T15:25:23.4670764,1092.691220,1057.812514,2185.382440,2,7072494
88892168,2026-07-30T00:37:30.8471160,1092.620436,1061.428326,2185.240872,2,4570486
88893556,2026-07-30T00:49:32.8740304,1092.614758,1062.219281,2185.229515,2,6658618
88976260,2026-07-30T12:58:08.3713400,1092.599561,1090.256142,2185.199122,2,4508360
88984130,2026-07-30T14:09:46.5159004,1092.581712,1061.882264,2185.163423,2,4365277
88943640,2026-07-30T08:10:09.8229370,1092.567834,1076.976834,2185.135667,2,5854386
88997999,2026-07-30T16:13:26.4395754,1092.551269,1082.187004,2185.102538,2,4267718
89041354,2026-07-30T22:48:33.5151612,1092.538252,1072.893416,2185.076504,2,4796165
89036275,2026-07-30T22:04:01.9146807,1092.523857,1085.847562,2185.047714,2,6037498
88892699,2026-07-30T00:41:34.2267161,1092.519728,1050.728948,2185.039457,2,4456708
89038579,2026-07-30T22:24:02.2146456,1092.502778,1077.982412,2185.005557,2,3968210
89033970,2026-07-30T21:43:31.9086431,1092.485902,1066.789743,2184.971803,2,5002465
88890759,2026-07-30T00:25:33.9714863,1092.425157,1040.705245,2184.850315,2,2694109
88942417,2026-07-30T08:02:08.2148346,1092.410603,1065.074958,2184.821205,2,4564956
89029021,2026-07-30T20:56:46.1907738,1092.382192,1075.369861,2184.764384,2,6407456
88906515,2026-07-30T02:45:48.2789461,1092.346491,1049.290852,2184.692982,2,5383736
89031727,2026-07-30T21:23:29.0280522,1092.342093,1080.213245,2184.684186,2,7179166
89046597,2026-07-30T23:32:34.9790617,1092.324611,1074.038377,2184.649222,2,5823309
88954975,2026-07-30T09:50:11.9225170,1092.301575,1072.336323,2184.603150,2,6963478
88951712,2026-07-30T09:22:07.9720086,1092.298633,1085.792665,2184.597267,2,5101258
88902553,2026-07-30T02:09:49.2219573,1092.285563,1085.938491,2184.571125,2,5481824
89039494,2026-07-30T22:32:01.7361570,1092.273414,1081.552937,2184.546829,2,3913938
89045609,2026-07-30T23:24:35.3112903,1092.179520,1081.771382,2184.359040,2,5202633
88966138,2026-07-30T11:30:09.4461850,1092.175748,1083.524415,2184.351496,2,4447857
88972703,2026-07-30T12:26:06.4202534,1092.166540,1072.102591,2184.333080,2,3768591
89043163,2026-07-30T23:04:35.6068566,1092.115329,1086.229423,2184.230658,2,3772188
88943121,2026-07-30T08:06:08.3395567,1092.076211,1061.708259,2184.152423,2,5339439
88928157,2026-07-30T05:54:16.0268370,1092.063095,1078.843675,2184.126190,2,4462449
89030813,2026-07-30T21:12:42.8698689,1092.059017,1083.804767,2184.118033,2,4827885
88889388,2026-07-30T00:13:28.6414618,1092.044526,1090.332116,2184.089053,2,7584408
89047621,2026-07-30T23:40:33.7277478,1092.001220,1083.058595,2184.002440,2,4283632
89040869,2026-07-30T22:44:01.8854297,1091.987695,1086.811857,2183.975391,2,3154655
89044145,2026-07-30T23:12:31.9292473,1091.958412,1087.084578,2183.916824,2,3768865
88908784,2026-07-30T03:05:48.6855120,1091.936960,1088.108642,2183.873920,2,7562934
89029982,2026-07-30T21:04:43.9000102,1091.925745,1088.587585,2183.851490,2,4064140
89040393,2026-07-30T22:40:01.6095334,1091.908688,1069.267069,2183.817375,2,3503389
88898828,2026-07-30T01:37:49.1320688,1091.907913,1062.910075,2183.815827,2,4931822
89030312,2026-07-30T21:08:43.9004807,1091.873517,1061.898601,2183.747035,2,4913920
88971787,2026-07-30T12:18:07.4583986,1091.852642,1087.022190,2183.705285,2,6215890
88887940,2026-07-30T00:01:26.0222317,1091.851085,1058.579033,2183.702171,2,4491073
89035382,2026-07-30T21:55:31.4966036,1091.845426,1084.515136,2183.690852,2,3199844
88953435,2026-07-30T09:38:08.7933432,1091.814905,1077.117214,2183.629811,2,4779759
89044609,2026-07-30T23:16:31.5413731,1091.814779,1072.661696,2183.629558,2,5427357
89035346,2026-07-30T21:55:31.4230695,1091.793362,1091.165548,2183.586725,2,5884773
88908075,2026-07-30T02:57:48.6350049,1091.758952,1059.559353,2183.517903,2,7070212
89040426,2026-07-30T22:40:01.6743181,1091.743746,1091.221561,2183.487492,2,2621393
89040855,2026-07-30T22:44:01.8276315,1091.729684,1061.488279,2183.459369,2,6690538
88890327,2026-07-30T00:21:34.2275643,1091.717809,1080.601984,2183.435617,2,3793166
89038129,2026-07-30T22:20:01.5952389,1091.706801,1076.977809,2183.413602,2,3834438
89039470,2026-07-30T22:32:01.7098236,1091.691441,1052.261493,2183.382883,2,7226067
89036817,2026-07-30T22:08:01.7982551,1091.657785,1075.064356,2183.315571,2,4693419
89034893,2026-07-30T21:51:31.6322669,1091.579647,1086.651578,2183.159294,2,5770012
89033973,2026-07-30T21:43:31.9173138,1091.577204,1085.036934,2183.154409,2,3809699
89039479,2026-07-30T22:32:01.7198196,1091.570794,1081.878684,2183.141588,2,5473343
89034877,2026-07-30T21:51:31.6111110,1091.570389,1074.309427,2183.140779,2,4797516
89041339,2026-07-30T22:48:33.4842366,1091.559098,1091.460664,2183.118196,2,4475827
88966613,2026-07-30T11:34:07.9315211,1091.557049,1089.226872,2183.114098,2,3610564
88969068,2026-07-30T11:54:07.1456539,1091.545266,1076.827548,2183.090533,2,3303323
89038572,2026-07-30T22:24:02.1968880,1091.492854,1067.209096,2182.985709,2,4214314
88897200,2026-07-30T01:21:33.3675735,1091.483341,1045.754775,2182.966682,2,685661
89039495,2026-07-30T22:32:01.7381770,1091.461723,1084.211441,2182.923445,2,5387731
89026633,2026-07-30T20:36:44.1855791,1091.460857,1081.660614,2182.921715,2,6034199
89048703,2026-07-30T23:48:36.3256275,1091.436492,1084.032931,2182.872984,2,5861833
89048709,2026-07-30T23:48:36.3306094,1091.421646,1080.129254,2182.843293,2,4636078
89035715,2026-07-30T22:00:01.2920196,1091.401109,1090.816228,2182.802219,2,4568070
89032613,2026-07-30T21:31:31.7886262,1091.385390,1078.367567,2182.770780,2,5142504
89043609,2026-07-30T23:08:33.5290300,1091.370989,1051.335607,2182.741979,2,4558164
89030440,2026-07-30T21:08:44.1933564,1091.356131,1082.419670,2182.712262,2,6333369
89036740,2026-07-30T22:08:01.6189615,1091.341036,1084.237551,2182.682072,2,6324608
89039918,2026-07-30T22:36:02.1189533,1091.329359,1021.731397,2182.658719,2,4770846
89020201,2026-07-30T19:35:59.0899265,1091.320422,1079.286882,2182.640845,2,7735077
89040402,2026-07-30T22:40:01.6220589,1091.278555,1078.160246,2182.557110,2,5970938
89029040,2026-07-30T20:56:46.2175407,1091.266936,1071.387883,2182.533873,2,4840215
89039018,2026-07-30T22:28:01.3169338,1091.257277,1057.719649,2182.514555,2,4149793
88889800,2026-07-30T00:17:32.1011974,1091.226200,1077.499060,2182.452400,2,3993350
88890290,2026-07-30T00:21:34.1090043,1091.125790,1087.458862,2182.251581,2,5279284
89033523,2026-07-30T21:39:31.7185108,1091.121849,1074.744957,2182.243699,2,4585204
88888935,2026-07-30T00:09:27.4753581,1091.112792,1074.589392,2182.225584,2,5418749
88993788,2026-07-30T15:33:24.2588574,1091.102635,1052.134871,2182.205269,2,3920333
89039024,2026-07-30T22:28:01.3216782,1091.078694,1061.646014,2182.157388,2,4739952
89026806,2026-07-30T20:36:44.5210806,1091.066116,1081.451444,2182.132232,2,3409798
89035823,2026-07-30T22:00:01.5102496,1091.061738,1086.670626,2182.123476,2,5193496
89035398,2026-07-30T21:55:31.5143234,1091.033958,1090.779702,2182.067917,2,3060979
89036725,2026-07-30T22:08:01.5963413,1090.995954,1070.758488,2181.991907,2,5789359
88970241,2026-07-30T12:06:06.4829713,1090.982777,1067.677275,2181.965554,2,5056482
89019330,2026-07-30T19:27:57.8514567,1090.971418,1086.342598,2181.942837,2,6885102
88892178,2026-07-30T00:37:30.8647751,1090.947493,1065.869527,2181.894986,2,6427392
89009827,2026-07-30T18:03:57.8870808,1090.823792,1073.797851,2181.647585,2,4435003
89038592,2026-07-30T22:24:02.2287248,1090.817271,1090.314473,2181.634541,2,4928030
89030781,2026-07-30T21:12:42.7932297,1090.815347,1071.353134,2181.630694,2,4234000
89048184,2026-07-30T23:44:32.5792978,1090.815324,1090.595405,2181.630647,2,5232150
89006133,2026-07-30T17:29:29.4412388,1090.808547,1059.268137,2181.617095,2,2681151
89036253,2026-07-30T22:04:01.8760814,1090.773545,1068.841308,2181.547091,2,6378373
89029459,2026-07-30T21:00:43.0685928,1090.773260,1074.077626,2181.546519,2,6298116
88890278,2026-07-30T00:21:34.0415284,1090.761006,1062.449096,2181.522012,2,4619729
88947596,2026-07-30T08:46:13.4180817,1090.756466,1061.118628,2181.512932,2,4310212
88960709,2026-07-30T10:42:07.5611906,1090.737957,1074.455633,2181.475914,2,4532164
89001723,2026-07-30T16:45:27.0386161,1090.730797,1063.420065,2181.461593,2,5156456
89047643,2026-07-30T23:40:33.7883588,1090.728653,1084.854720,2181.457307,2,1417587
89039040,2026-07-30T22:28:01.3722569,1090.726919,1088.067100,2181.453837,2,4458524
89042232,2026-07-30T22:56:34.7895517,1090.714485,1080.142000,2181.428970,2,4987529
88998912,2026-07-30T16:21:22.9287545,1090.703178,1046.533214,2181.406356,2,2103366
89034441,2026-07-30T21:47:31.8226039,1090.703131,1069.052016,2181.406262,2,3817804
89014747,2026-07-30T18:47:57.9602101,1090.683084,1077.297379,2181.366168,2,4637915
88893055,2026-07-30T00:45:30.2294687,1090.661570,1033.149057,2181.323140,2,5492218
89022539,2026-07-30T20:00:45.8952198,1090.635214,1086.596954,2181.270428,2,9302433
89041304,2026-07-30T22:48:33.4166564,1090.627318,1060.005918,2181.254635,2,5156129
89043542,2026-07-30T23:08:33.3969450,1090.609553,1087.761261,2181.219106,2,5078627
89049195,2026-07-30T23:52:36.6880520,1090.578651,1086.607477,2181.157302,2,7307092
88968850,2026-07-30T11:54:06.7513300,1090.517241,1072.421165,2181.034483,2,3708584
89040834,2026-07-30T22:44:01.8059257,1090.505874,1022.539355,2181.011749,2,4946019
88959742,2026-07-30T10:34:07.4498467,1090.444837,1050.788768,2180.889673,2,4240587
88895328,2026-07-30T01:05:31.7878746,1090.429125,1031.224424,2180.858250,2,5760528
89033515,2026-07-30T21:39:31.7048643,1090.422506,1072.935519,2180.845013,2,6562139
89012471,2026-07-30T18:27:57.6835105,1090.420297,1078.889617,2180.840593,2,3556398
89049626,2026-07-30T23:56:35.5015392,1090.401537,1070.052149,2180.803075,2,6224541
88934094,2026-07-30T06:46:12.8269044,1090.374704,1081.325142,2180.749408,2,4276365
88953852,2026-07-30T09:42:09.5058204,1090.372546,1066.838498,2180.745092,2,4933793
89048186,2026-07-30T23:44:32.5814429,1090.365625,1088.425883,2180.731249,2,4098284
89034897,2026-07-30T21:51:31.6424686,1090.346416,1084.453393,2180.692831,2,5436805
89022040,2026-07-30T19:56:46.4697112,1090.318741,1088.911752,2180.637482,2,5878170
88887943,2026-07-30T00:01:26.0236959,1090.302227,1069.264964,2180.604454,2,5540690
89028471,2026-07-30T20:52:43.5682631,1090.297228,1050.924882,2180.594455,2,4686142
88975987,2026-07-30T12:54:08.0416913,1090.246499,1068.399172,2180.492998,2,4428828
88890293,2026-07-30T00:21:34.1124634,1090.192721,1062.523901,2180.385443,2,4447697
89026630,2026-07-30T20:36:44.1832849,1090.182032,1072.984327,2180.364064,2,4475552
88893146,2026-07-30T00:45:30.3473767,1090.158065,1031.295779,2180.316130,2,4763074
89037237,2026-07-30T22:12:01.8238168,1090.130933,1078.269143,2180.261866,2,2882251
88959922,2026-07-30T10:34:16.3753406,1090.130464,1069.218527,2180.260927,2,3639765
89049197,2026-07-30T23:52:36.6910089,1090.127685,1089.138674,2180.255370,2,4305802
89047105,2026-07-30T23:36:32.9857399,1090.126221,1088.473171,2180.252442,2,5093664
89026293,2026-07-30T20:32:45.9956631,1090.121369,1056.149168,2180.242738,2,6316974
88987816,2026-07-30T14:41:23.2952659,1090.110691,1015.797735,2180.221381,2,2919456
89029451,2026-07-30T21:00:43.0342380,1090.105310,1067.356081,2180.210620,2,4793869
88890296,2026-07-30T00:21:34.1174567,1090.026279,1073.037658,2180.052558,2,6181981
89035348,2026-07-30T21:55:31.4236918,1090.016115,1085.294231,2180.032230,2,6635862
89039953,2026-07-30T22:36:02.1868781,1089.994014,1084.139067,2179.988028,2,4579287
88999517,2026-07-30T16:25:22.9525876,1089.983170,1075.730492,2179.966340,2,5091953
88956562,2026-07-30T10:06:07.5387635,1089.960809,1056.778599,2179.921619,2,4148438
89002275,2026-07-30T16:49:27.4147023,1089.893558,1058.762584,2179.787115,2,7083607
89045675,2026-07-30T23:24:35.5270966,1089.874117,1063.886632,2179.748233,2,5206192
89026228,2026-07-30T20:32:45.8910835,1089.869059,1022.185279,2179.738118,2,5933903
89026574,2026-07-30T20:36:44.0847929,1089.859932,1031.874256,2179.719864,2,5301926
88968876,2026-07-30T11:54:06.8556341,1089.844700,1089.698848,2179.689400,2,3878959
89036182,2026-07-30T22:04:01.7405679,1089.834938,1087.262163,2179.669876,2,6157565
89047642,2026-07-30T23:40:33.7886386,1089.820415,1085.975278,2179.640830,2,4742866
89034425,2026-07-30T21:47:31.8010835,1089.820035,1064.604423,2179.640070,2,4988475
89034156,2026-07-30T21:43:32.3035436,1089.742584,1071.315787,2179.485169,2,6246687
89031096,2026-07-30T21:16:42.9907028,1089.684302,1058.331106,2179.368604,2,5936364
88957593,2026-07-30T10:14:08.7057394,1089.683025,1040.352251,2179.366050,2,3416212
88933606,2026-07-30T06:42:12.5457082,1089.677444,1083.257197,2179.354889,2,6177150
89044157,2026-07-30T23:12:31.9722509,1089.658407,1089.136873,2179.316814,2,4576463
88890232,2026-07-30T00:21:33.8619395,1089.656592,1063.458342,2179.313183,2,4764395
88887983,2026-07-30T00:01:26.0702881,1089.637579,1059.336433,2179.275157,2,4059593
88934050,2026-07-30T06:46:12.7539974,1089.632753,1065.403779,2179.265505,2,4798312
88907626,2026-07-30T02:53:59.0510229,1089.608041,1059.474078,2179.216081,2,4884296
89030770,2026-07-30T21:12:42.7744841,1089.598257,1037.325627,2179.196513,2,4605201
88917004,2026-07-30T04:17:51.3125193,1089.590965,1077.552426,2179.181929,2,5105938
89000372,2026-07-30T16:33:27.1048414,1089.580006,1057.779569,2179.160013,2,5576344
89041765,2026-07-30T22:52:32.5819115,1089.563901,1051.334495,2179.127802,2,2111020
89048686,2026-07-30T23:48:36.2831457,1089.523353,1072.499277,2179.046706,2,5114534
89027710,2026-07-30T20:44:44.2694045,1089.514998,1056.739375,2179.029996,2,5358659
89021105,2026-07-30T19:49:17.5614200,1089.483476,1021.195371,2178.966951,2,3141280
88891738,2026-07-30T00:33:32.3407752,1089.455529,1039.763496,2178.911058,2,994694
88939647,2026-07-30T07:38:07.8141822,1089.416710,1058.966800,2178.833419,2,4032969
88956105,2026-07-30T10:02:08.0954120,1089.394281,1042.950406,2178.788562,2,5809205
89000848,2026-07-30T16:37:27.8149901,1089.326057,1062.473288,2178.652115,2,4437346
88887948,2026-07-30T00:01:26.0296541,1089.315960,1072.589362,2178.631920,2,3912948
89033144,2026-07-30T21:35:32.5289009,1089.311753,1083.572512,2178.623507,2,7334913
89038578,2026-07-30T22:24:02.2148025,1089.291688,1068.747536,2178.583375,2,5270652
89049180,2026-07-30T23:52:36.6723631,1089.286210,1064.933657,2178.572421,2,4580031
89038132,2026-07-30T22:20:01.5988902,1089.281711,1079.642740,2178.563421,2,8876216
88932010,2026-07-30T06:30:15.3363336,1089.275831,1068.604284,2178.551662,2,3495875
89043247,2026-07-30T23:04:35.7853396,1089.250344,1070.145670,2178.500688,2,5128878
89028508,2026-07-30T20:52:43.5994113,1089.243137,1066.691601,2178.486275,2,1961430
89040856,2026-07-30T22:44:01.8737676,1089.234297,1065.143285,2178.468593,2,6436188
89048209,2026-07-30T23:44:32.6076542,1089.232938,1075.992836,2178.465876,2,5950508
89047104,2026-07-30T23:36:32.9856628,1089.208988,1084.284433,2178.417976,2,4206547
89041340,2026-07-30T22:48:33.4870505,1089.175945,1077.587803,2178.351890,2,3683002
89042706,2026-07-30T23:00:33.5752954,1089.158711,1085.569599,2178.317423,2,4625289
89004931,2026-07-30T17:13:27.1188319,1089.078078,1080.678415,2178.156156,2,5774395
89048687,2026-07-30T23:48:36.2821774,1089.066642,1063.411629,2178.133285,2,6104781
89036329,2026-07-30T22:04:02.0253827,1089.014792,1078.382783,2178.029584,2,5687460
89040410,2026-07-30T22:40:01.6282591,1089.010761,1085.619652,2178.021523,2,5836074
89009380,2026-07-30T17:59:58.2665728,1088.992705,1081.625436,2177.985411,2,3891156
88957041,2026-07-30T10:10:10.6863246,1088.951329,1045.992186,2177.902657,2,2063178
88893024,2026-07-30T00:45:30.1347943,1088.906719,1069.222774,2177.813437,2,2415829
88973270,2026-07-30T12:30:16.2603825,1088.897103,1043.145204,2177.794207,2,3297982
89024961,2026-07-30T20:20:44.7007516,1088.895804,1033.866483,2177.791607,2,1839695
89010280,2026-07-30T18:07:57.8872215,1088.855464,1086.106353,2177.710928,2,3652931
89027104,2026-07-30T20:40:43.9304147,1088.758599,1081.386809,2177.517199,2,2289900
88888951,2026-07-30T00:09:27.5217319,1088.729063,1080.943585,2177.458126,2,5199062
89039051,2026-07-30T22:28:01.3846256,1088.728650,1084.119731,2177.457300,2,4538264
89036261,2026-07-30T22:04:01.8842350,1088.717532,1061.594625,2177.435063,2,3889308
89037217,2026-07-30T22:12:01.7943509,1088.700949,1087.277103,2177.401897,2,4136834
89045583,2026-07-30T23:24:35.2805379,1088.666632,1028.892100,2177.333264,2,4389768
89039930,2026-07-30T22:36:02.1305581,1088.616021,1048.776057,2177.232042,2,3373646
89047634,2026-07-30T23:40:33.7786213,1088.596069,1078.747632,2177.192138,2,4192479
89016095,2026-07-30T18:59:59.2710986,1088.584707,1082.993134,2177.169414,2,5678877
88966211,2026-07-30T11:30:10.1030668,1088.577048,1062.284936,2177.154096,2,2842171
88913198,2026-07-30T03:41:53.4238095,1088.536326,1063.709319,2177.072653,2,6294237
88919472,2026-07-30T04:38:12.4063256,1088.527108,1074.138258,2177.054216,2,4262026
89048192,2026-07-30T23:44:32.5844336,1088.520036,1079.877825,2177.040071,2,9532394
89028909,2026-07-30T20:56:46.0105979,1088.515904,1040.856310,2177.031809,2,6142056
89042382,2026-07-30T22:56:35.0460680,1088.502281,1059.184414,2177.004563,2,4668246
89035351,2026-07-30T21:55:31.4719801,1088.500263,1064.324399,2177.000525,2,4893954
88948528,2026-07-30T08:54:13.9123119,1088.425346,1040.779570,2176.850693,2,6344393
89033513,2026-07-30T21:39:31.7000698,1088.420359,1057.241342,2176.840719,2,2977425
89034422,2026-07-30T21:47:31.7982864,1088.381655,1061.681540,2176.763309,2,5396350
89037667,2026-07-30T22:16:01.5768859,1088.360289,1080.141276,2176.720578,2,5434250
89039923,2026-07-30T22:36:02.1225629,1088.359328,1035.474224,2176.718656,2,3366207
89037051,2026-07-30T22:12:01.4143813,1088.328279,1053.949456,2176.656559,2,4579269
89032707,2026-07-30T21:31:32.0735692,1088.285142,1081.938970,2176.570285,2,923989
89041781,2026-07-30T22:52:32.5987973,1088.252524,1074.909117,2176.505049,2,4432431
89027744,2026-07-30T20:44:44.3000926,1088.241478,1065.234156,2176.482955,2,4730906
89042739,2026-07-30T23:00:33.6356732,1088.237278,1069.813130,2176.474556,2,4061844
89034502,2026-07-30T21:47:32.0027093,1088.155990,1085.524741,2176.311979,2,6401990
89045095,2026-07-30T23:20:33.6894721,1088.103036,1052.144174,2176.206072,2,4102811
89027719,2026-07-30T20:44:44.2735371,1088.095853,1064.470177,2176.191707,2,3478724
89034594,2026-07-30T21:47:32.1951775,1087.926901,1085.806980,2175.853803,2,5737331
89045611,2026-07-30T23:24:35.3124959,1087.900395,1087.345601,2175.800789,2,6137833
89028970,2026-07-30T20:56:46.1140089,1087.889235,1060.248006,2175.778469,2,3339065
88888441,2026-07-30T00:05:26.3614390,1087.855133,1049.244904,2175.710267,2,7104253
88954597,2026-07-30T09:46:08.8189289,1087.846078,1080.399911,2175.692155,2,6771037
89031705,2026-07-30T21:23:28.9830178,1087.846073,1065.408053,2175.692146,2,2597460
88919833,2026-07-30T04:42:13.2079634,1087.824437,1086.918878,2175.648874,2,3636155
88970732,2026-07-30T12:10:09.5802164,1087.794356,1085.625063,2175.588712,2,8527062
89034945,2026-07-30T21:51:31.7262132,1087.785782,1085.480682,2175.571564,2,3857690
89042687,2026-07-30T23:00:33.5054130,1087.774126,1074.327072,2175.548252,2,7382535
89034445,2026-07-30T21:47:31.8255239,1087.766093,1081.088147,2175.532185,2,3038089
88888462,2026-07-30T00:05:26.3803508,1087.757811,1087.223728,2175.515622,2,5136546
89035342,2026-07-30T21:55:31.4205270,1087.756662,1072.953034,2175.513325,2,4027340
89032280,2026-07-30T21:27:41.6817436,1087.747653,1084.892903,2175.495306,2,3313318
89033594,2026-07-30T21:39:31.8284726,1087.747162,1082.214913,2175.494324,2,4251392
88887947,2026-07-30T00:01:26.0289077,1087.729809,1077.268182,2175.459617,2,4981752
89047639,2026-07-30T23:40:33.7833033,1087.720194,1078.747678,2175.440387,2,4677858
89036255,2026-07-30T22:04:01.8775480,1087.709493,1057.208685,2175.418986,2,5050862
89028136,2026-07-30T20:48:45.3909395,1087.707511,1059.960991,2175.415023,2,4723450
89028462,2026-07-30T20:52:43.5242141,1087.697179,1032.810614,2175.394358,2,5332155
89041316,2026-07-30T22:48:33.4278073,1087.683259,1061.673191,2175.366519,2,3262616
88895791,2026-07-30T01:09:33.7382747,1087.659460,1025.277316,2175.318919,2,4220688
88912599,2026-07-30T03:37:51.4300863,1087.653618,1080.049876,2175.307236,2,3634710
89032603,2026-07-30T21:31:31.7765445,1087.639991,1056.076324,2175.279981,2,2260777
89016884,2026-07-30T19:07:57.4996263,1087.639888,1034.421222,2175.279777,2,4499658
89004295,2026-07-30T17:09:28.0801956,1087.632684,1061.257379,2175.265368,2,4980361
89021348,2026-07-30T19:49:18.3681270,1087.629363,1068.431882,2175.258725,2,3338586
88887944,2026-07-30T00:01:26.0248273,1087.625310,1064.020512,2175.250621,2,3245300
88977181,2026-07-30T13:06:08.2266255,1087.621999,1083.358275,2175.243998,2,4538501
89049205,2026-07-30T23:52:36.7019642,1087.597386,1080.179674,2175.194772,2,5020038
88917653,2026-07-30T04:21:49.2174415,1087.591347,993.205148,2175.182695,2,6558392
89026076,2026-07-30T20:32:45.6130937,1087.558733,1057.318083,2175.117466,2,5768380
88942471,2026-07-30T08:02:08.7469491,1087.556440,1084.570357,2175.112881,2,2581340
89040349,2026-07-30T22:40:01.5350058,1087.508132,1078.278846,2175.016264,2,6280292
89034492,2026-07-30T21:47:31.9873204,1087.499890,1084.542529,2174.999780,2,4267348
88988565,2026-07-30T14:49:24.2164210,1087.491797,1057.480368,2174.983594,2,5278622
88935245,2026-07-30T06:58:12.8146039,1087.474461,1078.670425,2174.948921,2,1268833
89017243,2026-07-30T19:07:57.9957393,1087.467645,1081.424007,2174.935290,2,5473802
88900438,2026-07-30T01:49:49.9634343,1087.434579,1056.197953,2174.869158,2,7062333
89044174,2026-07-30T23:12:31.9876732,1087.433405,1066.942334,2174.866810,2,7237457
88924238,2026-07-30T05:22:11.9786314,1087.430831,1069.353534,2174.861662,2,3799644
89041796,2026-07-30T22:52:32.6142278,1087.409186,1079.834739,2174.818373,2,5064531
88918081,2026-07-30T04:25:49.1781003,1087.402194,1084.322483,2174.804388,2,7712451
89007706,2026-07-30T17:40:54.7750676,1087.383627,1079.120657,2174.767253,2,5140062
88894937,2026-07-30T01:01:29.3620023,1087.375756,1057.888188,2174.751513,2,4282624
89036265,2026-07-30T22:04:01.8870916,1087.333896,1066.854782,2174.667793,2,5352762
88968184,2026-07-30T11:46:06.6129120,1087.315133,1055.453317,2174.630267,2,6626329
89032163,2026-07-30T21:27:41.3257984,1087.309107,1061.611328,2174.618213,2,4465181
89041755,2026-07-30T22:52:32.5745702,1087.287827,1014.010988,2174.575655,2,5655145
89044619,2026-07-30T23:16:31.5795661,1087.266810,1072.467114,2174.533620,2,6662507
89039014,2026-07-30T22:28:01.3044240,1087.263527,1051.604420,2174.527054,2,3972326
89039928,2026-07-30T22:36:02.1291251,1087.262328,1044.589417,2174.524657,2,6962515
88893529,2026-07-30T00:49:32.7818799,1087.260727,1063.373578,2174.521454,2,5808540
89045113,2026-07-30T23:20:33.7087966,1087.241070,1071.716555,2174.482140,2,7336838
88890386,2026-07-30T00:21:34.4293076,1087.224609,1086.932621,2174.449219,2,4639539
88887945,2026-07-30T00:01:26.0265217,1087.189065,1069.064484,2174.378129,2,6243133
89031819,2026-07-30T21:23:29.2819347,1087.186138,1075.027161,2174.372277,2,3422671
89043639,2026-07-30T23:08:33.5835593,1087.177887,1047.951949,2174.355775,2,5980017
89045107,2026-07-30T23:20:33.7000737,1087.108685,1064.663521,2174.217370,2,5314556
88931996,2026-07-30T06:30:15.3254778,1087.089062,1079.425026,2174.178124,2,3354086
88952430,2026-07-30T09:30:10.9156965,1087.053406,1064.941856,2174.106812,2,5174647
88982557,2026-07-30T13:54:07.9148683,1087.045528,1042.999081,2174.091057,2,4327628
88971799,2026-07-30T12:18:07.5153730,1087.031619,1051.391423,2174.063237,2,7197951
88891206,2026-07-30T00:29:32.7822422,1087.023985,1079.767253,2174.047970,2,3201978
89011882,2026-07-30T18:19:58.3662799,1087.023292,1047.118240,2174.046585,2,5442696
89039828,2026-07-30T22:36:01.9065134,1087.007727,1076.850777,2174.015455,2,5036562
89028127,2026-07-30T20:48:45.3910392,1086.960594,1082.795916,2173.921188,2,6447024
89047623,2026-07-30T23:40:33.7317395,1086.956275,1085.169535,2173.912550,2,4910530
89034066,2026-07-30T21:43:32.0987866,1086.873697,1082.215378,2173.747393,2,3761196
89036868,2026-07-30T22:08:01.9158118,1086.855704,1069.548607,2173.711409,2,6843684
89019775,2026-07-30T19:31:57.8518396,1086.772806,1076.417277,2173.545613,2,4692744
89041775,2026-07-30T22:52:32.5890732,1086.734206,1056.131244,2173.468412,2,5501048
88923610,2026-07-30T05:14:12.9773873,1086.723281,1062.935236,2173.446561,2,3995381
88998179,2026-07-30T16:13:26.7362628,1086.662133,1070.516978,2173.324265,2,6115517
89044198,2026-07-30T23:12:32.0121309,1086.652238,1071.140058,2173.304477,2,3547810
89044164,2026-07-30T23:12:31.9777950,1086.648983,1079.067519,2173.297965,2,5357221
89029443,2026-07-30T21:00:43.0266350,1086.622519,1063.644926,2173.245037,2,4110431
88924089,2026-07-30T05:18:13.1228926,1086.616548,1072.422411,2173.233095,2,3751890
88955235,2026-07-30T09:54:08.2693559,1086.593187,1079.166426,2173.186375,2,5332522
89047091,2026-07-30T23:36:32.9229147,1086.575319,1077.685375,2173.150637,2,6176018
88935789,2026-07-30T07:02:12.8094159,1086.574423,1086.413235,2173.148845,2,4899626
89044644,2026-07-30T23:16:31.6032551,1086.523437,1075.839876,2173.046873,2,5924473
89028992,2026-07-30T20:56:46.1684873,1086.519918,1067.683897,2173.039835,2,4371712
89044667,2026-07-30T23:16:31.6313176,1086.519783,1061.485673,2173.039566,2,4295010
89037702,2026-07-30T22:16:01.6136585,1086.488989,1085.513020,2172.977978,2,4343647
89029896,2026-07-30T21:04:43.6879957,1086.486685,1068.682127,2172.973369,2,5368799
88894472,2026-07-30T00:57:29.8433913,1086.452053,1055.610523,2172.904106,2,5739171
89047086,2026-07-30T23:36:32.9764142,1086.432537,1073.198623,2172.865074,2,5210332
89046612,2026-07-30T23:32:35.0036077,1086.403675,1082.257160,2172.807350,2,4684861
89032488,2026-07-30T21:31:31.5229779,1086.383090,1059.923878,2172.766180,2,4068075
88937079,2026-07-30T07:14:09.6078264,1086.317072,1055.701151,2172.634145,2,4753956
88889857,2026-07-30T00:17:32.3300897,1086.273128,1082.881262,2172.546256,2,4161586
88935125,2026-07-30T06:58:12.3113891,1086.258083,1065.496905,2172.516165,2,5285829
88889825,2026-07-30T00:17:32.2337616,1086.193967,1065.854435,2172.387933,2,6476911
89041778,2026-07-30T22:52:32.5940004,1086.182288,1073.067350,2172.364577,2,4771594
88919217,2026-07-30T04:38:11.6336882,1086.142705,1063.406711,2172.285410,2,3486264
89041332,2026-07-30T22:48:33.4815816,1086.128071,1081.239364,2172.256143,2,5103336
89031821,2026-07-30T21:23:29.2812311,1086.120062,1082.115124,2172.240124,2,4898950
89038053,2026-07-30T22:20:01.4378647,1086.060741,1071.525967,2172.121481,2,6859356
89041971,2026-07-30T22:52:32.9129210,1086.047165,1056.334553,2172.094331,2,5515801
88928277,2026-07-30T05:58:13.8790345,1086.038476,1068.663186,2172.076953,2,6606719
89035455,2026-07-30T21:55:31.6722670,1086.029466,1082.248982,2172.058932,2,6161153
89024547,2026-07-30T20:16:43.4715241,1086.027016,1070.429560,2172.054032,2,4745126
88888438,2026-07-30T00:05:26.3594186,1085.923958,1037.970406,2171.847916,2,5182644
89035511,2026-07-30T21:55:31.7806117,1085.913856,1070.860975,2171.827711,2,5361203
89019212,2026-07-30T19:27:57.6138808,1085.913463,1062.967144,2171.826927,2,5014701
88982340,2026-07-30T13:50:10.9564046,1085.909632,1073.730167,2171.819264,2,4987861
89049712,2026-07-30T23:56:35.6311444,1085.899317,1072.587520,2171.798634,2,4231765
88987836,2026-07-30T14:41:23.3138849,1085.890997,1059.395769,2171.781994,2,5827597
89046590,2026-07-30T23:32:34.9735641,1085.890334,1057.036338,2171.780667,2,3404862
89040865,2026-07-30T22:44:01.8788233,1085.839070,1067.334994,2171.678140,2,5825264
89038594,2026-07-30T22:24:02.2295847,1085.787949,1082.968652,2171.575898,2,4226148
88912661,2026-07-30T03:37:51.6180002,1085.776495,1062.742632,2171.552991,2,5405097
89035362,2026-07-30T21:55:31.4300764,1085.754261,1058.871639,2171.508523,2,4565430
88968147,2026-07-30T11:46:06.5315062,1085.754001,1072.070770,2171.508003,2,6998338
89037398,2026-07-30T22:12:02.1858431,1085.724229,1060.548215,2171.448459,2,3803740
89031707,2026-07-30T21:23:28.9950223,1085.713146,1062.286191,2171.426292,2,3873713
89041790,2026-07-30T22:52:32.6110123,1085.682606,1085.647841,2171.365212,2,4198877
88916780,2026-07-30T04:13:51.1609468,1085.672020,1084.004956,2171.344040,2,3730063
89039490,2026-07-30T22:32:01.7338110,1085.581173,1061.702701,2171.162347,2,5125291
88916779,2026-07-30T04:13:51.1597400,1085.578566,1074.198024,2171.157132,2,5669107
89028763,2026-07-30T20:56:45.7467257,1085.522702,1079.685704,2171.045403,2,2645527
89033413,2026-07-30T21:39:31.5117744,1085.522229,1074.546847,2171.044457,2,5946232
88905745,2026-07-30T02:37:48.6559619,1085.521699,1083.150326,2171.043397,2,5019749
89048178,2026-07-30T23:44:32.5324269,1085.518369,1066.742809,2171.036739,2,4932791
88897661,2026-07-30T01:25:32.7570822,1085.450585,1022.560734,2170.901170,2,4341002
88981806,2026-07-30T13:46:07.8486315,1085.436622,1037.712560,2170.873243,2,3274871
89022609,2026-07-30T20:00:45.9969976,1085.415523,1081.438336,2170.831046,2,5059369
88887951,2026-07-30T00:01:26.0338156,1085.395165,1076.840459,2170.790330,2,5061724
88931737,2026-07-30T06:26:12.3976056,1085.346950,1083.035977,2170.693901,2,4551848
88906170,2026-07-30T02:41:47.9854856,1085.309973,1048.898475,2170.619947,2,2805353
89039033,2026-07-30T22:28:01.3336821,1085.291452,1066.789478,2170.582905,2,3841409
89002485,2026-07-30T16:53:26.9034248,1085.284425,1077.897354,2170.568850,2,6643571
88893982,2026-07-30T00:53:31.1650386,1085.281387,1041.624545,2170.562773,2,5323396
89022726,2026-07-30T20:00:46.1803759,1085.262006,1073.156438,2170.524013,2,3859889
89013888,2026-07-30T18:39:57.8825075,1085.224244,1074.383717,2170.448488,2,5570044
89046608,2026-07-30T23:32:34.9973102,1085.196453,1083.336122,2170.392906,2,6406402
89046115,2026-07-30T23:28:32.3069677,1085.194703,1078.622805,2170.389405,2,5779231
89047659,2026-07-30T23:40:33.8076621,1085.169491,1063.407347,2170.338981,2,9176977
89038639,2026-07-30T22:24:02.3460666,1085.137951,1075.469449,2170.275902,2,7726218
89039949,2026-07-30T22:36:02.1810208,1085.129105,1080.109557,2170.258211,2,6385153
89034868,2026-07-30T21:51:31.6009234,1085.103402,1024.634581,2170.206804,2,4574537
89037657,2026-07-30T22:16:01.5313854,1085.094240,1051.116394,2170.188479,2,5424980
88934314,2026-07-30T06:50:13.0218146,1085.092265,1038.500433,2170.184530,2,6632299
88963642,2026-07-30T11:06:08.2209200,1085.086561,1072.378100,2170.173123,2,5089740
89047118,2026-07-30T23:36:32.9997290,1085.047907,1079.467696,2170.095814,2,4235958
88949987,2026-07-30T09:06:11.8273543,1085.025253,1066.245215,2170.050506,2,5371249
89036732,2026-07-30T22:08:01.6062502,1085.023660,1067.501233,2170.047321,2,5572481
89033965,2026-07-30T21:43:31.9106778,1084.994206,1058.002571,2169.988412,2,6830940
89040453,2026-07-30T22:40:01.7057907,1084.977781,1070.323576,2169.955563,2,3908365
89042209,2026-07-30T22:56:34.7380641,1084.933033,1026.263941,2169.866066,2,4012447
88908396,2026-07-30T03:01:49.8208643,1084.905892,1079.136201,2169.811783,2,4617788
88910304,2026-07-30T03:17:48.1666016,1084.888969,1072.715507,2169.777938,2,7704383
88901547,2026-07-30T02:01:47.8663155,1084.871896,1075.725128,2169.743792,2,5138686
88890767,2026-07-30T00:25:34.0244133,1084.859439,1043.566169,2169.718878,2,5500422
88893546,2026-07-30T00:49:32.8455837,1084.855024,1055.277863,2169.710047,2,5540860
89034882,2026-07-30T21:51:31.6156619,1084.853785,1063.412894,2169.707571,2,5648914
89030370,2026-07-30T21:08:44.0266975,1084.812067,1061.229105,2169.624135,2,2166006
89046094,2026-07-30T23:28:32.2838942,1084.779156,1053.591243,2169.558311,2,5466796
88909814,2026-07-30T03:13:48.2782555,1084.762620,1067.458727,2169.525241,2,4415919
89022160,2026-07-30T19:56:46.6769931,1084.761077,1039.746932,2169.522155,2,5742897
89037517,2026-07-30T22:16:01.2835792,1084.756628,1067.777638,2169.513256,2,5261794
89047638,2026-07-30T23:40:33.7836591,1084.749660,1083.101899,2169.499321,2,8379825
89033106,2026-07-30T21:35:32.4778024,1084.718931,1069.544457,2169.437861,2,5732582
89037671,2026-07-30T22:16:01.5818330,1084.703193,1068.459326,2169.406387,2,4870575
89045115,2026-07-30T23:20:33.7092960,1084.695516,1065.423043,2169.391032,2,3700667
89045181,2026-07-30T23:20:33.8205172,1084.695476,1056.352857,2169.390952,2,5754062
89044757,2026-07-30T23:16:31.7931620,1084.690758,1053.028518,2169.381516,2,4949050
89031724,2026-07-30T21:23:29.0198900,1084.686830,1059.690578,2169.373661,2,5630607
88949546,2026-07-30T09:02:13.9167209,1084.684559,1060.375304,2169.369118,2,4990511
89035073,2026-07-30T21:51:31.9890503,1084.673985,1070.513158,2169.347971,2,3978146
89039935,2026-07-30T22:36:02.1399057,1084.673969,1054.065904,2169.347938,2,3989893
89039955,2026-07-30T22:36:02.1877765,1084.607112,1075.423418,2169.214225,2,4529699
88948388,2026-07-30T08:54:13.3374257,1084.590878,1075.350011,2169.181755,2,5616808
88910717,2026-07-30T03:21:47.5287594,1084.587518,1059.394039,2169.175037,2,5520676
89048697,2026-07-30T23:48:36.3205445,1084.580104,1065.956346,2169.160208,2,4819142
89043660,2026-07-30T23:08:33.5995265,1084.576645,1079.206191,2169.153291,2,5340955
89039961,2026-07-30T22:36:02.1973736,1084.563550,1079.816813,2169.127101,2,9068493
89021327,2026-07-30T19:49:18.2868948,1084.550339,1065.456052,2169.100679,2,4938387
89043680,2026-07-30T23:08:33.6234644,1084.525820,1080.897486,2169.051640,2,3599880
88967671,2026-07-30T11:42:06.7703688,1084.524211,1058.599400,2169.048423,2,7060092
88967924,2026-07-30T11:46:05.8483582,1084.516563,1072.682871,2169.033127,2,3831570
88974828,2026-07-30T12:46:07.9706585,1084.507653,1081.445740,2169.015306,2,7101903
88963895,2026-07-30T11:10:13.1506892,1084.465901,1080.384546,2168.931802,2,1454045
89040812,2026-07-30T22:44:01.7839962,1084.463950,1083.940346,2168.927901,2,6007576
88985272,2026-07-30T14:21:23.0319155,1084.455598,1081.495089,2168.911195,2,5047926
88893530,2026-07-30T00:49:32.7863267,1084.428857,1056.539022,2168.857714,2,2926655
89022161,2026-07-30T19:56:46.4232474,1084.421262,1070.590296,2168.842525,2,6183901
89044132,2026-07-30T23:12:31.9163029,1084.414135,1073.443971,2168.828269,2,4528273
88905684,2026-07-30T02:37:48.3828583,1084.338396,1071.139923,2168.676792,2,4193819
89038589,2026-07-30T22:24:02.2274450,1084.323186,1071.013395,2168.646373,2,6964765
88971586,2026-07-30T12:18:06.6568843,1084.284104,1071.413167,2168.568209,2,4537640
89031355,2026-07-30T21:16:43.5394616,1084.278119,1075.516461,2168.556239,2,6289439
89011810,2026-07-30T18:19:58.2103373,1084.258443,1052.385082,2168.516886,2,4550219
89041323,2026-07-30T22:48:33.4350566,1084.195928,1060.198290,2168.391856,2,4418890
89036793,2026-07-30T22:08:01.7400815,1084.188835,1081.301354,2168.377671,2,5640292
89049005,2026-07-30T23:52:36.2376241,1084.179741,1074.778663,2168.359481,2,5514015
89039886,2026-07-30T22:36:02.0148079,1084.167244,1080.290349,2168.334489,2,2911975
89013490,2026-07-30T18:35:59.8807582,1084.121306,1061.473968,2168.242611,2,5610618
88929718,2026-07-30T06:10:14.9904888,1084.100497,1081.757757,2168.200995,2,4311541
88953097,2026-07-30T09:34:08.3097206,1084.099806,1081.285261,2168.199612,2,5770209
88999930,2026-07-30T16:29:24.2411221,1084.081484,1077.052000,2168.162967,2,4375517
89043145,2026-07-30T23:04:35.5836984,1083.993773,1048.120481,2167.987545,2,1792164
89033522,2026-07-30T21:39:31.7167919,1083.978879,1053.590865,2167.957758,2,5317644
89047112,2026-07-30T23:36:32.9923266,1083.960204,1080.004648,2167.920407,2,5580743
88925302,2026-07-30T05:30:16.8881118,1083.934740,1083.183637,2167.869480,2,5348306
89038126,2026-07-30T22:20:01.5900138,1083.921770,1057.347419,2167.843541,2,6281711
89045599,2026-07-30T23:24:35.2989277,1083.895976,1055.717963,2167.791952,2,5634884
89038122,2026-07-30T22:20:01.5858995,1083.875678,1057.324568,2167.751355,2,2769095
89045194,2026-07-30T23:20:33.8397586,1083.867096,1067.907255,2167.734192,2,5678770
88887952,2026-07-30T00:01:26.0347600,1083.865827,1074.775901,2167.731655,2,6173575
89047622,2026-07-30T23:40:33.7305114,1083.809028,1063.085346,2167.618055,2,6740312
89047628,2026-07-30T23:40:33.7760554,1083.778718,1081.196323,2167.557437,2,7049527
89043650,2026-07-30T23:08:33.5899267,1083.755381,1076.187818,2167.510762,2,4735303
88964320,2026-07-30T11:14:07.6111321,1083.749729,1082.456906,2167.499458,2,4678589
89042224,2026-07-30T22:56:34.7818401,1083.729317,1051.637057,2167.458634,2,5660837
88956625,2026-07-30T10:06:07.8324479,1083.717844,1039.000765,2167.435688,2,6717515
89034894,2026-07-30T21:51:31.6343418,1083.711904,1075.169562,2167.423808,2,2656917
89024811,2026-07-30T20:20:44.4651618,1083.701415,1066.368340,2167.402830,2,5980557
89035352,2026-07-30T21:55:31.4708466,1083.690687,1066.795088,2167.381374,2,5346436
89049198,2026-07-30T23:52:36.6915908,1083.645869,1070.818337,2167.291737,2,3891330
89031325,2026-07-30T21:16:43.4752187,1083.608866,1077.777503,2167.217732,2,7021326
89034570,2026-07-30T21:47:32.1314001,1083.608097,1081.914845,2167.216194,2,4498553
89035793,2026-07-30T22:00:01.4204240,1083.562607,1055.315996,2167.125213,2,4426568
89041909,2026-07-30T22:52:32.8069919,1083.554503,1059.675813,2167.109006,2,5591871
89033133,2026-07-30T21:35:32.5058512,1083.554368,1070.477143,2167.108736,2,3571607
88888451,2026-07-30T00:05:26.3742242,1083.498871,1069.912277,2166.997741,2,5902466
89044628,2026-07-30T23:16:31.5889113,1083.495276,1065.381294,2166.990552,2,5998880
89040412,2026-07-30T22:40:01.6285560,1083.490639,1071.361354,2166.981279,2,5026493
89038198,2026-07-30T22:20:01.7289602,1083.489654,1073.857419,2166.979308,2,4228471
89024100,2026-07-30T20:12:44.4769103,1083.469795,1074.932052,2166.939590,2,6082145
88954149,2026-07-30T09:42:10.0485196,1083.452529,1053.751091,2166.905059,2,4671907
89048170,2026-07-30T23:44:32.5274605,1083.429492,1041.696042,2166.858984,2,5898203
88977657,2026-07-30T13:10:09.9701421,1083.416004,1082.541585,2166.832007,2,6411839
89004055,2026-07-30T17:05:27.4276777,1083.396101,1058.031542,2166.792203,2,5089136
88888961,2026-07-30T00:09:27.5339726,1083.395652,1074.656862,2166.791304,2,6388599
89038657,2026-07-30T22:24:02.3897420,1083.382363,1079.316836,2166.764726,2,6543844
89036723,2026-07-30T22:08:01.5930689,1083.381867,1048.076469,2166.763734,2,2661408
89045117,2026-07-30T23:20:33.7109803,1083.371697,1073.940730,2166.743395,2,4772562
88894927,2026-07-30T01:01:29.3508589,1083.370306,1047.245605,2166.740611,2,3740030
89039943,2026-07-30T22:36:02.1779730,1083.364700,1057.278883,2166.729399,2,5709668
88992404,2026-07-30T15:21:24.6995697,1083.345631,1061.871901,2166.691262,2,5189131
89036279,2026-07-30T22:04:01.9230886,1083.338650,1071.902126,2166.677301,2,5828217
89008836,2026-07-30T17:56:29.5952460,1083.281240,1063.120894,2166.562480,2,6854345
88967485,2026-07-30T11:42:06.2212691,1083.262739,1049.359859,2166.525478,2,5100255
89044634,2026-07-30T23:16:31.5947124,1083.253167,1073.949992,2166.506334,2,6824442
89014515,2026-07-30T18:43:58.1849175,1083.215588,1065.451990,2166.431175,2,4775358
89040404,2026-07-30T22:40:01.6205605,1083.202979,1073.775370,2166.405959,2,5448576
89033565,2026-07-30T21:39:31.7917325,1083.181472,1077.932464,2166.362944,2,4450046
89044629,2026-07-30T23:16:31.5885630,1083.164205,1057.235745,2166.328411,2,7546549
89026232,2026-07-30T20:32:45.8943398,1083.159495,1011.473119,2166.318990,2,3863277
89030775,2026-07-30T21:12:42.7838619,1083.135433,1028.809740,2166.270865,2,5579622
88949843,2026-07-30T09:06:11.5234166,1083.104675,1081.501955,2166.209349,2,5017671
88898442,2026-07-30T01:33:48.5701157,1083.082109,1059.489322,2166.164217,2,6328830
88891687,2026-07-30T00:33:32.2476505,1083.051923,1071.645027,2166.103845,2,4541374
88891638,2026-07-30T00:33:32.2024126,1083.051923,1075.904091,2166.103845,2,3564181
88908580,2026-07-30T03:01:50.3502890,1083.011712,1060.053043,2166.023424,2,477116
88980328,2026-07-30T13:34:07.6249034,1083.004155,1079.931698,2166.008310,2,1867394
89038125,2026-07-30T22:20:01.5889100,1082.967031,1059.631876,2165.934062,2,5258585
89032595,2026-07-30T21:31:31.7755468,1082.932391,1060.867428,2165.864781,2,2944931
88889255,2026-07-30T00:13:28.2374464,1082.893866,1020.388201,2165.787732,2,6559543
88911536,2026-07-30T03:29:57.0821911,1082.873457,1031.870167,2165.746915,2,6502850
88990136,2026-07-30T15:01:23.4052187,1082.851169,1076.660927,2165.702337,2,4216375
88891809,2026-07-30T00:33:32.4464636,1082.831764,1035.782283,2165.663528,2,5030537
88972453,2026-07-30T12:26:05.7600530,1082.813468,1055.289354,2165.626936,2,4478168
89036731,2026-07-30T22:08:01.6043287,1082.772519,1058.457961,2165.545039,2,4626321
88966186,2026-07-30T11:30:09.9601119,1082.762306,1049.322109,2165.524611,2,4982399
89033536,2026-07-30T21:39:31.7334640,1082.715553,1070.891294,2165.431106,2,3392066
88987736,2026-07-30T14:41:23.1783424,1082.682482,1080.949530,2165.364964,2,3127445
89028389,2026-07-30T20:52:43.4051762,1082.675645,1072.215797,2165.351289,2,3278777
88893111,2026-07-30T00:45:30.3195435,1082.670090,1059.062543,2165.340181,2,5118768
89049695,2026-07-30T23:56:35.6069074,1082.615982,1068.515108,2165.231964,2,5049308
88934401,2026-07-30T06:50:13.2748713,1082.615697,1022.699357,2165.231395,2,1339083
88950382,2026-07-30T09:10:15.1196043,1082.590311,1070.862211,2165.180623,2,5179492
89032781,2026-07-30T21:31:32.2050676,1082.588438,1079.396340,2165.176875,2,5425786
89036576,2026-07-30T22:08:01.2504654,1082.559912,1066.084863,2165.119825,2,8379356
89048693,2026-07-30T23:48:36.3126691,1082.533885,1066.616599,2165.067770,2,4795957
88904356,2026-07-30T02:25:48.2281066,1082.532852,1029.558109,2165.065703,2,5003615
88934328,2026-07-30T06:50:13.0397338,1082.528761,1073.796146,2165.057522,2,4232276
89034411,2026-07-30T21:47:31.7852447,1082.438468,1022.085880,2164.876936,2,5302822
89036272,2026-07-30T22:04:01.9114719,1082.432317,1064.909305,2164.864634,2,4831722
89036244,2026-07-30T22:04:01.8390535,1082.364376,1025.661430,2164.728752,2,4383928
89012547,2026-07-30T18:27:57.7874625,1082.363885,1081.218937,2164.727769,2,5445455
89042710,2026-07-30T23:00:33.5812226,1082.349261,1075.448857,2164.698522,2,3940243
88902604,2026-07-30T02:09:49.2763755,1082.329645,1036.006318,2164.659290,2,6442862
89045105,2026-07-30T23:20:33.6969898,1082.309396,1051.877020,2164.618792,2,9470971
89046133,2026-07-30T23:28:32.3306756,1082.302996,1074.935984,2164.605993,2,4051258
88888455,2026-07-30T00:05:26.3761112,1082.302514,1073.478038,2164.605027,2,4064052
88947145,2026-07-30T08:42:11.1318559,1082.299362,1072.274772,2164.598724,2,2515833
88906750,2026-07-30T02:45:48.9084757,1082.289264,1075.274671,2164.578528,2,6673267
89044152,2026-07-30T23:12:31.9143390,1082.288214,1068.983976,2164.576429,2,6492266
89038971,2026-07-30T22:28:01.2236745,1082.283637,1065.556898,2164.567273,2,5490317
89047616,2026-07-30T23:40:33.7213425,1082.277976,1050.521363,2164.555953,2,4703711
89035042,2026-07-30T21:51:31.9247384,1082.277777,1081.834718,2164.555554,2,816670
89033127,2026-07-30T21:35:32.5005057,1082.270208,1076.209767,2164.540416,2,4265135
89039477,2026-07-30T22:32:01.7181352,1082.269687,1053.628253,2164.539374,2,4988808
89040010,2026-07-30T22:36:02.2976431,1082.190549,1063.679503,2164.381097,2,486663
89048705,2026-07-30T23:48:36.3285098,1082.184432,1073.050282,2164.368865,2,4718818
88963505,2026-07-30T11:06:08.0444869,1082.175522,1055.077255,2164.351045,2,3964979
89036883,2026-07-30T22:08:01.9720042,1082.167954,1065.392371,2164.335909,2,5515423
89029803,2026-07-30T21:04:43.5133510,1082.096640,1023.196698,2164.193280,2,7151569
89012305,2026-07-30T18:23:58.3994770,1082.086710,1069.200447,2164.173421,2,7507970
89010428,2026-07-30T18:07:58.0952320,1082.083082,1076.581653,2164.166164,2,1279735
89040572,2026-07-30T22:40:01.8948938,1082.064566,1060.567112,2164.129132,2,5476445
89038593,2026-07-30T22:24:02.2297596,1082.042536,1066.829658,2164.085072,2,3254966
89038677,2026-07-30T22:24:02.4193350,1082.026693,1071.818837,2164.053385,2,3313149
89036417,2026-07-30T22:04:02.2180398,1082.025404,1062.234310,2164.050807,2,5944731
89046621,2026-07-30T23:32:35.0132404,1082.016947,1080.807350,2164.033894,2,4706684
88965213,2026-07-30T11:22:07.9220876,1082.002605,1080.770681,2164.005209,2,4272294
89033115,2026-07-30T21:35:32.4869219,1081.983556,1065.527139,2163.967111,2,7313820
89009304,2026-07-30T17:59:58.1095826,1081.960355,1073.113751,2163.920711,2,3945667
88959356,2026-07-30T10:30:11.6148247,1081.931719,1079.888832,2163.863437,2,4576725
89040423,2026-07-30T22:40:01.6386524,1081.904067,1075.596459,2163.808134,2,4877321
89043161,2026-07-30T23:04:35.5971736,1081.901293,1074.597251,2163.802586,2,5845248
88990183,2026-07-30T15:01:23.4692790,1081.866723,1044.511847,2163.733446,2,5285057
89007031,2026-07-30T17:36:55.6596559,1081.830063,1050.919963,2163.660127,2,6234615
89033060,2026-07-30T21:35:32.3730662,1081.828116,1030.359590,2163.656231,2,6539159
89028109,2026-07-30T20:48:45.3681478,1081.819896,1046.393867,2163.639792,2,5565788
88932974,2026-07-30T06:38:12.3067117,1081.786604,1080.098221,2163.573209,2,5181858
89038723,2026-07-30T22:24:02.5251020,1081.785382,1070.963182,2163.570764,2,6005846
88976977,2026-07-30T13:06:07.4587524,1081.760481,1058.069612,2163.520961,2,4061677
89031686,2026-07-30T21:23:28.9299526,1081.720258,1039.139104,2163.440516,2,6451973
89041436,2026-07-30T22:48:33.6823953,1081.717996,1073.254404,2163.435992,2,4228519
89044645,2026-07-30T23:16:31.6067023,1081.709759,1079.111571,2163.419517,2,5177929
89039056,2026-07-30T22:28:01.3923812,1081.697668,1080.752205,2163.395335,2,5241710
89038509,2026-07-30T22:24:02.0777593,1081.682378,1050.843976,2163.364756,2,4943996
88911739,2026-07-30T03:29:57.8340260,1081.658187,1060.720595,2163.316374,2,5474740
88948624,2026-07-30T08:54:14.1225773,1081.621341,1037.529691,2163.242682,2,2873373
89037661,2026-07-30T22:16:01.5430146,1081.612956,1051.724911,2163.225913,2,5539514
89042698,2026-07-30T23:00:33.5246245,1081.605689,1068.329405,2163.211378,2,4972212
89038587,2026-07-30T22:24:02.2252345,1081.602861,1058.768911,2163.205723,2,1314290
88992327,2026-07-30T15:21:24.5641291,1081.574262,1069.849315,2163.148525,2,3440458
88947066,2026-07-30T08:42:10.8478729,1081.535396,1053.859671,2163.070792,2,3400541
88904222,2026-07-30T02:25:47.7791444,1081.511919,1071.522638,2163.023838,2,4257548
89049704,2026-07-30T23:56:35.6192467,1081.501443,1076.590390,2163.002885,2,7129531
88915388,2026-07-30T04:01:51.5127480,1081.471771,1072.155203,2162.943543,2,4570483
89036185,2026-07-30T22:04:01.7436566,1081.469693,1052.117093,2162.939387,2,3739230
89034484,2026-07-30T21:47:31.9787586,1081.467415,1068.169174,2162.934830,2,4327711
89036363,2026-07-30T22:04:02.0980428,1081.449252,1080.380655,2162.898504,2,3441628
88901085,2026-07-30T01:57:48.7101725,1081.438691,1026.753840,2162.877382,2,3541133
89049688,2026-07-30T23:56:35.6019785,1081.419702,1055.245543,2162.839404,2,3342270
89047068,2026-07-30T23:36:32.9156239,1081.386472,1043.196186,2162.772944,2,4515298
88956099,2026-07-30T10:02:08.0722632,1081.376645,1049.550472,2162.753289,2,4324392
89039960,2026-07-30T22:36:02.1943878,1081.370505,1080.026388,2162.741010,2,5716080
89038595,2026-07-30T22:24:02.2311002,1081.346059,1075.209478,2162.692117,2,5081786
88890771,2026-07-30T00:25:34.0423770,1081.339016,1055.326202,2162.678031,2,6258794
89047074,2026-07-30T23:36:32.9205885,1081.331621,1045.985080,2162.663242,2,4490612
89038138,2026-07-30T22:20:01.6057961,1081.308426,1065.882715,2162.616852,2,6881464
89042686,2026-07-30T23:00:33.5051223,1081.272237,1051.471840,2162.544474,2,4743757
89041789,2026-07-30T22:52:32.6103985,1081.232818,1067.959835,2162.465636,2,4741786
88930145,2026-07-30T06:14:14.1167076,1081.220679,1075.550834,2162.441359,2,4778366
89031215,2026-07-30T21:16:43.2344394,1081.197569,1023.087394,2162.395139,2,5697677
89026786,2026-07-30T20:36:44.4879876,1081.174150,1061.007987,2162.348300,2,4474186
89035513,2026-07-30T21:55:31.7817380,1081.173457,1070.873659,2162.346915,2,4947078
88909769,2026-07-30T03:13:48.1450361,1081.163748,1070.462340,2162.327495,2,4271863
89042715,2026-07-30T23:00:33.5889108,1081.158641,1078.760309,2162.317283,2,5818502
88922113,2026-07-30T05:02:15.3744071,1081.158380,1078.865222,2162.316761,2,4488021
89038284,2026-07-30T22:20:01.8917263,1081.133218,1074.330857,2162.266436,2,4544414
89040406,2026-07-30T22:40:01.6253129,1081.122963,1054.903581,2162.245925,2,3979382
89000702,2026-07-30T16:37:27.5455885,1081.121420,1033.060423,2162.242840,2,6861847
88970327,2026-07-30T12:06:06.8108957,1081.112986,1056.262888,2162.225972,2,4567027
89028764,2026-07-30T20:56:45.7478046,1081.112094,1051.971249,2162.224188,2,4950141
89032634,2026-07-30T21:31:31.8115769,1081.051632,1066.344642,2162.103263,2,4682094
89022515,2026-07-30T20:00:45.8687708,1081.045064,1063.028363,2162.090127,2,9028747
88896214,2026-07-30T01:13:30.8885861,1081.009392,1038.161886,2162.018783,2,4562099
89034791,2026-07-30T21:51:31.4402392,1081.007975,1060.691374,2162.015949,2,4360692
88951408,2026-07-30T09:18:14.2335584,1081.005875,1070.761758,2162.011750,2,4269224
88978241,2026-07-30T13:14:08.3102598,1080.993384,1047.794271,2161.986768,2,6052731
89048708,2026-07-30T23:48:36.3338384,1080.959243,1075.858488,2161.918487,2,4858981
88893949,2026-07-30T00:53:31.0823598,1080.910864,1037.840856,2161.821729,2,5123369
89048715,2026-07-30T23:48:36.3459464,1080.868869,1067.209701,2161.737738,2,3187108
88889872,2026-07-30T00:17:32.3288312,1080.855090,1071.458774,2161.710181,2,5380401
89042816,2026-07-30T23:00:33.7847086,1080.843595,1060.233400,2161.687190,2,6557425
89030249,2026-07-30T21:08:43.7681151,1080.833397,1074.640181,2161.666795,2,5488341
89032175,2026-07-30T21:27:41.3927364,1080.830499,1064.341375,2161.660997,2,5744323
89033698,2026-07-30T21:39:32.0345659,1080.827190,1074.951790,2161.654380,2,3248471
89042266,2026-07-30T22:56:34.8318087,1080.807420,1080.618917,2161.614840,2,7148408
88956771,2026-07-30T10:06:08.2075058,1080.754891,1057.975625,2161.509781,2,3843499
89029480,2026-07-30T21:00:43.0916381,1080.752553,1061.479947,2161.505106,2,3204990
89032129,2026-07-30T21:27:41.2778589,1080.728618,1067.766300,2161.457237,2,4309124
88894910,2026-07-30T01:01:29.3330771,1080.700701,1036.443100,2161.401402,2,3836151
89045112,2026-07-30T23:20:33.7075897,1080.637048,1067.980834,2161.274095,2,2945960
89032660,2026-07-30T21:31:31.9856893,1080.634790,1063.538498,2161.269579,2,4322066
88914555,2026-07-30T03:53:50.9683548,1080.594910,1050.390795,2161.189819,2,4892148
89014081,2026-07-30T18:39:58.2093039,1080.590910,1069.947464,2161.181820,2,5307249
89041403,2026-07-30T22:48:33.6102770,1080.575931,1073.768865,2161.151863,2,1315631
88973551,2026-07-30T12:34:06.3569993,1080.569856,1046.535083,2161.139712,2,2618742
89027932,2026-07-30T20:48:45.0331506,1080.551341,1071.180234,2161.102683,2,5196193
88889903,2026-07-30T00:17:32.4309760,1080.530529,1066.632938,2161.061059,2,7921689
89035810,2026-07-30T22:00:01.4784172,1080.522277,1056.605291,2161.044553,2,4866614
88939106,2026-07-30T07:30:25.5323674,1080.520715,1078.774486,2161.041430,2,4270311
89047108,2026-07-30T23:36:32.9878073,1080.510748,1073.286386,2161.021496,2,4879536
88888586,2026-07-30T00:05:26.5774932,1080.504320,1040.946228,2161.008640,2,6679344
89002503,2026-07-30T16:53:26.9269751,1080.485865,1033.875819,2160.971731,2,6923632
89043149,2026-07-30T23:04:35.5842500,1080.478649,1052.414605,2160.957298,2,4403152
89023818,2026-07-30T20:12:44.0142941,1080.458068,1071.303172,2160.916137,2,6043267
88959397,2026-07-30T10:30:11.7283181,1080.444178,1058.923134,2160.888355,2,5971616
89042247,2026-07-30T22:56:34.8068220,1080.415331,1075.362311,2160.830662,2,5866580
88947970,2026-07-30T08:50:14.9122206,1080.410602,1074.532723,2160.821205,2,3143302
88984591,2026-07-30T14:13:23.5611925,1080.408244,1044.337916,2160.816489,2,6207165
89048702,2026-07-30T23:48:36.3250445,1080.402098,1067.009509,2160.804196,2,4482296
89007927,2026-07-30T17:44:53.8150877,1080.374099,1068.528359,2160.748199,2,5413597
89041848,2026-07-30T22:52:32.7123684,1080.355995,1074.256751,2160.711990,2,3731891
89044211,2026-07-30T23:12:32.0276041,1080.350951,1068.916911,2160.701901,2,2894718
89036429,2026-07-30T22:04:02.2304467,1080.313277,1066.338968,2160.626554,2,5017945
89036283,2026-07-30T22:04:01.9323058,1080.250847,1066.673707,2160.501694,2,5237043
89042720,2026-07-30T23:00:33.5921593,1080.244958,1080.099295,2160.489917,2,4135942
89040934,2026-07-30T22:44:02.0125027,1080.244374,1069.000975,2160.488749,2,3915538
89049814,2026-07-30T23:56:35.8103632,1080.233896,1067.066031,2160.467792,2,5436036
88893597,2026-07-30T00:49:32.9804626,1080.223570,1057.244685,2160.447140,2,4127070
89045628,2026-07-30T23:24:35.3727576,1080.218271,1077.392738,2160.436543,2,2181666
88999599,2026-07-30T16:25:23.0705697,1080.216407,1051.898760,2160.432814,2,5174808
89041800,2026-07-30T22:52:32.6155089,1080.156222,1061.097011,2160.312444,2,4208158
89045171,2026-07-30T23:20:33.8129796,1080.137783,1070.818006,2160.275565,2,5816365
88887930,2026-07-30T00:01:26.0138799,1080.127961,1016.490062,2160.255922,2,5319668
88949272,2026-07-30T09:02:13.1297440,1080.115281,1068.696915,2160.230562,2,5880451
89046600,2026-07-30T23:32:34.9830559,1080.079912,1068.213190,2160.159824,2,7157212
89041333,2026-07-30T22:48:33.4816997,1080.066587,1074.308905,2160.133174,2,4930684
89048185,2026-07-30T23:44:32.5812759,1080.006321,1061.737984,2160.012643,2,3851660
88949368,2026-07-30T09:02:13.5549103,1079.996687,1045.877942,2159.993375,2,6458084
89047092,2026-07-30T23:36:32.9810188,1079.993657,1062.334016,2159.987315,2,4506920
89034468,2026-07-30T21:47:31.8868259,1079.987083,1062.631158,2159.974166,2,3153021
88978478,2026-07-30T13:18:07.9092771,1079.978938,1077.015386,2159.957875,2,4589716
88985084,2026-07-30T14:17:23.4327800,1079.935463,1039.645851,2159.870926,2,5048523
89036262,2026-07-30T22:04:01.8869088,1079.932998,1053.646564,2159.865995,2,5280593
88986604,2026-07-30T14:33:22.8767220,1079.923187,1037.643897,2159.846375,2,4172103
88893099,2026-07-30T00:45:30.3108733,1079.905331,1042.477275,2159.810662,2,4905739
88894925,2026-07-30T01:01:29.3498609,1079.885429,1039.139774,2159.770858,2,5020269
88889373,2026-07-30T00:13:28.6194313,1079.869144,1074.247380,2159.738288,2,5101986
89014884,2026-07-30T18:47:58.1966384,1079.846270,1076.159501,2159.692539,2,5145746
88894041,2026-07-30T00:53:31.2711042,1079.834869,1046.329515,2159.669738,2,3306470
89039476,2026-07-30T22:32:01.7145542,1079.818197,1047.998044,2159.636395,2,4122762
88917681,2026-07-30T04:21:49.2595077,1079.810137,1076.065627,2159.620274,2,4832668
89048722,2026-07-30T23:48:36.3769012,1079.807707,1074.877831,2159.615415,2,6372963
88995254,2026-07-30T15:49:23.4176667,1079.806290,1036.330911,2159.612580,2,5067687
88957970,2026-07-30T10:18:07.6692425,1079.801505,1058.222800,2159.603009,2,3652689
88969821,2026-07-30T12:02:06.7062709,1079.794582,1064.884927,2159.589164,2,6971840
89045119,2026-07-30T23:20:33.7135731,1079.791523,1066.754926,2159.583046,2,5078417
88906922,2026-07-30T02:49:50.3434000,1079.776637,1062.994584,2159.553273,2,6672801
88890297,2026-07-30T00:21:34.1204638,1079.773767,1066.163966,2159.547534,2,7563239
89044639,2026-07-30T23:16:31.5989587,1079.751100,1067.016795,2159.502201,2,3948593
89004748,2026-07-30T17:13:26.7988779,1079.724954,1076.573879,2159.449908,2,7624678
89045615,2026-07-30T23:24:35.3175684,1079.713623,1067.425855,2159.427247,2,6870942
89033977,2026-07-30T21:43:31.9199329,1079.712947,1055.285373,2159.425893,2,3835461
89030495,2026-07-30T21:08:44.3196083,1079.703421,1072.928927,2159.406843,2,4901347
89044135,2026-07-30T23:12:31.9190458,1079.698158,1056.931049,2159.396316,2,2898412
89037272,2026-07-30T22:12:01.9069132,1079.696781,1074.109040,2159.393563,2,3553372
88955156,2026-07-30T09:54:07.9617831,1079.676265,1071.780938,2159.352530,2,3156479
89020772,2026-07-30T19:39:57.9268262,1079.601738,1072.039083,2159.203475,2,4072365
88888475,2026-07-30T00:05:26.4236308,1079.594523,1063.722237,2159.189045,2,5669750
88888442,2026-07-30T00:05:26.3628361,1079.555847,1042.421957,2159.111694,2,2061744
88891285,2026-07-30T00:29:33.1232497,1079.539281,1066.518421,2159.078563,2,5536223
88978133,2026-07-30T13:14:08.1142300,1079.511200,1076.835209,2159.022400,2,4496355
88932457,2026-07-30T06:34:11.8669138,1079.498373,1067.081804,2158.996747,2,4216287
89048167,2026-07-30T23:44:32.5224304,1079.438144,1020.552804,2158.876288,2,4093134
89048213,2026-07-30T23:44:32.6126111,1079.404629,1065.877331,2158.809258,2,4947944
88900565,2026-07-30T01:53:48.5998413,1079.399840,1037.104932,2158.799680,2,4405856
89047627,2026-07-30T23:40:33.7729275,1079.393727,1062.962749,2158.787453,2,3815508
88887949,2026-07-30T00:01:26.0306300,1079.360333,1063.775625,2158.720667,2,5978629
89029899,2026-07-30T21:04:43.6920200,1079.348717,1046.052259,2158.697434,2,6713833
89039060,2026-07-30T22:28:01.4018451,1079.327376,1075.871177,2158.654751,2,5448653
89038584,2026-07-30T22:24:02.2190852,1079.312701,1049.784347,2158.625402,2,5703001
89045602,2026-07-30T23:24:35.3023459,1079.308705,1049.692986,2158.617410,2,2781743
88969799,2026-07-30T12:02:06.6713669,1079.288303,1037.407722,2158.576607,2,4994854
88963694,2026-07-30T11:06:08.2628959,1079.261970,1072.259723,2158.523939,2,3600990
89047637,2026-07-30T23:40:33.7814227,1079.255953,1066.560430,2158.511906,2,5294148
88979010,2026-07-30T13:22:08.2144442,1079.249249,1007.351928,2158.498498,2,3198399
89049213,2026-07-30T23:52:36.7103221,1079.243357,1078.972808,2158.486714,2,4251699
88952090,2026-07-30T09:26:08.0705135,1079.240459,1076.542260,2158.480919,2,3557322
88891737,2026-07-30T00:33:32.3401693,1079.214774,1022.989896,2158.429549,2,4451902
89046096,2026-07-30T23:28:32.2839900,1079.208744,1038.168716,2158.417487,2,3802925
88978979,2026-07-30T13:22:08.1653394,1079.177763,1063.197886,2158.355526,2,4094360
89043676,2026-07-30T23:08:33.6198053,1079.149912,1065.946091,2158.299824,2,3355866
88952064,2026-07-30T09:26:07.9830511,1079.148179,1069.019944,2158.296359,2,3986574
88947289,2026-07-30T08:42:11.3697131,1079.124646,1054.563780,2158.249292,2,8290229
89044607,2026-07-30T23:16:31.5383921,1079.112382,1024.213638,2158.224764,2,8285448
88973401,2026-07-30T12:34:05.8597270,1079.108257,1054.001729,2158.216514,2,4013481
88948917,2026-07-30T08:58:15.5492539,1079.104270,1055.493965,2158.208540,2,7423260
89037679,2026-07-30T22:16:01.5908763,1079.096503,1075.679894,2158.193006,2,5596823
89000351,2026-07-30T16:33:27.0407922,1079.074297,1054.396134,2158.148594,2,7166093
88916738,2026-07-30T04:13:51.1162326,1079.036837,1066.538647,2158.073674,2,5186924
88989052,2026-07-30T14:53:23.0608942,1079.018851,1032.782300,2158.037702,2,4218055
89019033,2026-07-30T19:23:59.4092749,1079.016101,1067.867909,2158.032201,2,8608137
89024354,2026-07-30T20:16:43.0994761,1079.004420,1060.163554,2158.008840,2,5344315
89035338,2026-07-30T21:55:31.4124758,1078.989396,1040.506528,2157.978792,2,3380508
89034002,2026-07-30T21:43:31.9920854,1078.950184,1058.577950,2157.900368,2,3137235
89039933,2026-07-30T22:36:02.1374080,1078.935095,1041.978857,2157.870191,2,4153408
88913472,2026-07-30T03:45:50.2474472,1078.890763,1063.306122,2157.781526,2,7198853
89048714,2026-07-30T23:48:36.3430141,1078.863309,1075.589093,2157.726619,2,4310494
89041770,2026-07-30T22:52:32.5847622,1078.858404,1044.600478,2157.716809,2,3383150
89045121,2026-07-30T23:20:33.7163668,1078.843507,1077.170429,2157.687013,2,4464855
89021609,2026-07-30T19:52:43.9520116,1078.839803,1052.552025,2157.679606,2,7044797
89000666,2026-07-30T16:37:27.5023169,1078.726207,1068.679239,2157.452414,2,8370843
89048258,2026-07-30T23:44:32.7204344,1078.669107,1071.633794,2157.338213,2,7291286
89048729,2026-07-30T23:48:36.3892516,1078.667580,1070.932292,2157.335161,2,3367731
88889448,2026-07-30T00:13:28.8176492,1078.663669,1071.229695,2157.327337,2,2699886
89031691,2026-07-30T21:23:28.9754373,1078.634825,1049.764629,2157.269651,2,4074207
89030494,2026-07-30T21:08:44.3161382,1078.626086,1077.388388,2157.252171,2,5983333
89030365,2026-07-30T21:08:44.0123898,1078.621292,1046.982746,2157.242583,2,4286577
89034034,2026-07-30T21:43:32.0440661,1078.603206,1065.346619,2157.206411,2,5922470
89005889,2026-07-30T17:21:27.4338531,1078.554490,1039.985693,2157.108981,2,6320796
89042723,2026-07-30T23:00:33.5963720,1078.553108,1075.598101,2157.106216,2,4784652
88897533,2026-07-30T01:25:32.4388305,1078.542611,1034.587102,2157.085223,2,4258578
88916364,2026-07-30T04:09:56.3481922,1078.533165,1064.297991,2157.066331,2,3973948
89011665,2026-07-30T18:19:57.8716875,1078.485837,1065.241617,2156.971674,2,5055144
89032197,2026-07-30T21:27:41.4221476,1078.465948,1072.535941,2156.931897,2,4363072
89038567,2026-07-30T22:24:02.1906680,1078.439853,1029.631019,2156.879707,2,4907101
89035803,2026-07-30T22:00:01.4725387,1078.431395,1050.573476,2156.862791,2,5978610
89042997,2026-07-30T23:04:35.3515370,1078.422827,1040.621697,2156.845655,2,5380460
89042274,2026-07-30T22:56:34.8475948,1078.406743,1071.775571,2156.813485,2,5162976
89036746,2026-07-30T22:08:01.6261683,1078.376602,1058.929327,2156.753205,2,2667760
89015261,2026-07-30T18:51:58.0973538,1078.370897,1070.153217,2156.741795,2,3934078
88983718,2026-07-30T14:02:08.3213569,1078.360917,1064.841346,2156.721834,2,3795389
89014906,2026-07-30T18:47:58.2203637,1078.354281,1040.024088,2156.708562,2,5777555
89028180,2026-07-30T20:48:45.5010498,1078.323705,1040.331521,2156.647411,2,3938186
89005991,2026-07-30T17:21:27.5757360,1078.313010,1040.525269,2156.626020,2,4634944
89043158,2026-07-30T23:04:35.5970118,1078.289814,1068.049823,2156.579629,2,2514049
88914012,2026-07-30T03:49:52.9635419,1078.280141,1064.189671,2156.560282,2,4868216
89033542,2026-07-30T21:39:31.7749169,1078.247376,1064.976457,2156.494751,2,2184524
88893851,2026-07-30T00:53:30.8814368,1078.232627,1035.758152,2156.465254,2,5741693
89041000,2026-07-30T22:44:02.1783059,1078.191585,1060.653781,2156.383170,2,4429749
89047625,2026-07-30T23:40:33.7719058,1078.174718,1053.419298,2156.349437,2,7650354
89027481,2026-07-30T20:44:43.8819372,1078.173672,1064.912438,2156.347343,2,4812916
88892640,2026-07-30T00:41:34.1315547,1078.073080,1045.564293,2156.146161,2,8485553
88997104,2026-07-30T16:05:23.0278932,1078.064828,1073.911236,2156.129656,2,4844444
89044120,2026-07-30T23:12:31.9017173,1078.059707,1035.908837,2156.119414,2,5112840
88910192,2026-07-30T03:17:47.8451284,1078.046625,1053.933001,2156.093251,2,8461279
89040440,2026-07-30T22:40:01.6922808,1078.031279,1071.812802,2156.062557,2,2383498
89006577,2026-07-30T17:32:56.3530560,1078.025649,1060.176286,2156.051299,2,5943343
88979473,2026-07-30T13:26:09.6002139,1078.011503,1043.426445,2156.023007,2,6007326
89038121,2026-07-30T22:20:01.5841694,1077.975864,1037.797582,2155.951729,2,3741241
89036749,2026-07-30T22:08:01.6303820,1077.945868,1061.072272,2155.891736,2,3718472
89002681,2026-07-30T16:53:27.2452652,1077.930854,1057.544976,2155.861707,2,5189948
89003123,2026-07-30T16:57:27.0243126,1077.919558,1035.386668,2155.839116,2,4239788
89044679,2026-07-30T23:16:31.6782443,1077.894871,1067.507285,2155.789743,2,6106014
89039027,2026-07-30T22:28:01.3260316,1077.876558,1047.759897,2155.753117,2,3725460
88893527,2026-07-30T00:49:32.7803181,1077.829619,1036.592669,2155.659239,2,8667543
89017917,2026-07-30T19:15:58.4610056,1077.820240,1057.182798,2155.640480,2,6014414
89043648,2026-07-30T23:08:33.5889511,1077.814198,1077.487761,2155.628396,2,3794538
88894453,2026-07-30T00:57:29.8275969,1077.800053,1047.745847,2155.600106,2,4698453
89038599,2026-07-30T22:24:02.2400611,1077.794606,1062.000284,2155.589212,2,4150373
89026751,2026-07-30T20:36:44.4021801,1077.785416,1034.448065,2155.570832,2,4778841
88893154,2026-07-30T00:45:30.3528800,1077.732177,1056.144667,2155.464355,2,4912399
88940750,2026-07-30T07:46:07.9771022,1077.728981,1072.904333,2155.457962,2,3897044
89038444,2026-07-30T22:24:01.9134503,1077.700436,1053.461422,2155.400873,2,5080318
88896995,2026-07-30T01:21:33.0409225,1077.671308,1052.304077,2155.342615,2,2404250
88965152,2026-07-30T11:22:07.5780219,1077.669502,1039.112131,2155.339004,2,4450902
89041054,2026-07-30T22:44:02.3514496,1077.652983,1051.132167,2155.305967,2,5045656
88971285,2026-07-30T12:14:07.1475008,1077.635550,966.444389,2155.271099,2,5962045
89042704,2026-07-30T23:00:33.5351349,1077.632881,1059.188105,2155.265762,2,5015183
88958546,2026-07-30T10:22:07.8696176,1077.570093,1043.280806,2155.140187,2,3306420
89038128,2026-07-30T22:20:01.5938453,1077.549807,1053.580157,2155.099614,2,4412429
89043169,2026-07-30T23:04:35.6203260,1077.493936,1074.746667,2154.987872,2,5788564
88891617,2026-07-30T00:33:32.1554598,1077.480026,1019.059518,2154.960052,2,5818680
88980939,2026-07-30T13:38:08.2806392,1077.466436,1056.124759,2154.932871,2,5118742
89040840,2026-07-30T22:44:01.8138152,1077.457854,1027.402961,2154.915708,2,5498992
89009014,2026-07-30T17:56:30.1552862,1077.453299,1072.770771,2154.906599,2,3152023
89033066,2026-07-30T21:35:32.3871249,1077.445399,1049.384636,2154.890797,2,8961020
88925135,2026-07-30T05:30:16.0122505,1077.438422,1071.521179,2154.876844,2,2690646
89047614,2026-07-30T23:40:33.7188578,1077.436243,1040.753666,2154.872485,2,5494524
89023905,2026-07-30T20:12:44.1798776,1077.412505,1050.766012,2154.825009,2,6233922
88893990,2026-07-30T00:53:31.1772440,1077.393228,1040.195445,2154.786456,2,7112883
89045204,2026-07-30T23:20:33.8895444,1077.389467,1066.513006,2154.778934,2,6178292
88954769,2026-07-30T09:50:11.6089237,1077.388567,1029.844431,2154.777134,2,4020232
89039945,2026-07-30T22:36:02.1779837,1077.383000,1057.138483,2154.766000,2,2491421
88997177,2026-07-30T16:05:23.1622054,1077.381558,1076.305212,2154.763117,2,6051275
89045769,2026-07-30T23:24:35.7076600,1077.380349,1055.133015,2154.760697,2,3833203
88889813,2026-07-30T00:17:32.2127689,1077.321187,1075.923459,2154.642374,2,5886152
89040886,2026-07-30T22:44:01.9098586,1077.320534,1073.641082,2154.641069,2,4955876
89029051,2026-07-30T20:56:46.2329600,1077.292262,1045.620061,2154.584523,2,5283384
88959502,2026-07-30T10:30:11.9455862,1077.289080,1067.615619,2154.578159,2,4774281
88991023,2026-07-30T15:09:25.1358245,1077.278214,1060.828895,2154.556428,2,3869983
89031564,2026-07-30T21:23:28.6161348,1077.260876,1025.708240,2154.521753,2,5966085
89029088,2026-07-30T20:56:46.3061977,1077.252763,1058.249464,2154.505527,2,5243329
89001250,2026-07-30T16:41:27.3485945,1077.225063,1043.948504,2154.450126,2,7200190
88890260,2026-07-30T00:21:33.9650991,1077.221645,1031.611925,2154.443291,2,4269811
88900231,2026-07-30T01:49:49.6747624,1077.138623,1042.212329,2154.277247,2,5525745
89046122,2026-07-30T23:28:32.3147635,1077.131731,1064.014501,2154.263461,2,6543396
89045616,2026-07-30T23:24:35.3184275,1077.126294,1065.234006,2154.252587,2,7027367
88995305,2026-07-30T15:49:23.5054338,1077.119901,1043.109132,2154.239801,2,4695466
88937526,2026-07-30T07:18:07.2770035,1077.105442,1048.516710,2154.210884,2,4519706
88917879,2026-07-30T04:25:48.2169995,1077.085606,1063.111531,2154.171211,2,5372465
88905188,2026-07-30T02:33:47.2435965,1077.038204,1067.828707,2154.076409,2,6751029
88951087,2026-07-30T09:18:13.1810291,1077.018640,1075.665378,2154.037280,2,4776545
88900268,2026-07-30T01:49:49.7420492,1077.015415,1040.653220,2154.030830,2,3815416
89043654,2026-07-30T23:08:33.5953365,1076.936588,1071.337134,2153.873176,2,5117010
89033237,2026-07-30T21:35:32.7951486,1076.921263,1075.182731,2153.842526,2,5088107
88891301,2026-07-30T00:29:33.1494854,1076.876079,1048.904268,2153.752157,2,6280264
88955719,2026-07-30T09:58:07.5573970,1076.832484,1068.564076,2153.664967,2,7964863
89047611,2026-07-30T23:40:33.7191807,1076.806897,1034.771105,2153.613794,2,6156169
89017466,2026-07-30T19:11:57.8917352,1076.798658,1046.022866,2153.597316,2,5012112
88911215,2026-07-30T03:25:50.7959701,1076.795405,1057.820131,2153.590810,2,3183815
89041844,2026-07-30T22:52:32.7082106,1076.770439,1074.436787,2153.540878,2,3826366
88898389,2026-07-30T01:33:48.4311443,1076.770294,1050.555733,2153.540588,2,6400456
88890774,2026-07-30T00:25:34.0583445,1076.767745,1032.441371,2153.535490,2,3519216
89041278,2026-07-30T22:48:33.3785617,1076.714632,1075.817541,2153.429264,2,5204385
89048188,2026-07-30T23:44:32.5844336,1076.696289,1066.016579,2153.392579,2,4303731
89048691,2026-07-30T23:48:36.2875274,1076.686162,1061.283058,2153.372323,2,4137307
89046187,2026-07-30T23:28:32.4295047,1076.657882,1066.192062,2153.315764,2,3090891
89039115,2026-07-30T22:28:01.4957487,1076.656331,1069.591461,2153.312661,2,5360335
88955804,2026-07-30T09:58:07.7386173,1076.631212,1032.385099,2153.262423,2,5365401
88942678,2026-07-30T08:02:09.9421217,1076.611473,1069.378208,2153.222946,2,4277456
89044623,2026-07-30T23:16:31.5830082,1076.606220,1053.245980,2153.212441,2,4881116
89047629,2026-07-30T23:40:33.7766335,1076.580592,1060.808731,2153.161183,2,5320307
89042221,2026-07-30T22:56:34.7791006,1076.556747,1034.845576,2153.113493,2,4223019
89040874,2026-07-30T22:44:01.8943235,1076.544163,1061.416624,2153.088326,2,3183173
88890279,2026-07-30T00:21:34.0443348,1076.540039,1067.281893,2153.080079,2,5433766
89046108,2026-07-30T23:28:32.2975659,1076.500351,1059.263235,2153.000703,2,4694448
88889446,2026-07-30T00:13:28.7784025,1076.494195,1062.710290,2152.988390,2,5317137
88952877,2026-07-30T09:34:07.7715051,1076.453482,1065.059289,2152.906964,2,5586121
89036282,2026-07-30T22:04:01.9297376,1076.432768,1054.656823,2152.865536,2,6431932
88888957,2026-07-30T00:09:27.5294883,1076.419067,1074.966320,2152.838134,2,4947893
89044650,2026-07-30T23:16:31.6130601,1076.404920,1074.530660,2152.809841,2,5341548
89049700,2026-07-30T23:56:35.6127519,1076.383426,1063.526723,2152.766852,2,5112737
89027709,2026-07-30T20:44:44.2684616,1076.370430,1047.421109,2152.740861,2,4613600
89039037,2026-07-30T22:28:01.3373115,1076.361100,1047.449479,2152.722200,2,6608849
88892632,2026-07-30T00:41:34.1236549,1076.360754,1026.853175,2152.721508,2,3800470
89038663,2026-07-30T22:24:02.3965479,1076.356637,1074.281823,2152.713274,2,4338889
89034495,2026-07-30T21:47:31.9944707,1076.325539,1060.855679,2152.651079,2,5209111
89039491,2026-07-30T22:32:01.7355426,1076.278971,1044.393668,2152.557942,2,6431948
88956994,2026-07-30T10:10:10.6257348,1076.257665,1061.404429,2152.515330,2,4420998
88953398,2026-07-30T09:38:08.5846822,1076.202653,1065.143801,2152.405306,2,7294054
89040478,2026-07-30T22:40:01.7297277,1076.195253,1075.903682,2152.390505,2,3929825
89048690,2026-07-30T23:48:36.2891460,1076.152038,1049.718198,2152.304076,2,5973077
88999064,2026-07-30T16:21:23.2031124,1076.139439,1054.122732,2152.278879,2,7411475
88944963,2026-07-30T08:22:08.2547968,1076.137460,1056.249387,2152.274919,2,5129031
88996494,2026-07-30T15:57:25.3286975,1076.066501,1065.592494,2152.133001,2,4340730
89045109,2026-07-30T23:20:33.7038838,1076.013427,1054.258466,2152.026855,2,4801499
88922547,2026-07-30T05:06:12.8200834,1075.961234,1073.757699,2151.922467,2,5282525
88901379,2026-07-30T01:57:49.6806398,1075.882526,1063.901820,2151.765052,2,4100919
89036801,2026-07-30T22:08:01.7777089,1075.865749,1066.355583,2151.731498,2,3489592
89037299,2026-07-30T22:12:01.9778843,1075.865302,1070.599160,2151.730604,2,4022678
88901262,2026-07-30T01:57:49.4804993,1075.858663,1035.771033,2151.717325,2,6623134
88888472,2026-07-30T00:05:26.4190085,1075.857823,1070.156955,2151.715646,2,4106506
88889341,2026-07-30T00:13:28.5188703,1075.831017,1070.503216,2151.662034,2,5414090
89029848,2026-07-30T21:04:43.6044895,1075.766489,1033.388032,2151.532979,2,5328300
89039053,2026-07-30T22:28:01.3885261,1075.702671,1059.637390,2151.405342,2,6471475
89031712,2026-07-30T21:23:29.0011997,1075.682446,1044.897570,2151.364893,2,5783983
88952168,2026-07-30T09:26:08.1852090,1075.680722,1041.504251,2151.361444,2,4158741
89036425,2026-07-30T22:04:02.2281680,1075.677544,1048.056777,2151.355088,2,4390636
89036747,2026-07-30T22:08:01.6281639,1075.669470,1062.698328,2151.338941,2,5499974
88888465,2026-07-30T00:05:26.4153116,1075.658979,1073.276432,2151.317957,2,4519008
88913363,2026-07-30T03:45:49.9170851,1075.658000,1062.718847,2151.316001,2,5066616
89039493,2026-07-30T22:32:01.7361536,1075.644275,1062.455808,2151.288549,2,5809984
88958223,2026-07-30T10:18:08.0601777,1075.630694,1065.456003,2151.261387,2,3895917
88892235,2026-07-30T00:37:30.9505218,1075.628807,1067.455129,2151.257614,2,4165788
88979964,2026-07-30T13:30:10.6788830,1075.584932,1072.171371,2151.169865,2,5920818
89028619,2026-07-30T20:52:43.8037054,1075.572077,1071.699522,2151.144153,2,7211367
89042712,2026-07-30T23:00:33.5864887,1075.562403,1062.907246,2151.124805,2,1703773
88988750,2026-07-30T14:49:24.5082236,1075.548601,1039.291346,2151.097202,2,4711228
88922160,2026-07-30T05:02:15.4897805,1075.539183,1054.133673,2151.078366,2,5322511
89040890,2026-07-30T22:44:01.9150450,1075.526122,1069.211394,2151.052245,2,4178546
89043153,2026-07-30T23:04:35.5920096,1075.491484,1059.656027,2150.982968,2,7716590
89044762,2026-07-30T23:16:31.7999452,1075.462115,1062.697077,2150.924230,2,5157692
88889815,2026-07-30T00:17:32.2159025,1075.456786,1052.348676,2150.913573,2,761008
89008797,2026-07-30T17:56:29.4937112,1075.380261,1050.027222,2150.760522,2,2801646
88949525,2026-07-30T09:02:13.8584885,1075.378549,1070.914642,2150.757099,2,5182151
89042747,2026-07-30T23:00:33.6464101,1075.364020,1074.156499,2150.728039,2,5769102
89037249,2026-07-30T22:12:01.8476844,1075.327499,1071.130234,2150.654998,2,5314438
88983526,2026-07-30T14:02:07.8232963,1075.319514,1063.827052,2150.639028,2,8257338
89041334,2026-07-30T22:48:33.4835708,1075.316486,1060.087312,2150.632971,2,4042679
89015357,2026-07-30T18:51:58.2636655,1075.293332,1064.495810,2150.586664,2,7429274
89033056,2026-07-30T21:35:32.3775915,1075.293281,1037.411434,2150.586561,2,5267699
89035842,2026-07-30T22:00:01.5436535,1075.285832,1060.458267,2150.571664,2,5186946
89030952,2026-07-30T21:12:43.1769653,1075.229326,1063.120305,2150.458652,2,5681604
88974542,2026-07-30T12:42:08.5696391,1075.201996,1047.240953,2150.403993,2,5796681
89044146,2026-07-30T23:12:31.9313977,1075.170021,1068.146049,2150.340042,2,6072456
89035863,2026-07-30T22:00:01.5953420,1075.166399,1062.575270,2150.332797,2,5300681
88951749,2026-07-30T09:22:08.0305272,1075.158294,1058.002431,2150.316589,2,4692928
89041783,2026-07-30T22:52:32.6024165,1075.153463,1055.747416,2150.306927,2,3723981
89046137,2026-07-30T23:28:32.3721296,1075.123337,1064.200150,2150.246673,2,3321667
88949360,2026-07-30T09:02:13.5452698,1075.099106,1053.638607,2150.198212,2,2804876
88888463,2026-07-30T00:05:26.4121797,1075.098322,1065.589952,2150.196645,2,4281165
88939061,2026-07-30T07:30:25.4500993,1075.086643,1065.235018,2150.173285,2,6003393
89038597,2026-07-30T22:24:02.2325216,1075.045869,1064.440043,2150.091738,2,4873081
89030640,2026-07-30T21:12:42.4329059,1075.036915,1067.783716,2150.073831,2,4153914
88966983,2026-07-30T11:38:07.6214128,1074.997342,1049.327582,2149.994684,2,4831355
89032730,2026-07-30T21:31:32.0988117,1074.989128,1057.550421,2149.978257,2,4256009
89039048,2026-07-30T22:28:01.3823372,1074.975932,1055.637974,2149.951863,2,3622463
88910731,2026-07-30T03:21:47.5550122,1074.919603,1054.590033,2149.839207,2,2859606
89037673,2026-07-30T22:16:01.5824825,1074.883590,1049.002007,2149.767181,2,6749696
89046166,2026-07-30T23:28:32.4061185,1074.857004,1068.216937,2149.714008,2,5109270
88889861,2026-07-30T00:17:32.3307027,1074.851533,999.494696,2149.703067,2,3726744
89030782,2026-07-30T21:12:42.7932218,1074.824994,1042.825375,2149.649989,2,6044666
88935747,2026-07-30T07:02:12.7525489,1074.819984,1039.280409,2149.639969,2,4708094
89034160,2026-07-30T21:43:32.3092384,1074.814109,1074.681212,2149.628219,2,5582333
89035405,2026-07-30T21:55:31.5242322,1074.745474,1068.078862,2149.490947,2,5133363
89042697,2026-07-30T23:00:33.5254136,1074.737281,1055.917521,2149.474562,2,4693839
88893567,2026-07-30T00:49:32.9330158,1074.731540,1039.677677,2149.463081,2,4987171
88890779,2026-07-30T00:25:34.0792645,1074.718428,1038.936214,2149.436857,2,3203132
88985494,2026-07-30T14:21:23.3965381,1074.705165,1070.233716,2149.410329,2,4857812
88917480,2026-07-30T04:21:48.5650735,1074.704880,1064.710630,2149.409761,2,4437711
89035838,2026-07-30T22:00:01.5383791,1074.641490,1054.020587,2149.282980,2,3462609
89012096,2026-07-30T18:23:57.9556397,1074.633103,1067.129473,2149.266207,2,3635856
89035347,2026-07-30T21:55:31.4234200,1074.622564,1037.624296,2149.245128,2,5807152
88950373,2026-07-30T09:10:15.0705572,1074.614226,1022.391939,2149.228453,2,5911680
88929757,2026-07-30T06:10:15.0933607,1074.593461,1073.567235,2149.186922,2,5654760
89040745,2026-07-30T22:44:01.6354114,1074.566399,1062.236388,2149.132799,2,2069592
88955197,2026-07-30T09:54:08.1077872,1074.511153,1072.451737,2149.022306,2,4617752
89047636,2026-07-30T23:40:33.7800048,1074.489846,1057.004541,2148.979693,2,4281432
89015433,2026-07-30T18:51:58.3850546,1074.465845,1046.783306,2148.931690,2,5462770
89007072,2026-07-30T17:36:55.7421015,1074.438143,1023.333853,2148.876287,2,8109968
88966386,2026-07-30T11:30:10.4628445,1074.430064,996.848128,2148.860127,2,2878675
89042244,2026-07-30T22:56:34.8066156,1074.422511,1056.163980,2148.845022,2,3739692
88961834,2026-07-30T10:50:10.4818571,1074.377507,1066.708722,2148.755014,2,4732125
88994693,2026-07-30T15:41:23.4570728,1074.373286,1054.340224,2148.746572,2,5207399
89029032,2026-07-30T20:56:46.2055755,1074.371550,1038.826552,2148.743100,2,4097112
88992118,2026-07-30T15:21:24.2207721,1074.365787,1037.387881,2148.731574,2,4996724
89004015,2026-07-30T17:05:27.3660578,1074.356643,1033.676733,2148.713285,2,4329256
88975546,2026-07-30T12:50:10.3073409,1074.346803,1067.181789,2148.693607,2,1095346
89020376,2026-07-30T19:35:59.3873005,1074.339955,1058.165753,2148.679910,2,5641355
88970873,2026-07-30T12:10:09.9237659,1074.308962,1067.427662,2148.617924,2,1093001
89035399,2026-07-30T21:55:31.5136805,1074.276954,1057.595979,2148.553908,2,2372091
88889032,2026-07-30T00:09:27.6326876,1074.216291,1062.367682,2148.432581,2,4111112
88908027,2026-07-30T02:57:48.5475479,1074.199597,1059.165111,2148.399193,2,6395023
89048208,2026-07-30T23:44:32.6080273,1074.116794,1065.145654,2148.233589,2,2548452
88992807,2026-07-30T15:25:23.3073415,1074.037852,1025.153856,2148.075703,2,5186529
89049191,2026-07-30T23:52:36.6842777,1074.035042,1045.414095,2148.070084,2,6099697
88899317,2026-07-30T01:41:48.8465928,1074.002718,1032.289633,2148.005437,2,6016169
89039483,2026-07-30T22:32:01.7232208,1074.002100,1052.140366,2148.004199,2,6603745
89038602,2026-07-30T22:24:02.2746072,1073.998052,1065.491246,2147.996104,2,5599433
89040860,2026-07-30T22:44:01.8758190,1073.989020,1039.810029,2147.978040,2,6145825
88917506,2026-07-30T04:21:48.8050925,1073.977693,1054.381413,2147.955387,2,7516637
89043617,2026-07-30T23:08:33.5316328,1073.970222,994.650659,2147.940444,2,5371185
89036728,2026-07-30T22:08:01.6004376,1073.965800,1028.880600,2147.931600,2,3413344
89037643,2026-07-30T22:16:01.5151024,1073.963724,1049.012543,2147.927447,2,5518442
89035830,2026-07-30T22:00:01.5249525,1073.905241,1054.018793,2147.810482,2,5702320
88893549,2026-07-30T00:49:32.8527164,1073.863380,1030.306287,2147.726760,2,3378159
89047641,2026-07-30T23:40:33.7860077,1073.850486,1061.063934,2147.700972,2,4788236
88940330,2026-07-30T07:42:09.6553700,1073.839837,1044.565627,2147.679674,2,5433622
88996259,2026-07-30T15:57:24.9257468,1073.839456,1029.959815,2147.678911,2,6017454
89014062,2026-07-30T18:39:58.1872507,1073.831757,1073.096007,2147.663514,2,4574907
89046658,2026-07-30T23:32:35.1334616,1073.817405,1069.012685,2147.634810,2,5698570
89040023,2026-07-30T22:36:02.3157606,1073.786303,1069.457099,2147.572606,2,4209305
89029906,2026-07-30T21:04:43.7018002,1073.764655,1036.003337,2147.529310,2,5912848
89023038,2026-07-30T20:04:46.3083379,1073.727149,1065.232506,2147.454298,2,5381981
89042227,2026-07-30T22:56:34.7854786,1073.725496,1033.314444,2147.450992,2,4886185
89041327,2026-07-30T22:48:33.4775422,1073.698546,1042.992350,2147.397092,2,4328195
88893293,2026-07-30T00:49:31.6677365,1073.686911,1061.127452,2147.373823,2,5541115
89030805,2026-07-30T21:12:42.8342343,1073.655130,1046.071856,2147.310259,2,3667734
89031287,2026-07-30T21:16:43.3993547,1073.648006,1052.386471,2147.296012,2,5224339
89041793,2026-07-30T22:52:32.6107608,1073.590379,1052.229574,2147.180759,2,2670266
89039480,2026-07-30T22:32:01.7205668,1073.586939,1051.772108,2147.173878,2,4072059
88995334,2026-07-30T15:49:23.5416806,1073.575684,1021.168186,2147.151368,2,5789000
88996348,2026-07-30T15:57:25.0976095,1073.556956,1057.569047,2147.113912,2,3667470
89042277,2026-07-30T22:56:34.8382490,1073.544579,1069.915892,2147.089158,2,4235464
89049188,2026-07-30T23:52:36.6816880,1073.502649,1032.091462,2147.005298,2,3702530
89037674,2026-07-30T22:16:01.5806569,1073.494388,1056.374061,2146.988776,2,4850524
89046619,2026-07-30T23:32:35.0108532,1073.486359,1057.819497,2146.972719,2,5248846
88897657,2026-07-30T01:25:32.7526813,1073.478891,1007.542184,2146.957783,2,4593675
88969048,2026-07-30T11:54:07.1362206,1073.476332,1061.925861,2146.952665,2,5821221
89019816,2026-07-30T19:31:57.9059905,1073.469016,1068.260206,2146.938031,2,4907295
89040400,2026-07-30T22:40:01.6192493,1073.461397,1050.411755,2146.922794,2,4598992
89038600,2026-07-30T22:24:02.2716766,1073.458863,1049.721486,2146.917727,2,3990324
88929222,2026-07-30T06:06:14.8312271,1073.438572,1070.474625,2146.877144,2,5553729
89046125,2026-07-30T23:28:32.3184680,1073.421973,1070.245278,2146.843945,2,3357597
88887964,2026-07-30T00:01:26.0490643,1073.420144,1069.732056,2146.840288,2,6183360
89045624,2026-07-30T23:24:35.3265028,1073.412628,1060.761582,2146.825255,2,2417008
89049705,2026-07-30T23:56:35.6203841,1073.371916,1061.956613,2146.743833,2,5423542
88929347,2026-07-30T06:06:15.4424085,1073.365109,1046.490402,2146.730218,2,2441615
88971239,2026-07-30T12:14:07.0598160,1073.341262,1033.339865,2146.682524,2,5640825
89045224,2026-07-30T23:20:33.9152868,1073.338528,1063.399648,2146.677056,2,2535749
89036769,2026-07-30T22:08:01.6957039,1073.325216,1061.116602,2146.650433,2,5644092
89047125,2026-07-30T23:36:33.0101542,1073.317501,1067.056459,2146.635002,2,5179278
88890787,2026-07-30T00:25:34.1461305,1073.316753,1058.421597,2146.633506,2,5611391
88965766,2026-07-30T11:26:08.1821752,1073.294298,1071.836660,2146.588595,2,5431448
89047666,2026-07-30T23:40:33.8189662,1073.263824,1070.066242,2146.527648,2,5054874
88968864,2026-07-30T11:54:06.8206069,1073.182128,1052.328318,2146.364256,2,4015847
89041225,2026-07-30T22:48:33.2311240,1073.179879,1068.948275,2146.359757,2,3930610
89039496,2026-07-30T22:32:01.7378615,1073.167117,1059.686932,2146.334235,2,5571016
88984001,2026-07-30T14:09:46.1005120,1073.167051,1072.294468,2146.334103,2,5992087
89038157,2026-07-30T22:20:01.6380677,1073.165675,1058.572160,2146.331350,2,2887465
88896289,2026-07-30T01:13:31.0218905,1073.164195,1027.006645,2146.328389,2,8856891
89044638,2026-07-30T23:16:31.5982467,1073.146447,1063.011331,2146.292894,2,7317820
89040847,2026-07-30T22:44:01.8214044,1073.141000,1024.895255,2146.282000,2,3297246
89042680,2026-07-30T23:00:33.4949276,1073.132094,1017.886056,2146.264188,2,3947745
89039054,2026-07-30T22:28:01.3884809,1073.125775,1063.743034,2146.251551,2,5403267
89031266,2026-07-30T21:16:43.3633658,1073.118478,1042.430634,2146.236956,2,4316314
89040401,2026-07-30T22:40:01.6188909,1073.074358,1059.775084,2146.148716,2,6506045
89048671,2026-07-30T23:48:36.2285688,1073.042306,1008.013860,2146.084611,2,4291690
89045124,2026-07-30T23:20:33.7194490,1073.029915,1060.950254,2146.059829,2,4307982
88973565,2026-07-30T12:34:06.4019826,1073.025491,1034.738291,2146.050981,2,5527232
88985565,2026-07-30T14:21:23.5321261,1073.022847,1069.318698,2146.045695,2,5912771
89047653,2026-07-30T23:40:33.7992168,1072.981597,1065.771977,2145.963194,2,2580229
89047640,2026-07-30T23:40:33.7844587,1072.980127,1054.585549,2145.960254,2,5352457
89034420,2026-07-30T21:47:31.7949493,1072.974985,1028.767304,2145.949971,2,4140823
88889349,2026-07-30T00:13:28.5352778,1072.942680,1048.665535,2145.885360,2,4263704
89044143,2026-07-30T23:12:31.9272707,1072.936225,1057.602130,2145.872450,2,4627255
88892217,2026-07-30T00:37:30.9318824,1072.888417,1049.187646,2145.776834,2,4749598
88905235,2026-07-30T02:33:47.3280153,1072.846562,1068.713502,2145.693125,2,5345820
88950626,2026-07-30T09:14:18.4089410,1072.839826,1070.607582,2145.679652,2,4220022
89044743,2026-07-30T23:16:31.7785009,1072.835432,1055.526127,2145.670864,2,4465429
89006349,2026-07-30T17:29:30.2828107,1072.833922,1039.360446,2145.667845,2,6161007
89011181,2026-07-30T18:15:59.6916936,1072.828969,1062.414423,2145.657938,2,6091330
88996745,2026-07-30T16:01:23.1358391,1072.810467,1060.840823,2145.620935,2,6827114
89031732,2026-07-30T21:23:29.0806144,1072.808618,1033.763317,2145.617237,2,5605844
89042240,2026-07-30T22:56:34.7989443,1072.802023,1046.732779,2145.604046,2,4409441
89049237,2026-07-30T23:52:36.7776823,1072.801502,1061.171666,2145.603003,2,4786059
89041774,2026-07-30T22:52:32.5879664,1072.798650,1035.830998,2145.597299,2,5192980
89022707,2026-07-30T20:00:46.1679866,1072.785833,1065.641828,2145.571666,2,4808890
89030331,2026-07-30T21:08:43.9674121,1072.756882,1040.266415,2145.513763,2,1683555
88889892,2026-07-30T00:17:32.4213307,1072.719762,1066.484169,2145.439523,2,6258413
88897493,2026-07-30T01:25:32.3381195,1072.671399,1054.365704,2145.342798,2,5233693
88946247,2026-07-30T08:34:08.2712228,1072.655466,1065.676015,2145.310932,2,5846446
89042307,2026-07-30T22:56:34.9078379,1072.635499,1065.367365,2145.270998,2,7654544
89007211,2026-07-30T17:36:55.9670872,1072.628464,1044.611088,2145.256929,2,5722653
89024732,2026-07-30T20:20:44.3051081,1072.605082,1070.365165,2145.210165,2,3804639
88908091,2026-07-30T02:57:48.6504785,1072.579810,1055.039857,2145.159621,2,7538706
88889859,2026-07-30T00:17:32.3302973,1072.570110,1053.572263,2145.140220,2,5368988
89034033,2026-07-30T21:43:32.0428562,1072.568858,1058.679664,2145.137715,2,4782562
88916664,2026-07-30T04:13:50.9959081,1072.565529,1057.550335,2145.131057,2,5503565
89040391,2026-07-30T22:40:01.6092694,1072.559113,1024.459874,2145.118227,2,3538789
89046113,2026-07-30T23:28:32.3020046,1072.540342,1061.646024,2145.080685,2,4986874
89034930,2026-07-30T21:51:31.7090797,1072.539030,1063.033070,2145.078059,2,3777091
88959323,2026-07-30T10:30:11.4203369,1072.530675,1037.972785,2145.061350,2,5980566
88889045,2026-07-30T00:09:27.6488020,1072.504979,1057.523455,2145.009958,2,5051576
89016734,2026-07-30T19:03:58.0666651,1072.462918,1071.400898,2144.925836,2,6491906
89041331,2026-07-30T22:48:33.4776911,1072.453850,1049.370717,2144.907700,2,5725693
89047146,2026-07-30T23:36:33.0827040,1072.447789,1061.057422,2144.895578,2,4537742
88995422,2026-07-30T15:49:23.7347757,1072.431927,1046.859215,2144.863854,2,4360339
89038120,2026-07-30T22:20:01.5830182,1072.424285,1023.051791,2144.848569,2,4942144
89034589,2026-07-30T21:47:32.1813807,1072.406725,1070.225271,2144.813450,2,7687398
89029463,2026-07-30T21:00:43.0717678,1072.384632,1061.981532,2144.769264,2,4477027
89036655,2026-07-30T22:08:01.4423188,1072.384032,1060.362287,2144.768064,2,4250069
88900603,2026-07-30T01:53:48.7247762,1072.340082,1042.065436,2144.680165,2,4628635
88980703,2026-07-30T13:38:07.7850007,1072.337193,1068.747133,2144.674386,2,4743790
88892182,2026-07-30T00:37:30.8690148,1072.319944,1036.285369,2144.639887,2,7197432
88991247,2026-07-30T15:13:22.9382542,1072.278494,1029.408752,2144.556987,2,6944087
89003546,2026-07-30T17:01:28.0732393,1072.258052,1061.535172,2144.516104,2,4819818
89037254,2026-07-30T22:12:01.8765709,1072.250559,1065.937786,2144.501118,2,4582820
89031226,2026-07-30T21:16:43.2781394,1072.247754,1028.764352,2144.495508,2,4207903
89048166,2026-07-30T23:44:32.5227897,1072.242464,1000.668278,2144.484927,2,4549812
89034932,2026-07-30T21:51:31.7113735,1072.208637,1057.544907,2144.417274,2,4748507
89041852,2026-07-30T22:52:32.7158720,1072.204929,1070.763561,2144.409858,2,6176802
88966543,2026-07-30T11:34:07.7110035,1072.156049,1049.036155,2144.312098,2,1771325
89044299,2026-07-30T23:12:32.1763734,1072.139162,1065.824264,2144.278323,2,5652636
88897447,2026-07-30T01:25:32.2265601,1072.129985,1032.551391,2144.259970,2,7627632
89029454,2026-07-30T21:00:43.0640010,1072.124963,1032.256963,2144.249926,2,4205982
89032314,2026-07-30T21:27:41.7776020,1072.119187,1069.091792,2144.238373,2,4503754
89046123,2026-07-30T23:28:32.3163775,1072.107603,1059.634151,2144.215207,2,3836226
89023438,2026-07-30T20:08:43.5774993,1072.014460,1044.455364,2144.028920,2,5880746
89047111,2026-07-30T23:36:32.9901099,1072.000721,1068.300129,2144.001441,2,5242744
89041801,2026-07-30T22:52:32.6154238,1071.986488,1069.764879,2143.972976,2,6100780
88954398,2026-07-30T09:46:08.4504744,1071.970831,1024.914654,2143.941661,2,4088886
88908611,2026-07-30T03:01:50.4141730,1071.944997,1049.854854,2143.889993,2,4846080
88909403,2026-07-30T03:09:51.8812556,1071.892987,1056.974880,2143.785975,2,6064683
88944884,2026-07-30T08:22:08.1770045,1071.817483,1042.054967,2143.634967,2,4502915
89033987,2026-07-30T21:43:31.9700078,1071.817221,1036.588980,2143.634442,2,5564082
88950463,2026-07-30T09:10:15.2616234,1071.755846,1039.593380,2143.511692,2,5524897
88990605,2026-07-30T15:05:23.4155127,1071.716623,1061.359083,2143.433246,2,3908512
89041312,2026-07-30T22:48:33.4208322,1071.694158,1019.007259,2143.388316,2,3370896
88901643,2026-07-30T02:01:48.3658819,1071.681558,1068.587451,2143.363115,2,4430179
89042700,2026-07-30T23:00:33.5272194,1071.667784,1054.046576,2143.335568,2,5504408
89029057,2026-07-30T20:56:46.2652601,1071.652590,1056.763558,2143.305180,2,5220816
88892176,2026-07-30T00:37:30.8604815,1071.624305,1038.513204,2143.248610,2,3105194
88996281,2026-07-30T15:57:24.9590349,1071.601106,1045.839986,2143.202212,2,5635219
88970396,2026-07-30T12:06:07.0427183,1071.596350,1071.569688,2143.192700,2,4562527
88976880,2026-07-30T13:02:08.2031707,1071.575417,1054.066461,2143.150835,2,5163951
89041303,2026-07-30T22:48:33.4149561,1071.550709,1020.482376,2143.101417,2,2725271
89036751,2026-07-30T22:08:01.6348155,1071.529162,1058.742295,2143.058324,2,2390267
89046104,2026-07-30T23:28:32.2924300,1071.526887,1042.631890,2143.053774,2,4529211
88893039,2026-07-30T00:45:30.1675183,1071.510781,1023.720466,2143.021562,2,6197516
88988062,2026-07-30T14:45:22.8085095,1071.462455,1057.225510,2142.924910,2,4971182
89037195,2026-07-30T22:12:01.7286927,1071.415083,1020.728707,2142.830166,2,4183239
89014819,2026-07-30T18:47:58.0789168,1071.396036,1066.716664,2142.792072,2,4149931
88900709,2026-07-30T01:53:48.9204440,1071.394198,1047.577263,2142.788395,2,5812872
89022112,2026-07-30T19:56:46.5903168,1071.389912,1066.125057,2142.779823,2,5466538
88972210,2026-07-30T12:22:06.6339998,1071.387865,1055.872646,2142.775730,2,6024619
89037655,2026-07-30T22:16:01.5306601,1071.353945,1027.007325,2142.707889,2,4641326
89032135,2026-07-30T21:27:41.2975645,1071.313272,1029.781059,2142.626544,2,3982640
89034164,2026-07-30T21:43:32.3154333,1071.293678,1053.501008,2142.587355,2,5333572
88892567,2026-07-30T00:41:33.9934485,1071.276052,1015.767034,2142.552103,2,5204339
88939918,2026-07-30T07:38:08.6781343,1071.245055,1065.203511,2142.490111,2,3849438
88917959,2026-07-30T04:25:48.5830422,1071.234973,1045.144650,2142.469947,2,2843262
89049793,2026-07-30T23:56:35.7825906,1071.221706,1051.266032,2142.443412,2,5560658
89040877,2026-07-30T22:44:01.8964001,1071.190210,1065.497483,2142.380420,2,5317640
89042243,2026-07-30T22:56:34.8053091,1071.171767,1047.767802,2142.343534,2,2553619
89018257,2026-07-30T19:20:02.8953983,1071.160105,1067.855328,2142.320209,2,3686747
88903822,2026-07-30T02:21:50.0226285,1071.158471,1041.705891,2142.316942,2,5443834
88905785,2026-07-30T02:37:48.8276578,1071.156871,1068.488347,2142.313743,2,6510177
89042588,2026-07-30T23:00:33.3222972,1071.150735,1037.085317,2142.301470,2,3067197
89047758,2026-07-30T23:40:33.9975234,1071.136931,1051.413442,2142.273862,2,6814682
88927938,2026-07-30T05:54:15.3275490,1071.118092,1044.489692,2142.236185,2,4402699
89039497,2026-07-30T22:32:01.7361535,1071.103208,1045.530956,2142.206415,2,3636270
89005393,2026-07-30T17:17:27.0023715,1071.083971,1039.169426,2142.167943,2,5624513
89046599,2026-07-30T23:32:34.9802695,1071.077040,1043.635926,2142.154080,2,3333852
89042696,2026-07-30T23:00:33.5205300,1071.067909,1035.794575,2142.135819,2,5718288
88954339,2026-07-30T09:46:08.2391676,1071.052978,1064.100162,2142.105957,2,7514058
89011668,2026-07-30T18:19:57.9127912,1071.045267,1053.019770,2142.090533,2,4707288
89035066,2026-07-30T21:51:31.9819662,1071.035318,1062.759992,2142.070636,2,3694240
89046102,2026-07-30T23:28:32.2908766,1071.031585,1045.053798,2142.063170,2,4635093
89034081,2026-07-30T21:43:32.1152697,1070.986618,1070.306184,2141.973236,2,4269045
88975453,2026-07-30T12:50:10.1790210,1070.913921,1070.632596,2141.827842,2,4951213
88967674,2026-07-30T11:42:06.7733398,1070.908192,1062.302485,2141.816385,2,1710518
89035836,2026-07-30T22:00:01.5325060,1070.904168,1049.652949,2141.808336,2,3291473
89047268,2026-07-30T23:36:33.2923860,1070.888877,1048.716080,2141.777754,2,5313991
88888739,2026-07-30T00:09:27.1400848,1070.863035,1028.918204,2141.726071,2,2807031
88999015,2026-07-30T16:21:23.1076824,1070.762980,1061.405304,2141.525959,2,3995739
89047139,2026-07-30T23:36:33.0251010,1070.716734,1066.921032,2141.433469,2,5416508
89047119,2026-07-30T23:36:32.9998292,1070.716734,1062.143804,2141.433469,2,4121186
88890778,2026-07-30T00:25:34.0772993,1070.712774,1034.237253,2141.425548,2,5526456
89039474,2026-07-30T22:32:01.7109278,1070.709753,1027.902822,2141.419505,2,5161393
88889501,2026-07-30T00:13:28.9452071,1070.709551,1070.609449,2141.419101,2,6814973
88961561,2026-07-30T10:50:10.0103126,1070.676960,1052.862714,2141.353919,2,5855782
89033853,2026-07-30T21:43:31.7054213,1070.570278,1065.504298,2141.140557,2,6357312
89045278,2026-07-30T23:20:34.0038520,1070.553765,1059.299301,2141.107530,2,6671749
88977253,2026-07-30T13:06:08.3243682,1070.549834,1050.094803,2141.099668,2,5964719
89048684,2026-07-30T23:48:36.2817453,1070.538481,1037.745107,2141.076963,2,5446841
89046609,2026-07-30T23:32:34.9980391,1070.534733,1046.126032,2141.069466,2,3882313
89044709,2026-07-30T23:16:31.7116906,1070.516778,1067.335287,2141.033557,2,4870368
89034332,2026-07-30T21:47:31.6180623,1070.510987,1067.123629,2141.021973,2,2503991
88936195,2026-07-30T07:06:13.5428566,1070.495084,1040.536134,2140.990168,2,3490331
89034886,2026-07-30T21:51:31.6195496,1070.447177,1031.899532,2140.894355,2,5064853
89035432,2026-07-30T21:55:31.6448833,1070.419543,1049.534819,2140.839086,2,3885538
88961182,2026-07-30T10:46:07.7898077,1070.342460,1062.993071,2140.684920,2,6101175
89045287,2026-07-30T23:20:34.0121006,1070.338411,1053.367353,2140.676823,2,7157463
88890853,2026-07-30T00:25:34.5315615,1070.326956,1069.954649,2140.653913,2,2427997
89018611,2026-07-30T19:20:03.4902798,1070.316462,1028.229368,2140.632924,2,5738464
88930757,2026-07-30T06:18:13.8763673,1070.292508,1044.314418,2140.585016,2,4350237
88992128,2026-07-30T15:21:24.2379418,1070.237120,1051.005556,2140.474240,2,4327172
89023585,2026-07-30T20:08:43.9638422,1070.223165,1025.022160,2140.446330,2,5520529
89023954,2026-07-30T20:12:44.2028421,1070.218010,1057.635402,2140.436019,2,2995279
88888448,2026-07-30T00:05:26.3705752,1070.213925,1020.921868,2140.427849,2,4785332
89039596,2026-07-30T22:32:01.9793041,1070.212163,1066.261113,2140.424327,2,5840946
89027537,2026-07-30T20:44:43.9766904,1070.198559,1067.839654,2140.397118,2,3948883
89005848,2026-07-30T17:21:27.3753609,1070.191074,1032.260218,2140.382149,2,4874281
88957118,2026-07-30T10:10:10.9517959,1070.189561,1055.591324,2140.379122,2,5109382
89041337,2026-07-30T22:48:33.4855808,1070.152781,1054.746745,2140.305561,2,4866884
89047684,2026-07-30T23:40:33.8778045,1070.137415,1067.653570,2140.274831,2,4759059
88991085,2026-07-30T15:09:25.0319901,1070.116037,1062.395558,2140.232074,2,4316068
89046613,2026-07-30T23:32:35.0035300,1070.106883,1062.855228,2140.213766,2,3880750
89030818,2026-07-30T21:12:42.8769434,1070.093469,1032.013512,2140.186938,2,2687077
88911788,2026-07-30T03:29:57.9509402,1070.073965,1066.032559,2140.147930,2,3598114
89047081,2026-07-30T23:36:32.9274464,1070.063742,1039.549604,2140.127485,2,4598349
89035538,2026-07-30T21:55:31.8149071,1070.006111,1067.662711,2140.012221,2,5289840
89012745,2026-07-30T18:27:58.1105907,1069.973122,1061.124375,2139.946245,2,6462526
88952662,2026-07-30T09:30:11.7098679,1069.966150,1041.889659,2139.932301,2,7533795
88933784,2026-07-30T06:46:12.2289570,1069.951644,1055.723434,2139.903288,2,5414420
88935008,2026-07-30T06:54:12.8507469,1069.892684,1032.921659,2139.785369,2,9819584
88894258,2026-07-30T00:57:29.4458792,1069.873209,1031.502277,2139.746418,2,4882992
89025263,2026-07-30T20:24:45.7176828,1069.870357,1044.556951,2139.740715,2,6061341
89004591,2026-07-30T17:09:28.6425277,1069.851734,1066.037232,2139.703468,2,7598022
89041794,2026-07-30T22:52:32.6122166,1069.850031,1039.720153,2139.700061,2,4397730
88986468,2026-07-30T14:29:25.0233169,1069.834986,990.083106,2139.669972,2,4706941
89041329,2026-07-30T22:48:33.4805066,1069.822245,1048.331253,2139.644490,2,2589743
88891290,2026-07-30T00:29:33.1329403,1069.814833,1038.230038,2139.629666,2,4587307
88903293,2026-07-30T02:17:47.5550751,1069.796893,1051.632074,2139.593787,2,6762459
89035791,2026-07-30T22:00:01.4185618,1069.739549,1021.181080,2139.479097,2,5503920
89034092,2026-07-30T21:43:32.1271381,1069.720722,1053.155453,2139.441444,2,4316974
88887976,2026-07-30T00:01:26.0621274,1069.697545,1064.787676,2139.395090,2,5952915
88951539,2026-07-30T09:22:07.5139369,1069.650451,1033.319150,2139.300901,2,5849360
89024087,2026-07-30T20:12:44.4230493,1069.641684,1029.023713,2139.283368,2,7098579
89039492,2026-07-30T22:32:01.7362310,1069.601710,1049.745799,2139.203420,2,5390203
89036267,2026-07-30T22:04:01.8952353,1069.600157,1031.349439,2139.200313,2,4469576
88918972,2026-07-30T04:34:12.9222606,1069.566830,1040.887314,2139.133660,2,5896049
89012144,2026-07-30T18:23:58.1149166,1069.563645,1049.448603,2139.127290,2,7276875
89032605,2026-07-30T21:31:31.7785612,1069.529236,1022.885986,2139.058472,2,6305598
89048744,2026-07-30T23:48:36.4127182,1069.521290,1058.768918,2139.042580,2,6990586
89011836,2026-07-30T18:19:58.2823049,1069.514749,1042.029220,2139.029497,2,3017359
89023509,2026-07-30T20:08:43.7017437,1069.505826,1040.971751,2139.011652,2,6358055
89037380,2026-07-30T22:12:02.1318231,1069.492673,1063.776904,2138.985347,2,5331000
89030788,2026-07-30T21:12:42.8020594,1069.488813,1034.630674,2138.977625,2,4953443
89040586,2026-07-30T22:40:01.9135943,1069.471316,1058.192489,2138.942631,2,6750566
89021157,2026-07-30T19:49:17.6956839,1069.454662,1038.980319,2138.909323,2,6050647
89046642,2026-07-30T23:32:35.1116769,1069.450962,1066.497455,2138.901925,2,3998559
88924039,2026-07-30T05:18:13.0238411,1069.437318,1044.271462,2138.874636,2,3914178
88912138,2026-07-30T03:33:50.6400280,1069.393888,1066.627432,2138.787777,2,3962091
88931236,2026-07-30T06:22:12.9121486,1069.375606,1049.188065,2138.751212,2,5792694
89010416,2026-07-30T18:07:58.0812902,1069.367438,1064.101147,2138.734875,2,4279222
88926810,2026-07-30T05:42:15.2822509,1069.359346,1065.166338,2138.718692,2,5353343
88902127,2026-07-30T02:05:48.2310962,1069.355875,1050.966319,2138.711750,2,4818857
88967552,2026-07-30T11:42:06.4238841,1069.332977,1031.130220,2138.665954,2,5235324
89046145,2026-07-30T23:28:32.3806069,1069.319732,1063.857862,2138.639464,2,5887164
89049701,2026-07-30T23:56:35.6133652,1069.304629,1040.364117,2138.609258,2,2534229
89044160,2026-07-30T23:12:31.9758062,1069.185926,1059.591239,2138.371852,2,6750952
89005882,2026-07-30T17:21:27.4269724,1069.177665,1031.175803,2138.355330,2,5288139
88969785,2026-07-30T12:02:06.6311504,1069.162785,1062.688119,2138.325569,2,4215246
88887968,2026-07-30T00:01:26.0531613,1069.121938,1063.992952,2138.243877,2,2463550
89038155,2026-07-30T22:20:01.6351720,1069.116716,1050.013591,2138.233431,2,4143384
89020640,2026-07-30T19:39:57.7188681,1069.111894,1062.938049,2138.223788,2,5504234
89043634,2026-07-30T23:08:33.5807259,1069.096353,1052.113080,2138.192705,2,4982520
88892539,2026-07-30T00:41:33.9506402,1069.094330,1022.020273,2138.188660,2,3804061
89034917,2026-07-30T21:51:31.6907569,1069.090758,1043.911210,2138.181516,2,3021505
89029825,2026-07-30T21:04:43.5549483,1069.078248,1045.313107,2138.156496,2,3821185
88941771,2026-07-30T07:54:08.2512542,1069.002180,1050.238702,2138.004361,2,5506299
89036276,2026-07-30T22:04:01.9207681,1068.998660,1051.121764,2137.997320,2,4897472
89037361,2026-07-30T22:12:02.0991078,1068.995985,1061.614562,2137.991971,2,4999182
89045610,2026-07-30T23:24:35.3128953,1068.981095,1041.321664,2137.962189,2,5615271
88894908,2026-07-30T01:01:29.3311772,1068.970632,1008.914292,2137.941265,2,6067185
89046596,2026-07-30T23:32:34.9784283,1068.946601,1026.735167,2137.893202,2,3797495
89032213,2026-07-30T21:27:41.4945543,1068.944356,1062.544064,2137.888713,2,5223382
89020217,2026-07-30T19:35:59.1528828,1068.914823,1030.349825,2137.829646,2,5183599
89023556,2026-07-30T20:08:43.8090127,1068.881030,1031.329519,2137.762059,2,2018300
88952552,2026-07-30T09:30:11.3418324,1068.849768,1039.689308,2137.699536,2,4534680
88946593,2026-07-30T08:38:08.1755580,1068.837245,1056.313965,2137.674491,2,3939316
89038160,2026-07-30T22:20:01.6427195,1068.823927,1059.422369,2137.647855,2,7564140
88891672,2026-07-30T00:33:32.2410526,1068.796587,1032.716782,2137.593174,2,5404709
89046191,2026-07-30T23:28:32.4720098,1068.791417,1065.520490,2137.582833,2,4336671
88941514,2026-07-30T07:54:07.4382537,1068.784297,1040.215653,2137.568594,2,4529129
89030480,2026-07-30T21:08:44.2954322,1068.752526,1049.974502,2137.505052,2,4212199
88946611,2026-07-30T08:38:08.2171246,1068.743745,1064.333864,2137.487490,2,5705124
88888954,2026-07-30T00:09:27.5264097,1068.738906,1057.916110,2137.477812,2,1376044
89017526,2026-07-30T19:11:57.9847170,1068.727333,1042.194757,2137.454666,2,4796469
88946407,2026-07-30T08:34:08.6106143,1068.706868,1057.611502,2137.413736,2,4835792
89048361,2026-07-30T23:44:32.9894939,1068.694360,1056.488336,2137.388720,2,3861269
89011300,2026-07-30T18:15:59.8939062,1068.658710,1056.496561,2137.317420,2,2506919
89039959,2026-07-30T22:36:02.1957982,1068.602251,1049.331633,2137.204502,2,736082
89021639,2026-07-30T19:52:44.0093963,1068.591486,1050.791251,2137.182971,2,5184822
88910382,2026-07-30T03:17:48.2835930,1068.564543,1045.382366,2137.129086,2,4642695
89045625,2026-07-30T23:24:35.3300566,1068.560223,1060.299194,2137.120445,2,7215964
89037202,2026-07-30T22:12:01.7439941,1068.513557,1031.778272,2137.027113,2,3882314
89042703,2026-07-30T23:00:33.5332773,1068.510849,1036.169014,2137.021698,2,5459185
88977605,2026-07-30T13:10:09.8479439,1068.449368,1049.944694,2136.898737,2,4379249
89036784,2026-07-30T22:08:01.7253392,1068.438439,1049.489047,2136.876879,2,4254502
88887942,2026-07-30T00:01:26.0246226,1068.430611,1020.575659,2136.861223,2,5925820
89047096,2026-07-30T23:36:32.9819834,1068.429030,1041.301934,2136.858059,2,3228310
88887869,2026-07-30T00:01:25.9139169,1068.411916,1051.441508,2136.823832,2,5624501
88888949,2026-07-30T00:09:27.5210006,1068.384199,1045.653987,2136.768397,2,5384193
89045116,2026-07-30T23:20:33.7104981,1068.379825,1031.691940,2136.759650,2,4312926
89033111,2026-07-30T21:35:32.4809952,1068.372737,1037.745454,2136.745475,2,8090155
88890421,2026-07-30T00:21:34.5191286,1068.343480,1066.258829,2136.686959,2,3485748
88888474,2026-07-30T00:05:26.4224073,1068.327471,1068.282835,2136.654941,2,6176209
89045588,2026-07-30T23:24:35.2852722,1068.292799,1014.911115,2136.585599,2,5455231
89048699,2026-07-30T23:48:36.3205490,1068.288638,1042.337284,2136.577275,2,5054937
89029450,2026-07-30T21:00:43.0350798,1068.282236,1033.095366,2136.564472,2,2840333
88958397,2026-07-30T10:22:07.6225244,1068.279557,1064.163527,2136.559114,2,5309819
89047102,2026-07-30T23:36:32.9852200,1068.276685,1054.129690,2136.553370,2,3998449
89008206,2026-07-30T17:44:54.2455286,1068.257558,1043.891055,2136.515115,2,5325460
88949250,2026-07-30T09:02:13.0297292,1068.250838,1018.749320,2136.501676,2,5152802
88888939,2026-07-30T00:09:27.5068879,1068.236658,1036.027830,2136.473317,2,5134720
89044635,2026-07-30T23:16:31.5962279,1068.235722,1035.680602,2136.471445,2,5739633
89044626,2026-07-30T23:16:31.5873153,1068.233656,1031.675536,2136.467311,2,1389915
89033519,2026-07-30T21:39:31.7129888,1068.230749,1023.612390,2136.461498,2,6673606
89038743,2026-07-30T22:24:02.5790317,1068.165571,1057.709587,2136.331141,2,5076449
88891713,2026-07-30T00:33:32.2766888,1068.163460,1060.248279,2136.326919,2,5667291
89003422,2026-07-30T17:01:27.9100539,1068.159514,1064.926195,2136.319028,2,6488610
89041330,2026-07-30T22:48:33.4762807,1068.132698,1038.121606,2136.265395,2,6032758
88889804,2026-07-30T00:17:32.2149848,1068.112885,1042.159002,2136.225770,2,3510797
88889615,2026-07-30T00:17:30.6141099,1068.111247,1057.871841,2136.222494,2,6413150
88929635,2026-07-30T06:10:14.5488214,1068.101701,1057.892899,2136.203401,2,4812925
88953836,2026-07-30T09:42:09.4053024,1068.042097,1023.151755,2136.084194,2,6234647
89045595,2026-07-30T23:24:35.2933787,1068.039695,1016.345358,2136.079390,2,3700898
88991989,2026-07-30T15:17:23.4177306,1068.029150,1045.628973,2136.058301,2,3801804
89043624,2026-07-30T23:08:33.5346281,1068.019253,1030.533350,2136.038506,2,6486009
89032203,2026-07-30T21:27:41.4793975,1067.991215,1031.382904,2135.982429,2,5625041
89048189,2026-07-30T23:44:32.5853572,1067.961397,1048.939056,2135.922793,2,5532152
88917851,2026-07-30T04:25:48.1377584,1067.932702,1060.771797,2135.865403,2,5502481
89011345,2026-07-30T18:15:59.9786434,1067.909647,1062.207496,2135.819294,2,7061171
88964589,2026-07-30T11:14:08.0131110,1067.903520,1025.919748,2135.807040,2,6512312
89036734,2026-07-30T22:08:01.6085228,1067.895201,1026.259703,2135.790401,2,4124531
88941073,2026-07-30T07:50:10.0457693,1067.847658,1066.044350,2135.695315,2,3771234
89020114,2026-07-30T19:35:58.8570365,1067.820991,1059.064802,2135.641983,2,6551779
88905321,2026-07-30T02:33:47.4620276,1067.810857,1060.260496,2135.621715,2,4626618
88964109,2026-07-30T11:10:13.4681081,1067.796618,1063.422658,2135.593235,2,3777593
88896491,2026-07-30T01:17:30.6210763,1067.792572,1043.717106,2135.585143,2,5018304
88893027,2026-07-30T00:45:30.1417193,1067.766858,1039.915673,2135.533716,2,4909456
88920581,2026-07-30T04:50:17.2332497,1067.763605,1013.550539,2135.527209,2,4131022
89012994,2026-07-30T18:31:57.6161474,1067.736332,1062.830871,2135.472664,2,2883984
88888941,2026-07-30T00:09:27.5104438,1067.724552,1034.409775,2135.449105,2,5338338
88952141,2026-07-30T09:26:08.1494909,1067.721063,1028.063632,2135.442125,2,5488001
88895864,2026-07-30T01:09:34.0632308,1067.697492,1010.149784,2135.394984,2,5992787
89037740,2026-07-30T22:16:01.6927657,1067.696531,1054.265864,2135.393063,2,4841553
89045131,2026-07-30T23:20:33.7273516,1067.685304,1053.615035,2135.370608,2,4314830
89026783,2026-07-30T20:36:44.4824689,1067.673307,1016.471568,2135.346615,2,4685955
89043642,2026-07-30T23:08:33.5866120,1067.672719,1030.950839,2135.345437,2,9576026
89021500,2026-07-30T19:52:43.7177536,1067.669684,1009.057600,2135.339368,2,5062658
89038113,2026-07-30T22:20:01.5738475,1067.591688,1019.156932,2135.183376,2,5543396
89039549,2026-07-30T22:32:01.8731380,1067.590963,1058.639219,2135.181927,2,7619293
89045103,2026-07-30T23:20:33.6954658,1067.590750,1021.045227,2135.181501,2,5253280
89009979,2026-07-30T18:03:58.1160186,1067.552532,1041.582590,2135.105064,2,6217790
88892734,2026-07-30T00:41:34.2455548,1067.542489,1025.257951,2135.084978,2,5591590
88959226,2026-07-30T10:30:11.1246509,1067.526485,1047.370205,2135.052970,2,4119464
88939873,2026-07-30T07:38:08.6128386,1067.499209,1049.038171,2134.998417,2,3899648
88968988,2026-07-30T11:54:07.0562050,1067.497946,1066.163630,2134.995892,2,6902741
88888459,2026-07-30T00:05:26.3792283,1067.490096,1033.256117,2134.980192,2,2980178
89040867,2026-07-30T22:44:01.8818387,1067.483260,1038.030109,2134.966521,2,3639664
89043266,2026-07-30T23:04:35.8761127,1067.422304,1058.718505,2134.844609,2,5958178
89042139,2026-07-30T22:56:34.6447154,1067.413773,1067.124947,2134.827546,2,3632177
88931263,2026-07-30T06:22:12.9601422,1067.389933,1060.154670,2134.779865,2,3733036
88991696,2026-07-30T15:17:22.9356131,1067.383533,1040.506019,2134.767065,2,4266027
89033537,2026-07-30T21:39:31.7336785,1067.329347,1041.073420,2134.658695,2,5200547
89046770,2026-07-30T23:32:35.3194715,1067.295902,1049.557247,2134.591804,2,6392919
89034881,2026-07-30T21:51:31.6146469,1067.291114,1021.765498,2134.582228,2,3238589
89035349,2026-07-30T21:55:31.4151097,1067.291114,1027.853849,2134.582228,2,3582185
89037213,2026-07-30T22:12:01.7868208,1067.271494,1037.709325,2134.542989,2,3377095
88893931,2026-07-30T00:53:31.0530610,1067.250029,1025.602370,2134.500057,2,6921552
89038127,2026-07-30T22:20:01.5925378,1067.228365,1033.715558,2134.456730,2,3615432
89028115,2026-07-30T20:48:45.3720057,1067.218158,1051.591961,2134.436315,2,3952803
88888539,2026-07-30T00:05:26.5227282,1067.211995,1064.136695,2134.423990,2,4598520
88927197,2026-07-30T05:46:16.0381984,1067.194689,1039.302789,2134.389378,2,6056703
88946535,2026-07-30T08:38:08.0311455,1067.178185,1040.024177,2134.356370,2,4652966
89023127,2026-07-30T20:04:46.4792950,1067.172569,1054.765529,2134.345137,2,5429710
88892213,2026-07-30T00:37:30.9208732,1067.167637,1045.222672,2134.335273,2,3689351
88928890,2026-07-30T06:02:14.4418923,1067.151079,1034.847310,2134.302158,2,6689201
89044134,2026-07-30T23:12:31.9185382,1067.131048,1026.525846,2134.262096,2,5526611
88973198,2026-07-30T12:30:16.1644610,1067.125612,1047.416090,2134.251224,2,4327377
88915891,2026-07-30T04:05:50.9499325,1067.107770,1064.783074,2134.215540,2,4650797
88920411,2026-07-30T04:46:16.1212856,1067.088234,987.625297,2134.176467,2,6220647
88934830,2026-07-30T06:54:12.5118798,1067.050480,1025.605919,2134.100960,2,3873812
88915566,2026-07-30T04:05:50.2150506,1067.032984,1046.220939,2134.065967,2,4858744
89020894,2026-07-30T19:39:58.1189586,1067.026251,1034.416230,2134.052502,2,5357022
88888121,2026-07-30T00:01:26.2775211,1067.022861,1053.008309,2134.045721,2,5885050
89004178,2026-07-30T17:05:27.6597254,1067.004124,1030.216791,2134.008248,2,4661443
89040415,2026-07-30T22:40:01.6310824,1066.986481,1051.610315,2133.972962,2,5329704
89048183,2026-07-30T23:44:32.5773377,1066.980449,1043.617427,2133.960898,2,1776672
88928879,2026-07-30T06:02:14.4223393,1066.944328,1045.684501,2133.888656,2,5447520
89004474,2026-07-30T17:09:28.4303142,1066.906472,1028.568617,2133.812943,2,10485834
88964753,2026-07-30T11:18:08.1547913,1066.879965,1058.869117,2133.759930,2,3383561
88994534,2026-07-30T15:41:23.1661017,1066.867228,1050.337710,2133.734455,2,4894413
88937991,2026-07-30T07:22:08.5393371,1066.864219,1038.837910,2133.728439,2,4813490
89039049,2026-07-30T22:28:01.3810294,1066.851493,1047.868161,2133.702985,2,3370121
88888450,2026-07-30T00:05:26.3716087,1066.848048,1020.728488,2133.696095,2,2691245
89003107,2026-07-30T16:57:26.9957663,1066.807752,1063.935181,2133.615505,2,3714516
89037723,2026-07-30T22:16:01.6750944,1066.771778,1049.938203,2133.543557,2,2018231
89046118,2026-07-30T23:28:32.3122603,1066.759694,1046.328620,2133.519388,2,4106213
89040870,2026-07-30T22:44:01.8868141,1066.735267,1037.164195,2133.470534,2,5273692
89043068,2026-07-30T23:04:35.4417658,1066.706942,1044.329157,2133.413883,2,6025378
88891216,2026-07-30T00:29:32.8460035,1066.701842,1016.738494,2133.403683,2,4657759
89019887,2026-07-30T19:31:58.0211510,1066.693464,997.996219,2133.386928,2,7812114
88999943,2026-07-30T16:29:24.2597925,1066.650555,1062.377119,2133.301109,2,7254361
88990011,2026-07-30T15:01:23.2027058,1066.627562,993.780373,2133.255124,2,5598017
88958578,2026-07-30T10:22:07.9624428,1066.582065,1062.409020,2133.164130,2,5486614
89029939,2026-07-30T21:04:43.7875505,1066.563853,1035.430227,2133.127707,2,4815154
88972794,2026-07-30T12:26:06.5189535,1066.547133,1066.290109,2133.094267,2,4282908
88909344,2026-07-30T03:09:51.5952342,1066.545425,1059.715904,2133.090850,2,6327893
88968637,2026-07-30T11:50:12.3143618,1066.540163,1061.430713,2133.080327,2,5204336
89030884,2026-07-30T21:12:42.9909372,1066.520877,1033.748431,2133.041753,2,4656770
88980867,2026-07-30T13:38:08.1900130,1066.520145,1050.710965,2133.040291,2,4275011
89043157,2026-07-30T23:04:35.5961689,1066.456041,1034.430050,2132.912082,2,5807571
89035796,2026-07-30T22:00:01.4233431,1066.421947,1014.709697,2132.843893,2,6694617
88962641,2026-07-30T10:58:08.0348702,1066.408201,1056.116952,2132.816403,2,5012441
89046644,2026-07-30T23:32:35.1140833,1066.358856,1061.676307,2132.717712,2,4666596
89034885,2026-07-30T21:51:31.6185276,1066.353816,1027.985248,2132.707633,2,5265871
89037764,2026-07-30T22:16:01.7217862,1066.343471,1063.238852,2132.686942,2,3884149
89042718,2026-07-30T23:00:33.5908993,1066.337454,1052.816140,2132.674908,2,2785004
89041322,2026-07-30T22:48:33.4391267,1066.318879,1041.026986,2132.637758,2,3836021
88903967,2026-07-30T02:21:50.3992694,1066.307866,1043.726164,2132.615732,2,5230575
89046107,2026-07-30T23:28:32.2958265,1066.305738,1041.505447,2132.611476,2,5616836
89028061,2026-07-30T20:48:45.2692545,1066.299222,1026.174804,2132.598445,2,1615974
89035337,2026-07-30T21:55:31.4124758,1066.256919,1017.428750,2132.513838,2,4417924
89031350,2026-07-30T21:16:43.5297386,1066.235157,1039.827151,2132.470314,2,5755461
88972730,2026-07-30T12:26:06.4369527,1066.194876,1058.901420,2132.389752,2,5795608
89042794,2026-07-30T23:00:33.7337125,1066.186348,1053.412258,2132.372695,2,5616759
88958887,2026-07-30T10:26:07.9893478,1066.179645,1058.811803,2132.359290,2,4708832
88990980,2026-07-30T15:09:25.0647788,1066.172771,998.804742,2132.345542,2,4067787
89047156,2026-07-30T23:36:33.0923690,1066.159199,1059.681043,2132.318399,2,5457784
89047129,2026-07-30T23:36:33.0136055,1066.159199,1055.400430,2132.318399,2,5313298
89010991,2026-07-30T18:12:00.0030886,1066.145864,1050.939369,2132.291728,2,4833374
89043679,2026-07-30T23:08:33.6227097,1066.140811,1060.885814,2132.281621,2,4587398
89046663,2026-07-30T23:32:35.1396187,1066.135741,1065.587687,2132.271481,2,5099180
89046105,2026-07-30T23:28:32.2946088,1066.124674,1025.671915,2132.249347,2,4457625
89032186,2026-07-30T21:27:41.4056303,1066.119050,1055.043396,2132.238101,2,3835683
89040017,2026-07-30T22:36:02.3049957,1066.117603,1062.792109,2132.235207,2,4270495
89036299,2026-07-30T22:04:01.9798939,1066.094779,1049.659449,2132.189558,2,4466938
89004924,2026-07-30T17:13:27.1094329,1066.092750,1037.817897,2132.185501,2,3761436
88995400,2026-07-30T15:49:23.5067997,1066.091272,1033.241300,2132.182544,2,6264159
88954462,2026-07-30T09:46:08.5935191,1066.038011,1025.414806,2132.076022,2,4616584
89016167,2026-07-30T18:59:59.3829884,1065.991125,1047.141932,2131.982249,2,5722786
89046527,2026-07-30T23:32:34.8264465,1065.979792,1050.522579,2131.959584,2,6862116
89031836,2026-07-30T21:23:29.3070068,1065.977873,1034.628619,2131.955746,2,5191804
88944323,2026-07-30T08:18:07.3392903,1065.977102,1043.825076,2131.954204,2,2897324
89036323,2026-07-30T22:04:02.0108411,1065.972039,1052.792949,2131.944078,2,5975981
88891571,2026-07-30T00:33:32.0320890,1065.953851,1023.764812,2131.907702,2,4865303
89027096,2026-07-30T20:40:43.9231173,1065.948726,1054.303075,2131.897452,2,4747685
88955304,2026-07-30T09:54:08.5368663,1065.946293,1058.417995,2131.892585,2,897033
89037747,2026-07-30T22:16:01.7020954,1065.892686,1060.284166,2131.785371,2,5571905
88934762,2026-07-30T06:54:12.1624077,1065.849746,1033.741628,2131.699491,2,1579891
89032766,2026-07-30T21:31:32.1878486,1065.803559,1041.070423,2131.607117,2,4960021
88917260,2026-07-30T04:17:51.8812924,1065.799205,1051.298053,2131.598410,2,5754706
88892659,2026-07-30T00:41:34.1600389,1065.779248,1031.439869,2131.558496,2,3590223
89039084,2026-07-30T22:28:01.4293390,1065.731726,1057.949378,2131.463452,2,3475489
89049702,2026-07-30T23:56:35.6167034,1065.717746,1038.847197,2131.435492,2,4046504
88984890,2026-07-30T14:17:23.1252223,1065.684777,1047.384924,2131.369554,2,5867302
88953520,2026-07-30T09:38:09.0410444,1065.674057,1052.870851,2131.348114,2,4398243
88971198,2026-07-30T12:14:06.9324321,1065.651054,1031.402311,2131.302108,2,4146842
89039597,2026-07-30T22:32:01.9815528,1065.649889,1057.345650,2131.299777,2,4650499
89043132,2026-07-30T23:04:35.5772180,1065.646234,1028.921620,2131.292468,2,4092764
88905772,2026-07-30T02:37:48.7714827,1065.633473,1064.010035,2131.266946,2,5205764
89035800,2026-07-30T22:00:01.4345541,1065.626531,1029.570970,2131.253062,2,3985786
89048116,2026-07-30T23:44:32.4309512,1065.612725,1023.431623,2131.225450,2,4826221
88949996,2026-07-30T09:06:11.8301454,1065.609016,1046.261343,2131.218032,2,3127480
89032206,2026-07-30T21:27:41.4813566,1065.545222,1039.349715,2131.090444,2,4401021
89013036,2026-07-30T18:31:57.6885657,1065.533713,1053.442390,2131.067427,2,3576768
89048695,2026-07-30T23:48:36.3145634,1065.532911,1046.493673,2131.065823,2,6046181
89046772,2026-07-30T23:32:35.3203465,1065.499948,1049.483988,2130.999897,2,5959963
88891293,2026-07-30T00:29:33.1343722,1065.488994,1020.415265,2130.977988,2,4704408
88949429,2026-07-30T09:02:13.7097414,1065.488767,1060.319292,2130.977534,2,7129500
89037665,2026-07-30T22:16:01.5744996,1065.461416,1028.859553,2130.922831,2,4614903
88902997,2026-07-30T02:13:48.5402546,1065.449677,1038.015343,2130.899353,2,3767909
88902125,2026-07-30T02:05:48.2277217,1065.434146,1047.505786,2130.868292,2,5014869
89000406,2026-07-30T16:33:27.1437132,1065.408209,1052.095045,2130.816419,2,5617897
89045620,2026-07-30T23:24:35.3214740,1065.385371,1043.573359,2130.770742,2,3050051
88956068,2026-07-30T10:02:07.9515040,1065.375291,1063.728110,2130.750581,2,6221092
89045664,2026-07-30T23:24:35.5003701,1065.358193,1060.520566,2130.716386,2,1963923
88961725,2026-07-30T10:50:10.3540040,1065.347480,1020.366225,2130.694960,2,7065972
89043151,2026-07-30T23:04:35.5896234,1065.338245,1048.836582,2130.676490,2,5051120
89033520,2026-07-30T21:39:31.7161754,1065.337356,1035.302281,2130.674713,2,4403461
88955311,2026-07-30T09:54:08.5544365,1065.310777,1031.690788,2130.621553,2,5002466
89048196,2026-07-30T23:44:32.5965687,1065.308179,1040.165115,2130.616358,2,7919913
88900324,2026-07-30T01:49:49.8404414,1065.303332,1028.334974,2130.606664,2,3632841
89047635,2026-07-30T23:40:33.7785971,1065.266252,1038.136194,2130.532505,2,7918781
89041336,2026-07-30T22:48:33.4861692,1065.266151,1049.847203,2130.532301,2,6100676
89037677,2026-07-30T22:16:01.5867237,1065.255966,1041.151865,2130.511931,2,3529354
88889779,2026-07-30T00:17:32.1100855,1065.254107,1056.427871,2130.508214,2,5033412
88889742,2026-07-30T00:17:31.5497962,1065.243247,1015.128448,2130.486494,2,5787582
89045129,2026-07-30T23:20:33.7246057,1065.224229,1042.257363,2130.448459,2,5053734
89028596,2026-07-30T20:52:43.7713621,1065.217295,1058.177942,2130.434591,2,5458171
88978161,2026-07-30T13:14:08.1458011,1065.215622,1064.140344,2130.431244,2,5754722
88889799,2026-07-30T00:17:32.1564153,1065.189463,1030.813478,2130.378926,2,5603729
88893609,2026-07-30T00:49:32.9893281,1065.183395,1043.917104,2130.366791,2,2113813
89040918,2026-07-30T22:44:01.9892863,1065.170878,1054.253616,2130.341757,2,6917002
89035818,2026-07-30T22:00:01.4917973,1065.161771,1034.267508,2130.323542,2,3979965
89042245,2026-07-30T22:56:34.8069649,1065.144932,1036.290930,2130.289865,2,2931331
88909025,2026-07-30T03:05:49.3271439,1065.135553,1049.180416,2130.271107,2,4032100
88994424,2026-07-30T15:41:23.0129080,1065.132985,1026.999064,2130.265971,2,4996805
89045606,2026-07-30T23:24:35.3040944,1065.126922,1032.359283,2130.253843,2,3470406
88925413,2026-07-30T05:30:17.1391859,1065.062152,1038.765678,2130.124303,2,2992091
89021533,2026-07-30T19:52:43.7839202,1065.061827,1062.825637,2130.123654,2,2899989
89046140,2026-07-30T23:28:32.3755297,1065.053491,1063.945662,2130.106981,2,4976329
88962242,2026-07-30T10:54:07.7729046,1065.032978,1058.220365,2130.065956,2,2917532
89046132,2026-07-30T23:28:32.3285746,1065.025724,1057.734155,2130.051448,2,3711789
89047648,2026-07-30T23:40:33.7856419,1065.025067,1041.887965,2130.050133,2,4241931
89044633,2026-07-30T23:16:31.5947258,1064.974443,1032.529387,2129.948886,2,6652997
89031846,2026-07-30T21:23:29.3216334,1064.973442,1033.295765,2129.946883,2,8620416
88931479,2026-07-30T06:26:11.8081847,1064.961754,1049.685379,2129.923508,2,4830727
89035251,2026-07-30T21:55:31.2781769,1064.938771,1045.841933,2129.877541,2,6134609
89008333,2026-07-30T17:48:58.0787479,1064.888091,1055.989825,2129.776182,2,4675939
88932992,2026-07-30T06:38:12.3502129,1064.884025,1051.694605,2129.768050,2,5949172
89042241,2026-07-30T22:56:34.8000550,1064.881335,1029.867497,2129.762669,2,4947245
88929352,2026-07-30T06:06:15.4486165,1064.866511,1044.690243,2129.733022,2,4534549
89046604,2026-07-30T23:32:34.9908439,1064.865967,1030.781654,2129.731934,2,5660722
89045999,2026-07-30T23:28:32.1072333,1064.862246,1010.569815,2129.724492,2,4805553
88966480,2026-07-30T11:34:07.2501461,1064.860570,1058.000415,2129.721140,2,6412070
88927885,2026-07-30T05:54:15.1159980,1064.855905,1026.447179,2129.711810,2,4799816
89045136,2026-07-30T23:20:33.7324033,1064.849734,1060.544519,2129.699469,2,5843016
89046630,2026-07-30T23:32:35.0254976,1064.848102,1055.068255,2129.696204,2,3911212
89035852,2026-07-30T22:00:01.5823092,1064.793874,1050.237517,2129.587748,2,7351656
89042267,2026-07-30T22:56:34.8349922,1064.768890,1050.465303,2129.537780,2,2756791
88888928,2026-07-30T00:09:27.4675401,1064.767197,1013.485637,2129.534393,2,5922805
89046648,2026-07-30T23:32:35.1215941,1064.733076,1059.480022,2129.466152,2,4378452
88958475,2026-07-30T10:22:07.7350333,1064.723890,1062.635945,2129.447779,2,2599039
88978637,2026-07-30T13:18:08.3928330,1064.635232,1042.520390,2129.270465,2,3989466
88972325,2026-07-30T12:22:07.0018937,1064.631201,1039.764854,2129.262403,2,3825722
88955931,2026-07-30T09:58:07.9198428,1064.621927,1063.934552,2129.243853,2,2781136
88966192,2026-07-30T11:30:09.9933091,1064.587311,1053.230376,2129.174622,2,4338049
89045716,2026-07-30T23:24:35.6135425,1064.582426,1053.529953,2129.164853,2,5296773
88953427,2026-07-30T09:38:08.7235865,1064.568970,1061.638296,2129.137939,2,3956896
89030961,2026-07-30T21:12:43.2135890,1064.566277,1034.843750,2129.132555,2,6086897
89038629,2026-07-30T22:24:02.3263852,1064.565894,1054.487907,2129.131787,2,880298
89039142,2026-07-30T22:28:01.5265021,1064.553056,1053.032001,2129.106111,2,3539423
88954119,2026-07-30T09:42:10.0230850,1064.544719,1052.037982,2129.089439,2,6161096
88960644,2026-07-30T10:42:07.4214443,1064.540472,1061.901842,2129.080943,2,3259848
88947771,2026-07-30T08:46:13.9471661,1064.539534,1062.907801,2129.079068,2,3555662
89036348,2026-07-30T22:04:02.0766089,1064.527006,1045.678141,2129.054012,2,3424973
88917704,2026-07-30T04:21:49.3144637,1064.513583,1043.918092,2129.027166,2,3709005
89040946,2026-07-30T22:44:02.0270576,1064.512271,1055.352930,2129.024543,2,5755420
89041044,2026-07-30T22:44:02.2851046,1064.512271,1060.149970,2129.024543,2,5540517
89036270,2026-07-30T22:04:01.9062201,1064.461782,1027.887567,2128.923564,2,5837467
88915323,2026-07-30T04:01:51.2318437,1064.455718,1048.685519,2128.911436,2,4069581
89043644,2026-07-30T23:08:33.5877509,1064.453595,1023.213432,2128.907189,2,4226363
88888946,2026-07-30T00:09:27.5177221,1064.453061,1039.035667,2128.906123,2,2342083
88979562,2026-07-30T13:26:09.7365823,1064.448509,1063.639288,2128.897017,2,5539563
89023387,2026-07-30T20:08:43.4397872,1064.427586,1061.673596,2128.855171,2,4980511
89047123,2026-07-30T23:36:33.0093498,1064.418058,1063.526224,2128.836116,2,4414399
89041803,2026-07-30T22:52:32.6175735,1064.359985,1056.067599,2128.719970,2,5691964
88968330,2026-07-30T11:50:11.7278048,1064.356973,1050.159483,2128.713945,2,4881394
88958100,2026-07-30T10:18:07.9175623,1064.350001,1044.362924,2128.700002,2,4995171
89017212,2026-07-30T19:07:57.9606479,1064.320081,1052.611806,2128.640162,2,5249920
89010316,2026-07-30T18:07:57.9512410,1064.316510,1045.858557,2128.633020,2,3108983
88917111,2026-07-30T04:17:51.6435119,1064.291351,1050.281793,2128.582702,2,5184163
88959482,2026-07-30T10:30:11.9227674,1064.263172,1058.595964,2128.526344,2,3249726
89043678,2026-07-30T23:08:33.6120247,1064.260189,1054.363134,2128.520379,2,5379449
88996220,2026-07-30T15:57:24.8612375,1064.209418,1046.173453,2128.418835,2,4835312
88997666,2026-07-30T16:09:23.8344801,1064.138980,1042.135791,2128.277960,2,4650741
88928979,2026-07-30T06:02:14.5369907,1064.092266,1051.454590,2128.184533,2,4530578
89044613,2026-07-30T23:16:31.5729561,1064.054401,1012.055336,2128.108802,2,5186254
88941401,2026-07-30T07:50:10.9743101,1064.053201,1053.056464,2128.106402,2,2872545
88934838,2026-07-30T06:54:12.5444289,1064.052116,1050.435202,2128.104231,2,5376807
89044631,2026-07-30T23:16:31.5932460,1064.051226,1030.323950,2128.102453,2,5252411
89021362,2026-07-30T19:49:18.3996403,1064.005123,1027.654813,2128.010245,2,6933899
89042774,2026-07-30T23:00:33.7097616,1063.998133,1054.853607,2127.996266,2,5822785
89022024,2026-07-30T19:56:46.4349860,1063.937168,1042.609585,2127.874335,2,5815728
88889513,2026-07-30T00:13:29.0178095,1063.880681,1033.075122,2127.761362,2,3485254
88953050,2026-07-30T09:34:08.0677727,1063.872411,1037.542199,2127.744823,2,4257312
89001693,2026-07-30T16:45:27.0055689,1063.870743,1055.794277,2127.741487,2,5828206
89020866,2026-07-30T19:39:58.0878747,1063.868194,1008.141853,2127.736387,2,5631987
88889402,2026-07-30T00:13:28.6668650,1063.850494,1055.654493,2127.700988,2,3906867
89032676,2026-07-30T21:31:32.0109273,1063.848889,1032.340846,2127.697777,2,3405377
88910199,2026-07-30T03:17:47.8540921,1063.846248,1046.965635,2127.692497,2,6651100
89040858,2026-07-30T22:44:01.8734792,1063.841213,1017.175138,2127.682426,2,4854715
88934085,2026-07-30T06:46:12.8191002,1063.836683,1040.215150,2127.673366,2,3974326
89031403,2026-07-30T21:16:43.6782499,1063.794812,1037.624913,2127.589623,2,4256726
89002738,2026-07-30T16:53:27.3535948,1063.787797,1003.025597,2127.575595,2,5972531
89015018,2026-07-30T18:47:58.4051686,1063.780357,1013.289997,2127.560714,2,4060374
88974829,2026-07-30T12:46:07.9558726,1063.770169,1049.891210,2127.540338,2,4365524
88888925,2026-07-30T00:09:27.4646381,1063.753147,1010.680223,2127.506293,2,5377304
88994978,2026-07-30T15:45:23.1997695,1063.749924,1036.733599,2127.499847,2,2309725
89035518,2026-07-30T21:55:31.7937900,1063.732440,1058.000532,2127.464881,2,5228303
88973537,2026-07-30T12:34:06.3144671,1063.724939,1058.784115,2127.449877,2,7252888
88891237,2026-07-30T00:29:32.9382244,1063.702857,1039.740665,2127.405714,2,4435082
89011570,2026-07-30T18:19:57.7504494,1063.691213,1021.665307,2127.382427,2,3540837
89042683,2026-07-30T23:00:33.4997188,1063.658375,1006.622286,2127.316751,2,5175000
89020835,2026-07-30T19:39:58.0501521,1063.632764,1056.927580,2127.265528,2,6391838
88954352,2026-07-30T09:46:08.2891949,1063.613441,1033.809276,2127.226881,2,5895192
88910671,2026-07-30T03:21:47.4259839,1063.599886,1038.639763,2127.199772,2,4628733
89037663,2026-07-30T22:16:01.5706916,1063.590940,1024.869411,2127.181881,2,4179603
89046622,2026-07-30T23:32:35.0142377,1063.588459,1048.985029,2127.176918,2,5882378
88905299,2026-07-30T02:33:47.4385997,1063.582182,1036.309648,2127.164364,2,5267991
89030973,2026-07-30T21:12:43.2328584,1063.578517,1054.942076,2127.157035,2,3607960
89032955,2026-07-30T21:35:32.1453444,1063.576779,1033.843977,2127.153558,2,6629869
88897642,2026-07-30T01:25:32.7213185,1063.569935,969.775626,2127.139870,2,7116509
88961771,2026-07-30T10:50:10.4183134,1063.560046,1036.108700,2127.120091,2,6469114
88985340,2026-07-30T14:21:23.1332131,1063.554608,1047.607581,2127.109216,2,6356963
89033603,2026-07-30T21:39:31.8852690,1063.534954,1044.076826,2127.069909,2,5293150
88916658,2026-07-30T04:13:50.9806939,1063.528895,1043.035335,2127.057791,2,4445186
88956274,2026-07-30T10:02:08.5836830,1063.491323,1048.702165,2126.982646,2,7000729
88967947,2026-07-30T11:46:05.8740033,1063.484779,1025.916339,2126.969558,2,894569
89027019,2026-07-30T20:40:43.8181125,1063.478751,1049.153986,2126.957502,2,5178574
89045622,2026-07-30T23:24:35.3226394,1063.450977,1054.469100,2126.901954,2,5829081
89049179,2026-07-30T23:52:36.6722518,1063.425639,1019.602853,2126.851278,2,3016317
88978850,2026-07-30T13:22:07.8251711,1063.422689,1040.310264,2126.845378,2,5398653
89048187,2026-07-30T23:44:32.5822161,1063.422085,1038.709846,2126.844171,2,3610542
89043173,2026-07-30T23:04:35.6274437,1063.417828,1056.137200,2126.835656,2,2801369
89047672,2026-07-30T23:40:33.8196398,1063.407190,1056.642917,2126.814379,2,4557518
89049201,2026-07-30T23:52:36.6996639,1063.406832,1036.979859,2126.813664,2,7027728
89036316,2026-07-30T22:04:02.0010887,1063.372606,1042.417162,2126.745211,2,4349764
89013154,2026-07-30T18:31:57.9146778,1063.362036,1032.287800,2126.724072,2,3698144
89040493,2026-07-30T22:40:01.7848661,1063.360990,1052.985503,2126.721981,2,5818634
88933429,2026-07-30T06:42:12.2638187,1063.343513,1041.024208,2126.687027,2,3885439
89040389,2026-07-30T22:40:01.6065710,1063.336280,1007.538572,2126.672560,2,5116232
89031807,2026-07-30T21:23:29.2153306,1063.270332,1026.067839,2126.540665,2,6915486
89031214,2026-07-30T21:16:43.2311431,1063.257111,976.186346,2126.514223,2,4657618
88936806,2026-07-30T07:10:19.7139964,1063.235435,1055.789068,2126.470871,2,5378125
88995106,2026-07-30T15:45:23.4094576,1063.213994,1048.541338,2126.427988,2,3494297
89031816,2026-07-30T21:23:29.2775379,1063.211306,1056.802593,2126.422612,2,919113
88968612,2026-07-30T11:50:12.2595239,1063.195629,1034.206254,2126.391258,2,5823757
88941556,2026-07-30T07:54:07.5246767,1063.168047,1044.127892,2126.336093,2,3536357
89042250,2026-07-30T22:56:34.8113810,1063.163073,1046.865764,2126.326146,2,7313739
88901324,2026-07-30T01:57:49.6220590,1063.130706,1045.167917,2126.261411,2,3002169
88960957,2026-07-30T10:42:08.1108333,1063.123938,1010.104168,2126.247875,2,1488204
88888458,2026-07-30T00:05:26.3781644,1063.119230,1028.759761,2126.238459,2,5731239
89043842,2026-07-30T23:08:33.9069494,1063.052548,1059.478766,2126.105096,2,5866689
88962024,2026-07-30T10:54:07.4106806,1063.042698,1047.860189,2126.085395,2,4478418
89045134,2026-07-30T23:20:33.7291302,1063.034662,1044.128259,2126.069323,2,7103018
88940320,2026-07-30T07:42:09.6395786,1063.031231,1054.144570,2126.062462,2,3480586
89045206,2026-07-30T23:20:33.8903751,1062.996994,1060.066771,2125.993988,2,5618259
88907507,2026-07-30T02:53:58.6653233,1062.990546,1045.740280,2125.981091,2,4440928
88968462,2026-07-30T11:50:12.0850454,1062.968553,1053.586463,2125.937105,2,6332536
88966732,2026-07-30T11:34:08.1222621,1062.966286,1039.586238,2125.932572,2,2097659
89049190,2026-07-30T23:52:36.6839892,1062.952196,1024.614342,2125.904391,2,4851927
88928291,2026-07-30T05:58:13.9221465,1062.938999,1051.498685,2125.877999,2,4382641
89036926,2026-07-30T22:08:02.0247469,1062.925724,1062.298345,2125.851447,2,5840220
88960371,2026-07-30T10:38:08.6230600,1062.917563,1045.492113,2125.835125,2,4132267
88903393,2026-07-30T02:17:48.1321157,1062.907779,1057.190962,2125.815559,2,2678836
88999449,2026-07-30T16:25:22.8425812,1062.882874,1039.915532,2125.765747,2,5319403
88985041,2026-07-30T14:17:23.3514137,1062.870575,1055.613452,2125.741150,2,5079524
89033229,2026-07-30T21:35:32.7722842,1062.867006,1059.039257,2125.734011,2,5867286
89044138,2026-07-30T23:12:31.9210720,1062.855141,1020.262691,2125.710281,2,5851794
89045631,2026-07-30T23:24:35.3718393,1062.836386,1053.475683,2125.672773,2,8120128
89034001,2026-07-30T21:43:31.9893178,1062.833093,1026.815126,2125.666185,2,5155179
89046623,2026-07-30T23:32:35.0158168,1062.822084,1040.233079,2125.644168,2,4868128
88889384,2026-07-30T00:13:28.6360827,1062.800477,1006.653691,2125.600954,2,1395766
88964452,2026-07-30T11:14:07.8421310,1062.771913,1059.533373,2125.543825,2,5977258
88911394,2026-07-30T03:25:51.2571815,1062.739673,1052.352120,2125.479346,2,6030533
88890777,2026-07-30T00:25:34.0688037,1062.737274,1023.516618,2125.474547,2,5663541
89047617,2026-07-30T23:40:33.7238485,1062.726185,1016.227602,2125.452371,2,5924384
88995807,2026-07-30T15:53:23.4144106,1062.725159,1031.756248,2125.450319,2,2080369
88891824,2026-07-30T00:33:32.4657692,1062.706582,1030.871679,2125.413164,2,4754060
88910687,2026-07-30T03:21:47.4602328,1062.694764,1055.790258,2125.389529,2,5021653
88916304,2026-07-30T04:09:56.1097527,1062.650970,1046.789670,2125.301940,2,7405602
88953647,2026-07-30T09:38:09.2657238,1062.639843,1044.876760,2125.279687,2,5423379
89049714,2026-07-30T23:56:35.6310547,1062.618320,1050.517538,2125.236640,2,3837987
88931299,2026-07-30T06:22:13.0204137,1062.585633,1045.201994,2125.171267,2,3905311
88890370,2026-07-30T00:21:34.3689928,1062.581743,1017.517325,2125.163486,2,4900686
88997199,2026-07-30T16:05:23.2118407,1062.579038,1042.134248,2125.158075,2,5748783
89019702,2026-07-30T19:31:57.6778297,1062.494241,1059.106228,2124.988483,2,3319183
89045193,2026-07-30T23:20:33.8385762,1062.478511,1061.650226,2124.957022,2,4433292
88923833,2026-07-30T05:18:12.5329049,1062.476964,1044.609240,2124.953928,2,4688474
89047626,2026-07-30T23:40:33.7729259,1062.471278,1021.932490,2124.942556,2,5547317
88967936,2026-07-30T11:46:05.8633355,1062.465329,1058.125086,2124.930657,2,5143188
89036914,2026-07-30T22:08:02.0117143,1062.435698,1052.887685,2124.871396,2,4138886
89043649,2026-07-30T23:08:33.5893284,1062.416129,1048.141609,2124.832259,2,5554947
89045596,2026-07-30T23:24:35.2940960,1062.413904,1007.752110,2124.827807,2,2203671
88906533,2026-07-30T02:45:48.3338461,1062.411957,1033.719240,2124.823913,2,5553208
89049215,2026-07-30T23:52:36.7128854,1062.409251,1046.380660,2124.818503,2,5067910
88994065,2026-07-30T15:37:24.6597722,1062.398769,1049.804082,2124.797537,2,4630541
89048698,2026-07-30T23:48:36.3196704,1062.398025,1030.562220,2124.796049,2,4093465
89019739,2026-07-30T19:31:57.7913024,1062.367097,1058.337326,2124.734194,2,4413644
89023079,2026-07-30T20:04:46.3949234,1062.357594,1062.095074,2124.715188,2,4584836
88953422,2026-07-30T09:38:08.7083773,1062.351068,1042.158771,2124.702136,2,5692102
88950744,2026-07-30T09:14:18.9160747,1062.320548,1024.930268,2124.641095,2,2151298
88980403,2026-07-30T13:34:07.7264713,1062.253507,1046.619973,2124.507015,2,2935552
88924049,2026-07-30T05:18:13.0360139,1062.250716,1020.180238,2124.501432,2,5997898
89041326,2026-07-30T22:48:33.4769723,1062.246443,1034.200836,2124.492886,2,2578826
89049357,2026-07-30T23:52:37.0727884,1062.237654,1047.660847,2124.475309,2,7962341
89043141,2026-07-30T23:04:35.5786760,1062.228417,1008.097394,2124.456833,2,4476804
88967474,2026-07-30T11:42:06.1312664,1062.214714,1041.006500,2124.429429,2,5883682
89044165,2026-07-30T23:12:31.9792483,1062.200912,1055.988532,2124.401824,2,5860368
89035414,2026-07-30T21:55:31.5328037,1062.161089,1045.078091,2124.322177,2,4945372
88913482,2026-07-30T03:45:50.2772800,1062.137962,1042.790797,2124.275924,2,7140344
89045601,2026-07-30T23:24:35.3023268,1062.137009,1030.445274,2124.274019,2,4752024
88953007,2026-07-30T09:34:07.8402446,1062.133751,1059.205037,2124.267501,2,5749259
89014982,2026-07-30T18:47:58.3628809,1062.108059,1042.635368,2124.216117,2,5492106
89037761,2026-07-30T22:16:01.7178612,1062.099278,1054.447577,2124.198557,2,6289488
88966683,2026-07-30T11:34:08.0405943,1062.085313,1041.908914,2124.170626,2,3878465
89045108,2026-07-30T23:20:33.7030041,1062.068400,1025.460754,2124.136800,2,5342251
89043636,2026-07-30T23:08:33.5430615,1062.063314,1015.380941,2124.126627,2,1355195
88909879,2026-07-30T03:13:48.3940938,1062.034328,1050.834576,2124.068655,2,3446778
89032750,2026-07-30T21:31:32.1287920,1061.997591,1029.648091,2123.995183,2,5534746
88904091,2026-07-30T02:21:50.5491737,1061.990035,1028.773242,2123.980071,2,5060951
89048720,2026-07-30T23:48:36.3722172,1061.986753,1061.971710,2123.973507,2,4750620
89003562,2026-07-30T17:01:28.1453965,1061.983293,1014.482189,2123.966586,2,4291987
89048506,2026-07-30T23:48:35.8686636,1061.976916,1010.129118,2123.953832,2,4971711
88967460,2026-07-30T11:42:06.0657106,1061.972391,1033.860904,2123.944781,2,7029134
89005985,2026-07-30T17:21:27.5659412,1061.956640,1052.325166,2123.913279,2,5822427
89031243,2026-07-30T21:16:43.3055362,1061.947660,1022.519348,2123.895320,2,3709445
89035395,2026-07-30T21:55:31.5116363,1061.934803,1037.902365,2123.869606,2,5251380
88889753,2026-07-30T00:17:31.6318749,1061.905567,1039.793789,2123.811134,2,959006
89040912,2026-07-30T22:44:01.9784502,1061.894481,1054.903028,2123.788961,2,3553491
88959418,2026-07-30T10:30:11.7646214,1061.891843,1047.292147,2123.783685,2,4777709
89032611,2026-07-30T21:31:31.7862422,1061.868353,1009.214073,2123.736706,2,5576842
88996724,2026-07-30T16:01:23.1076273,1061.857596,1035.341925,2123.715192,2,5331049
88974390,2026-07-30T12:42:08.2078899,1061.833603,1038.033862,2123.667207,2,4283369
89040896,2026-07-30T22:44:01.9200594,1061.802577,1057.770975,2123.605154,2,6964634
88993802,2026-07-30T15:33:24.3018991,1061.790611,1051.622059,2123.581222,2,3908431
88889875,2026-07-30T00:17:32.3575068,1061.787308,1034.341804,2123.574617,2,4417461
88890775,2026-07-30T00:25:34.0631462,1061.782698,1006.600498,2123.565396,2,5361519
89043186,2026-07-30T23:04:35.6745103,1061.766751,1058.182114,2123.533502,2,2796751
88985484,2026-07-30T14:21:23.3087221,1061.755128,1024.770049,2123.510255,2,3590091
89049221,2026-07-30T23:52:36.7206624,1061.705564,1043.620903,2123.411128,2,6116077
89047172,2026-07-30T23:36:33.1128386,1061.694977,1056.631366,2123.389955,2,1371358
88997756,2026-07-30T16:09:23.9149294,1061.681919,1046.424786,2123.363837,2,5718940
88959383,2026-07-30T10:30:11.6779364,1061.679158,1042.210404,2123.358317,2,4359047
88956157,2026-07-30T10:02:08.3369847,1061.658825,1016.508786,2123.317651,2,5476056
88958099,2026-07-30T10:18:07.9165486,1061.654796,1061.530677,2123.309592,2,5901762
88998452,2026-07-30T16:17:22.7180720,1061.618192,1043.817195,2123.236383,2,7006871
89034915,2026-07-30T21:51:31.6911399,1061.613068,1043.050297,2123.226136,2,5893993
89037713,2026-07-30T22:16:01.6280610,1061.594275,1038.180737,2123.188550,2,7667869
88891350,2026-07-30T00:29:33.2497560,1061.586439,1034.477602,2123.172878,2,4431173
89013389,2026-07-30T18:35:59.7027007,1061.575565,998.938480,2123.151130,2,6669919
88888948,2026-07-30T00:09:27.5189074,1061.572603,1030.321129,2123.145206,2,4374226
88950636,2026-07-30T09:14:18.5719508,1061.565988,1002.261432,2123.131975,2,4548543
89014305,2026-07-30T18:43:57.6657020,1061.551114,1059.610935,2123.102229,2,4141096
89049807,2026-07-30T23:56:35.8047484,1061.539442,1061.330063,2123.078884,2,3874323
88928612,2026-07-30T05:58:14.6472242,1061.537661,1024.744303,2123.075322,2,4773354
88979777,2026-07-30T13:30:09.0287778,1061.472267,1031.298196,2122.944534,2,3915807
89043651,2026-07-30T23:08:33.5902833,1061.432661,1039.103049,2122.865321,2,4972033
89025668,2026-07-30T20:28:46.1247425,1061.431500,1060.316475,2122.862999,2,2594086
89045104,2026-07-30T23:20:33.6954290,1061.431408,1009.046800,2122.862816,2,6273307
88947602,2026-07-30T08:46:13.4405365,1061.404372,1046.616019,2122.808744,2,5846464
89043171,2026-07-30T23:04:35.6240763,1061.370290,1042.165332,2122.740580,2,4288715
88894984,2026-07-30T01:01:29.4346978,1061.362030,1011.787889,2122.724060,2,5096633
89004631,2026-07-30T17:09:28.7983636,1061.342259,1045.106535,2122.684518,2,5063144
89032329,2026-07-30T21:27:41.7916372,1061.334275,1042.245827,2122.668550,2,4276056
89046607,2026-07-30T23:32:34.9954651,1061.301680,1027.058767,2122.603361,2,3600416
89048678,2026-07-30T23:48:36.2390077,1061.298527,994.811949,2122.597055,2,3703627
89043719,2026-07-30T23:08:33.7036927,1061.298443,1058.360219,2122.596885,2,7133857
89018619,2026-07-30T19:20:03.4971855,1061.298414,1051.493642,2122.596828,2,4952406
89020279,2026-07-30T19:35:59.2010724,1061.289538,1032.008220,2122.579076,2,4587354
89048993,2026-07-30T23:52:36.2262484,1061.279653,1042.308755,2122.559306,2,4863382
89038403,2026-07-30T22:24:01.8625086,1061.278323,1008.830139,2122.556645,2,4330494
88892195,2026-07-30T00:37:30.9096352,1061.252601,1023.281769,2122.505202,2,3841455
88971639,2026-07-30T12:18:06.8553754,1061.222895,1055.106705,2122.445791,2,5010396
88899218,2026-07-30T01:41:48.4551329,1061.195805,1023.509037,2122.391610,2,3070165
88942991,2026-07-30T08:06:07.9470967,1061.184721,1059.772335,2122.369441,2,4466142
89043146,2026-07-30T23:04:35.5861273,1061.168160,1017.516223,2122.336321,2,3404187
89049316,2026-07-30T23:52:36.9463398,1061.152229,1050.718647,2122.304458,2,5700728
88892177,2026-07-30T00:37:30.8635500,1061.123727,1003.769722,2122.247453,2,4057862
89030502,2026-07-30T21:08:44.3642760,1061.084524,1036.620570,2122.169049,2,635308
89046694,2026-07-30T23:32:35.1973617,1061.060050,1050.771962,2122.120100,2,3146979
88932208,2026-07-30T06:30:16.9096570,1061.053895,1054.557366,2122.107790,2,5336966
89039951,2026-07-30T22:36:02.1831735,1061.036374,1025.193916,2122.072747,2,1008883
89031544,2026-07-30T21:23:28.5747416,1061.015722,1035.663848,2122.031443,2,5166000
89044048,2026-07-30T23:12:31.7952596,1060.963213,1043.783378,2121.926426,2,7220849
89033120,2026-07-30T21:35:32.4918089,1060.956168,1022.983975,2121.912336,2,4280124
89029405,2026-07-30T21:00:42.9240117,1060.950451,1012.819696,2121.900901,2,4913223
88991922,2026-07-30T15:17:23.3119567,1060.899896,1016.078208,2121.799792,2,2477002
88898026,2026-07-30T01:29:44.3228623,1060.871282,1046.067838,2121.742563,2,6396277
88907965,2026-07-30T02:57:48.4098446,1060.857232,1033.945462,2121.714463,2,4906229
88980453,2026-07-30T13:34:07.7649976,1060.836750,1031.528696,2121.673500,2,502025
88993968,2026-07-30T15:37:24.4899880,1060.827340,1030.710618,2121.654680,2,4436393
88999465,2026-07-30T16:25:22.8953353,1060.813287,1051.844069,2121.626574,2,4642472
88992846,2026-07-30T15:25:23.3529492,1060.758999,1055.204788,2121.517999,2,5267341
88953962,2026-07-30T09:42:09.7745773,1060.758112,1044.240427,2121.516223,2,3449511
89046119,2026-07-30T23:28:32.3127416,1060.741877,1035.109640,2121.483754,2,6039439
88905697,2026-07-30T02:37:48.4425481,1060.734012,1057.531571,2121.468024,2,5045547
89027045,2026-07-30T20:40:43.8699571,1060.706364,983.483798,2121.412727,2,4741339
88902916,2026-07-30T02:13:48.3066272,1060.701592,1048.956515,2121.403184,2,5300552
88954882,2026-07-30T09:50:11.8139572,1060.685967,1049.295811,2121.371935,2,4083442
88927991,2026-07-30T05:54:15.5499219,1060.684884,1055.895045,2121.369769,2,3135235
89037223,2026-07-30T22:12:01.8001485,1060.664404,1025.379818,2121.328808,2,5736920
89049718,2026-07-30T23:56:35.6355438,1060.660500,1044.758760,2121.321000,2,6419820
88963363,2026-07-30T11:06:07.5635997,1060.634632,1028.367482,2121.269264,2,4478817
88913407,2026-07-30T03:45:50.0322101,1060.610948,1033.916856,2121.221896,2,3196390
89030962,2026-07-30T21:12:43.2142784,1060.610937,1038.714381,2121.221873,2,4072333
88911676,2026-07-30T03:29:57.6478069,1060.566360,1027.732799,2121.132721,2,3970972
89049717,2026-07-30T23:56:35.6353829,1060.533650,1049.293174,2121.067301,2,7310738
88964796,2026-07-30T11:18:08.6689937,1060.531402,1049.621955,2121.062805,2,5259152
88971608,2026-07-30T12:18:06.7901137,1060.518844,1057.104668,2121.037687,2,2072421
88899760,2026-07-30T01:45:48.5818967,1060.511989,1005.421687,2121.023978,2,6820426
89018620,2026-07-30T19:20:03.4989101,1060.508865,1052.946741,2121.017730,2,4958143
89047070,2026-07-30T23:36:32.9182532,1060.500909,1010.575557,2121.001819,2,5380072
88967565,2026-07-30T11:42:06.4504010,1060.498566,1046.586915,2120.997133,2,5406287
88944475,2026-07-30T08:18:07.5774485,1060.492803,1059.379268,2120.985606,2,4324544
88996657,2026-07-30T16:01:22.9492542,1060.479733,1046.898809,2120.959466,2,4329695
89040450,2026-07-30T22:40:01.7012151,1060.477187,1050.525324,2120.954373,2,5564794
88947540,2026-07-30T08:46:13.0455451,1060.457211,1019.527913,2120.914422,2,5167626
89044755,2026-07-30T23:16:31.7913049,1060.450115,1058.010436,2120.900230,2,5970476
88913162,2026-07-30T03:41:53.3642218,1060.433448,1031.310172,2120.866896,2,4484245
89043250,2026-07-30T23:04:35.7829390,1060.400341,1051.103904,2120.800683,2,4540361
88998110,2026-07-30T16:13:26.6313181,1060.382838,1038.430783,2120.765677,2,4580922
88980389,2026-07-30T13:34:07.7100527,1060.348927,1043.419499,2120.697854,2,5233855
89028202,2026-07-30T20:48:45.5744723,1060.347194,1055.601711,2120.694387,2,3401010
89037130,2026-07-30T22:12:01.5937097,1060.318688,1030.586996,2120.637376,2,6190047
89045598,2026-07-30T23:24:35.2989401,1060.312287,1001.447175,2120.624574,2,5344834
88915803,2026-07-30T04:05:50.8423768,1060.307160,1047.880658,2120.614321,2,2483226
88933560,2026-07-30T06:42:12.4907661,1060.279830,1042.699988,2120.559660,2,5153608
89046635,2026-07-30T23:32:35.0308875,1060.274150,1044.043582,2120.548300,2,5999735
89042738,2026-07-30T23:00:33.6328231,1060.266377,1051.237555,2120.532755,2,5148512
89028634,2026-07-30T20:52:43.8226603,1060.263084,1025.572485,2120.526167,2,3159011
89042721,2026-07-30T23:00:33.5939672,1060.243684,1046.169040,2120.487368,2,3911993
89005210,2026-07-30T17:17:26.6961517,1060.228901,1017.922104,2120.457801,2,4775563
89016492,2026-07-30T19:03:57.6672837,1060.210171,1025.267061,2120.420341,2,4723267
89048200,2026-07-30T23:44:32.5934198,1060.160045,1033.010173,2120.320090,2,4331715
89019291,2026-07-30T19:27:57.7673679,1060.157198,1057.211224,2120.314396,2,3050407
88899506,2026-07-30T01:41:49.3108028,1060.154885,1041.799129,2120.309769,2,4722866
88888945,2026-07-30T00:09:27.5148110,1060.137730,1023.626159,2120.275461,2,5924626
89036743,2026-07-30T22:08:01.6226228,1060.137146,1018.746972,2120.274292,2,6487313
89047651,2026-07-30T23:40:33.7969078,1060.081917,1042.811086,2120.163834,2,3062396
89043699,2026-07-30T23:08:33.6776163,1060.076367,1049.248104,2120.152735,2,5359451
89030047,2026-07-30T21:04:44.0947148,1060.053154,1047.457071,2120.106308,2,5054475
88998166,2026-07-30T16:13:26.7189925,1060.040785,1020.851070,2120.081569,2,3143383
88939922,2026-07-30T07:38:08.6823878,1060.036614,1048.266539,2120.073228,2,4927197
89042234,2026-07-30T22:56:34.7911388,1060.026907,1016.809030,2120.053814,2,5646645
89043147,2026-07-30T23:04:35.5858027,1060.007302,1018.545417,2120.014604,2,4687727
89037771,2026-07-30T22:16:01.7292546,1060.004170,1041.832737,2120.008341,2,4494628
88918063,2026-07-30T04:25:49.0751271,1059.989991,1037.111981,2119.979983,2,3735778
88955441,2026-07-30T09:54:08.7668309,1059.977103,999.711546,2119.954205,2,4077777
88890780,2026-07-30T00:25:34.1092440,1059.951484,1014.869801,2119.902968,2,7720352
89042280,2026-07-30T22:56:34.8758591,1059.876328,1050.517820,2119.752656,2,4910094
88970237,2026-07-30T12:06:06.4664583,1059.849227,1044.917866,2119.698453,2,6204194
89044627,2026-07-30T23:16:31.5879166,1059.816807,1013.979530,2119.633615,2,4634880
88889369,2026-07-30T00:13:28.6106324,1059.797128,1032.401380,2119.594257,2,6950519
89029699,2026-07-30T21:04:43.2985971,1059.759139,1051.471134,2119.518277,2,4751632
89047644,2026-07-30T23:40:33.7913546,1059.756786,1038.070605,2119.513572,2,4658055
88957917,2026-07-30T10:18:07.5549756,1059.740854,1059.221986,2119.481708,2,3813001
89032606,2026-07-30T21:31:31.7784397,1059.715624,1008.252116,2119.431247,2,4821804
89048211,2026-07-30T23:44:32.6089201,1059.710803,1037.410517,2119.421605,2,2558203
88954923,2026-07-30T09:50:11.8463805,1059.681612,1036.969569,2119.363223,2,3735767
89030307,2026-07-30T21:08:43.8897336,1059.679331,984.847048,2119.358662,2,3367737
89034626,2026-07-30T21:47:32.2294817,1059.655402,1047.724265,2119.310803,2,5623806
89033629,2026-07-30T21:39:31.9180079,1059.655402,1042.659219,2119.310803,2,5314363
88955659,2026-07-30T09:58:07.3749758,1059.631253,1057.046362,2119.262507,2,5053399
89033541,2026-07-30T21:39:31.7748853,1059.599081,1018.894450,2119.198162,2,5318407
89037219,2026-07-30T22:12:01.7968306,1059.598926,1022.223620,2119.197852,2,4496326
88938480,2026-07-30T07:26:08.0161866,1059.583735,1053.389336,2119.167470,2,4326492
89041787,2026-07-30T22:52:32.6046468,1059.576174,1029.050870,2119.152347,2,3481054
89043156,2026-07-30T23:04:35.5946639,1059.524821,1033.879343,2119.049642,2,3640332
89045799,2026-07-30T23:24:35.7802999,1059.512380,1051.350515,2119.024760,2,4699998
89005962,2026-07-30T17:21:27.5347373,1059.504016,1037.201898,2119.008032,2,6905241
89001383,2026-07-30T16:41:27.6266266,1059.478143,1033.590839,2118.956285,2,3353121
88898779,2026-07-30T01:37:48.9100969,1059.444955,1050.245511,2118.889910,2,3011266
89039582,2026-07-30T22:32:01.9258659,1059.425094,1043.344340,2118.850188,2,3904810
88937040,2026-07-30T07:14:09.4635467,1059.396301,1040.487530,2118.792602,2,8058301
88965744,2026-07-30T11:26:08.1504482,1059.384763,1049.780583,2118.769525,2,5736761
89044805,2026-07-30T23:16:31.8827978,1059.376692,1047.493334,2118.753384,2,5706838
88919051,2026-07-30T04:34:13.0465675,1059.368572,1044.633605,2118.737144,2,5675167
88921364,2026-07-30T04:54:12.4073657,1059.358840,1012.322186,2118.717681,2,3589248
88995565,2026-07-30T15:49:23.9693592,1059.343696,1006.514487,2118.687391,2,3254342
88978371,2026-07-30T13:18:07.6592709,1059.327970,1050.718086,2118.655941,2,2473998
89044646,2026-07-30T23:16:31.6078133,1059.311418,1035.970951,2118.622835,2,5698541
88941339,2026-07-30T07:50:10.8604690,1059.300721,1036.048607,2118.601443,2,3333136
89030022,2026-07-30T21:04:44.0411459,1059.284677,1020.228088,2118.569354,2,4041541
88891540,2026-07-30T00:33:31.9407073,1059.282418,1018.081345,2118.564835,2,904022
89035822,2026-07-30T22:00:01.5057409,1059.280922,1023.779166,2118.561844,2,4164178
89035841,2026-07-30T22:00:01.5401080,1059.235929,1028.266976,2118.471858,2,2487190
89041443,2026-07-30T22:48:33.6945108,1059.214606,1049.030459,2118.429212,2,5754815
88897167,2026-07-30T01:21:33.3250482,1059.193351,1038.116640,2118.386703,2,1619189
88908558,2026-07-30T03:01:50.1541230,1059.182688,1036.928711,2118.365376,2,6856944
89044642,2026-07-30T23:16:31.6017449,1059.157019,1048.792450,2118.314038,2,5206349
88972173,2026-07-30T12:22:06.5914405,1059.152373,1040.133249,2118.304746,2,3667000
89032768,2026-07-30T21:31:32.1908473,1059.149893,1058.496936,2118.299786,2,4873190
88989686,2026-07-30T14:57:23.6209160,1059.141204,1004.820641,2118.282409,2,4727658
89020680,2026-07-30T19:39:57.7844215,1059.113527,1023.395412,2118.227054,2,5026703
89032570,2026-07-30T21:31:31.7044856,1059.092809,1035.484770,2118.185618,2,6552532
88900084,2026-07-30T01:49:49.0454284,1059.057127,1055.234712,2118.114253,2,5057868
89033556,2026-07-30T21:39:31.7831427,1059.017485,1019.606917,2118.034969,2,4052450
88969814,2026-07-30T12:02:06.7000874,1059.016698,1040.167905,2118.033395,2,6621205
89046691,2026-07-30T23:32:35.1936893,1059.011799,1053.918390,2118.023598,2,4795716
88914349,2026-07-30T03:53:50.6433662,1058.985601,1056.209214,2117.971202,2,2403163
88968872,2026-07-30T11:54:06.8474662,1058.947854,1055.366170,2117.895708,2,4174350
88961088,2026-07-30T10:46:07.5446970,1058.933792,1034.077957,2117.867585,2,5528317
89036305,2026-07-30T22:04:01.9868140,1058.925446,1027.110716,2117.850893,2,3675747
88892220,2026-07-30T00:37:30.9355908,1058.914572,1039.044781,2117.829145,2,4355065
89016731,2026-07-30T19:03:58.0636418,1058.862982,1048.181268,2117.725964,2,5834769
89042319,2026-07-30T22:56:34.9204263,1058.859094,1045.750457,2117.718187,2,3842149
88959441,2026-07-30T10:30:11.8113104,1058.857136,1053.509862,2117.714272,2,4597756
88932891,2026-07-30T06:38:12.0087515,1058.842168,1054.256672,2117.684336,2,6942615
88916557,2026-07-30T04:13:50.5856559,1058.831285,1028.353799,2117.662571,2,904746
89046126,2026-07-30T23:28:32.3196093,1058.819646,1046.581493,2117.639291,2,7023908
89045687,2026-07-30T23:24:35.5386108,1058.818842,1052.658265,2117.637684,2,4827921
88916265,2026-07-30T04:09:56.0259632,1058.813331,1036.068252,2117.626663,2,7683212
88888456,2026-07-30T00:05:26.3770423,1058.777324,1028.354427,2117.554648,2,5505756
88897041,2026-07-30T01:21:33.1245035,1058.767671,1036.080359,2117.535342,2,7539503
89002039,2026-07-30T16:49:27.0226605,1058.757728,1052.174487,2117.515456,2,6249606
88984939,2026-07-30T14:17:23.2079330,1058.744836,1023.582606,2117.489672,2,3415207
88894063,2026-07-30T00:53:31.3150095,1058.741122,1020.328701,2117.482245,2,4751205
88968150,2026-07-30T11:46:06.5475718,1058.699524,1040.732061,2117.399048,2,4387380
89040092,2026-07-30T22:36:02.4782449,1058.698016,1045.544559,2117.396032,2,6822611
89043621,2026-07-30T23:08:33.5296577,1058.656587,1003.160036,2117.313175,2,6702621
89049723,2026-07-30T23:56:35.6768544,1058.656481,1051.283565,2117.312962,2,4947512
89036271,2026-07-30T22:04:01.9105102,1058.618557,1026.972078,2117.237114,2,580132
89043662,2026-07-30T23:08:33.5819789,1058.587727,1024.249918,2117.175454,2,4903675
89036727,2026-07-30T22:08:01.6004205,1058.583116,1005.707115,2117.166231,2,5765048
89002625,2026-07-30T16:53:27.1568741,1058.566642,1053.659811,2117.133284,2,4504752
88902169,2026-07-30T02:05:48.3514938,1058.564027,1053.629060,2117.128054,2,5097854
89045619,2026-07-30T23:24:35.3193710,1058.539126,1034.397228,2117.078252,2,6169545
89017523,2026-07-30T19:11:57.9874337,1058.534083,1022.737917,2117.068166,2,5021162
89039187,2026-07-30T22:28:01.6253700,1058.496722,1054.566283,2116.993443,2,5227549
88916334,2026-07-30T04:09:56.1384193,1058.481218,1038.508752,2116.962437,2,5184174
89035375,2026-07-30T21:55:31.4887582,1058.453004,1032.396350,2116.906007,2,4204964
89049716,2026-07-30T23:56:35.6346201,1058.444208,1029.690547,2116.888416,2,3760000
89048727,2026-07-30T23:48:36.3860314,1058.432218,1044.252839,2116.864435,2,5572814
89046121,2026-07-30T23:28:32.3153545,1058.372846,1032.018490,2116.745692,2,2824120
89021190,2026-07-30T19:49:17.7949217,1058.353104,1035.102552,2116.706208,2,4463152
88933116,2026-07-30T06:38:12.5505362,1058.352679,1041.840875,2116.705357,2,5670696
89049689,2026-07-30T23:56:35.6014652,1058.342140,1012.554316,2116.684280,2,4103040
89044202,2026-07-30T23:12:32.0153499,1058.326797,1055.835646,2116.653593,2,3775714
89033676,2026-07-30T21:39:32.0093387,1058.319557,1041.661514,2116.639115,2,5441718
88924867,2026-07-30T05:26:14.8276367,1058.309983,1008.413590,2116.619967,2,4675923
89046110,2026-07-30T23:28:32.2988878,1058.307016,1021.167748,2116.614031,2,5892791
88903989,2026-07-30T02:21:50.4157219,1058.297147,1032.342076,2116.594294,2,3277411
89016054,2026-07-30T18:59:59.2034062,1058.292171,1057.097447,2116.584341,2,5445854
88949741,2026-07-30T09:06:11.0190681,1058.289645,1035.645926,2116.579290,2,5119446
88962708,2026-07-30T10:58:08.1885606,1058.284571,1054.334990,2116.569142,2,4546214
89031880,2026-07-30T21:23:29.4085287,1058.264830,1041.388544,2116.529661,2,6779745
88961750,2026-07-30T10:50:10.3878265,1058.226618,1057.057850,2116.453235,2,3632934
88992692,2026-07-30T15:25:23.1211426,1058.192512,1044.821729,2116.385025,2,4631896
88889810,2026-07-30T00:17:32.1016986,1058.192167,1046.887513,2116.384333,2,6257292
89042242,2026-07-30T22:56:34.7926944,1058.159975,1013.791373,2116.319950,2,4722812
89023445,2026-07-30T20:08:43.5899191,1058.158483,1048.790781,2116.316965,2,5407383
88889822,2026-07-30T00:17:32.2347699,1058.157612,1011.880226,2116.315224,2,5546078
89044245,2026-07-30T23:12:32.0884582,1058.132726,1055.306776,2116.265451,2,3658890
89041884,2026-07-30T22:52:32.7815268,1058.116545,1056.507014,2116.233090,2,7003558
89041808,2026-07-30T22:52:32.6284057,1058.111553,1036.661837,2116.223105,2,5193798
89046661,2026-07-30T23:32:35.1363760,1058.087691,1056.849128,2116.175382,2,3562838
88932595,2026-07-30T06:34:12.2762099,1058.083918,1037.374403,2116.167836,2,3506622
89010872,2026-07-30T18:11:59.8050234,1058.066859,1036.590186,2116.133719,2,5831126
89034500,2026-07-30T21:47:31.9999595,1058.062642,1026.045570,2116.125284,2,4211110
89049214,2026-07-30T23:52:36.7125003,1058.060728,1041.091116,2116.121457,2,6091800
89012724,2026-07-30T18:27:58.0858786,1058.037558,1049.674806,2116.075115,2,8300955
88967198,2026-07-30T11:38:08.0185462,1058.020678,1053.026365,2116.041356,2,6984079
88974029,2026-07-30T12:38:06.0211659,1058.003519,1053.347435,2116.007037,2,5004256
88984030,2026-07-30T14:09:46.2036698,1057.990057,1045.845624,2115.980115,2,2782444
89043139,2026-07-30T23:04:35.5785794,1057.987672,991.984390,2115.975344,2,3339525
89015968,2026-07-30T18:59:59.0995091,1057.978276,1052.139727,2115.956552,2,6137179
89039509,2026-07-30T22:32:01.7834783,1057.956712,1041.709515,2115.913424,2,5960280
89019834,2026-07-30T19:31:57.9562871,1057.950367,1036.312016,2115.900734,2,3669741
89046226,2026-07-30T23:28:32.5134925,1057.936030,1052.160881,2115.872060,2,3292651
89035359,2026-07-30T21:55:31.4781508,1057.912154,1029.251983,2115.824309,2,4900110
88952763,2026-07-30T09:30:11.9159208,1057.874018,1054.274144,2115.748037,2,4064529
89041743,2026-07-30T22:52:32.5346427,1057.873432,1040.593398,2115.746863,2,4767421
88888476,2026-07-30T00:05:26.4236937,1057.830641,1049.746611,2115.661282,2,8729085
89032074,2026-07-30T21:27:41.1323682,1057.829300,1019.130989,2115.658600,2,4205950
89033095,2026-07-30T21:35:32.4254718,1057.818831,1019.045438,2115.637661,2,3051491
89024524,2026-07-30T20:16:43.3980686,1057.816179,1035.315486,2115.632358,2,5332989
89034908,2026-07-30T21:51:31.6797994,1057.807652,1016.067673,2115.615305,2,5665000
88888944,2026-07-30T00:09:27.5139460,1057.801552,1028.007373,2115.603104,2,3246072
88982335,2026-07-30T13:50:10.9468169,1057.778603,1048.103672,2115.557206,2,6542639
89042220,2026-07-30T22:56:34.7780855,1057.770728,997.691307,2115.541457,2,4595177
88927129,2026-07-30T05:46:15.8987926,1057.762245,1024.653508,2115.524490,2,6580129
88915417,2026-07-30T04:01:51.5314786,1057.760382,1040.138477,2115.520764,2,10807546
88949077,2026-07-30T08:58:16.1639131,1057.721107,1045.990386,2115.442214,2,5240037
88924888,2026-07-30T05:26:14.8404065,1057.714148,1046.377606,2115.428297,2,2980715
89026815,2026-07-30T20:36:44.5314701,1057.713920,992.653149,2115.427839,2,4479776
89042801,2026-07-30T23:00:33.7737862,1057.598283,1055.433317,2115.196565,2,581986
89048204,2026-07-30T23:44:32.6033542,1057.597715,1037.456131,2115.195430,2,4253985
88946156,2026-07-30T08:34:07.9851333,1057.582681,1044.596843,2115.165361,2,2539546
89048696,2026-07-30T23:48:36.3179576,1057.582040,1019.591287,2115.164079,2,5208583
89048711,2026-07-30T23:48:36.3406465,1057.574907,1033.560624,2115.149815,2,5483226
88953071,2026-07-30T09:34:08.0641938,1057.546234,1002.283187,2115.092467,2,4729501
88929278,2026-07-30T06:06:15.1234464,1057.530423,1036.675965,2115.060846,2,4084936
88962525,2026-07-30T10:58:07.7727831,1057.514573,1024.471947,2115.029146,2,3655708
88946679,2026-07-30T08:38:08.3600489,1057.510247,990.993249,2115.020493,2,5812870
89012438,2026-07-30T18:27:57.6258461,1057.509153,1038.303695,2115.018306,2,3198919
88896743,2026-07-30T01:17:31.5127269,1057.503771,968.705607,2115.007541,2,4111821
88927499,2026-07-30T05:50:20.3484611,1057.451541,1022.258267,2114.903082,2,5890422
89031231,2026-07-30T21:16:43.2856967,1057.433840,1003.233981,2114.867681,2,5062100
88891478,2026-07-30T00:33:31.6800563,1057.408491,1014.079505,2114.816983,2,3341589
89037311,2026-07-30T22:12:01.9983886,1057.337993,1040.012248,2114.675985,2,7823021
89045146,2026-07-30T23:20:33.7837054,1057.335573,1045.019195,2114.671147,2,6191789
88958951,2026-07-30T10:26:08.1055799,1057.326081,1039.234141,2114.652162,2,5540393
89034054,2026-07-30T21:43:32.0852744,1057.308955,1031.699062,2114.617910,2,5317648
89043672,2026-07-30T23:08:33.6150083,1057.300895,1049.052100,2114.601790,2,5845719
89046624,2026-07-30T23:32:35.0169156,1057.300862,1034.126506,2114.601723,2,4989834
88954933,2026-07-30T09:50:11.8559761,1057.277463,1037.518850,2114.554926,2,4095976
89009350,2026-07-30T17:59:58.1899526,1057.258739,1047.793025,2114.517478,2,8412746
88990336,2026-07-30T15:05:22.9740049,1057.253588,1039.885840,2114.507177,2,7005170
89048233,2026-07-30T23:44:32.6822488,1057.244029,1053.491789,2114.488057,2,4218924
89044129,2026-07-30T23:12:31.9075767,1057.237308,997.520093,2114.474616,2,4614998
88920887,2026-07-30T04:50:18.5204071,1057.230653,1053.070965,2114.461305,2,4981947
89029706,2026-07-30T21:04:43.3031566,1057.211405,1040.433644,2114.422810,2,3466935
88969110,2026-07-30T11:54:07.2166270,1057.210755,1031.703856,2114.421509,2,5448662
88887963,2026-07-30T00:01:26.0476229,1057.186229,1032.666743,2114.372457,2,3335848
89032677,2026-07-30T21:31:32.0104359,1057.168591,1023.499873,2114.337183,2,4069773
88907954,2026-07-30T02:57:48.3708804,1057.159230,1048.158259,2114.318461,2,7690856
89045603,2026-07-30T23:24:35.3025556,1057.152202,1016.472701,2114.304404,2,5807060
88999862,2026-07-30T16:29:24.1041228,1057.148190,1049.162182,2114.296380,2,5366853
88980973,2026-07-30T13:38:08.3331439,1057.144288,1007.274532,2114.288576,2,3576040
89039079,2026-07-30T22:28:01.4245363,1057.123560,1030.472787,2114.247120,2,3406176
89011759,2026-07-30T18:19:58.1383364,1057.121694,1052.023248,2114.243389,2,5890568
89018305,2026-07-30T19:20:02.9842224,1057.077070,1052.612731,2114.154141,2,3827241
88970764,2026-07-30T12:10:09.6522067,1057.071316,1048.991735,2114.142632,2,5274018
89034546,2026-07-30T21:47:32.0956401,1057.061056,1028.208680,2114.122112,2,4217659
88902166,2026-07-30T02:05:48.3365807,1057.031918,1031.699256,2114.063837,2,5580177
88976418,2026-07-30T12:58:08.7236922,1057.027023,1056.619014,2114.054046,2,4951943
88953370,2026-07-30T09:38:08.4122646,1057.015870,1017.476661,2114.031741,2,6339668
88894401,2026-07-30T00:57:29.7557024,1057.013134,1000.553102,2114.026268,2,5811287
88956185,2026-07-30T10:02:08.4299639,1056.999061,1031.458187,2113.998121,2,4502344
88922099,2026-07-30T05:02:15.3459443,1056.997717,1055.256627,2113.995433,2,3397544
89043640,2026-07-30T23:08:33.5853911,1056.986202,1019.192922,2113.972403,2,5816895
88895900,2026-07-30T01:09:34.1379475,1056.961633,1017.208766,2113.923267,2,6278183
89014110,2026-07-30T18:39:58.2703127,1056.937554,1000.602407,2113.875107,2,7595000
88891555,2026-07-30T00:33:31.9852311,1056.934677,1029.057035,2113.869355,2,3636623
88937636,2026-07-30T07:18:07.4565371,1056.915094,1046.371447,2113.830189,2,4915592
89041435,2026-07-30T22:48:33.6817650,1056.914368,1044.118212,2113.828735,2,3405232
88944078,2026-07-30T08:14:08.0642992,1056.907119,1010.373449,2113.814238,2,6852090
89034548,2026-07-30T21:47:32.0985647,1056.862791,1026.702090,2113.725582,2,4204121
88993472,2026-07-30T15:33:23.2585321,1056.848704,1023.306252,2113.697408,2,6794927
89047087,2026-07-30T23:36:32.9710753,1056.838205,1016.891432,2113.676411,2,4393798
88950414,2026-07-30T09:10:15.1637571,1056.779011,1028.086226,2113.558022,2,7095842
88965356,2026-07-30T11:22:08.3533540,1056.764524,1037.274505,2113.529048,2,1275087
88920732,2026-07-30T04:50:18.0291964,1056.759573,1045.023428,2113.519146,2,3797593
89042717,2026-07-30T23:00:33.5903485,1056.728222,1029.563750,2113.456445,2,5707186
89042878,2026-07-30T23:00:33.9866006,1056.716285,1055.222422,2113.432570,2,4782244
88954743,2026-07-30T09:50:11.5327831,1056.712529,1023.214761,2113.425057,2,2896243
88901175,2026-07-30T01:57:49.0596572,1056.710367,1029.106225,2113.420735,2,6557368
88953194,2026-07-30T09:34:08.4539119,1056.686412,1021.138937,2113.372823,2,5803026
88966049,2026-07-30T11:30:08.3107246,1056.657306,1031.743340,2113.314612,2,5514101
89049216,2026-07-30T23:52:36.7134054,1056.653081,1045.300233,2113.306163,2,4395296
88902464,2026-07-30T02:09:49.0569934,1056.647981,1047.648997,2113.295961,2,4168949
89047619,2026-07-30T23:40:33.7253419,1056.619361,1018.998056,2113.238722,2,5818787
89045640,2026-07-30T23:24:35.3858625,1056.612656,1048.502344,2113.225311,2,5527120
89035027,2026-07-30T21:51:31.8973912,1056.609635,1032.734671,2113.219270,2,5610442
89048296,2026-07-30T23:44:32.8188963,1056.605075,1052.000668,2113.210150,2,5097093
88916026,2026-07-30T04:09:55.4723894,1056.581640,1048.653507,2113.163279,2,6774842
88982814,2026-07-30T13:54:08.8645528,1056.554777,1036.525860,2113.109554,2,3508110
88927200,2026-07-30T05:46:16.0461293,1056.533536,1052.684219,2113.067071,2,2583372
89038731,2026-07-30T22:24:02.5330953,1056.521739,1045.660984,2113.043478,2,6389471
89042255,2026-07-30T22:56:34.8122301,1056.519422,1029.715588,2113.038844,2,5873261
89044227,2026-07-30T23:12:32.0761373,1056.499447,1047.764850,2112.998894,2,6044587
88964883,2026-07-30T11:18:08.9167422,1056.465095,1052.029670,2112.930190,2,3548404
89045111,2026-07-30T23:20:33.7037385,1056.444585,1005.066413,2112.889170,2,2314745
89049185,2026-07-30T23:52:36.6787743,1056.429358,1010.998861,2112.858715,2,5306507
89006819,2026-07-30T17:32:56.7521801,1056.427101,1054.684534,2112.854202,2,3479653
89046627,2026-07-30T23:32:35.0206397,1056.422447,1037.697855,2112.844894,2,4600452
88955793,2026-07-30T09:58:07.7224482,1056.421467,1044.745229,2112.842934,2,4735490
88934023,2026-07-30T06:46:12.7330556,1056.415688,1056.067335,2112.831376,2,4837704
88889748,2026-07-30T00:17:31.6170422,1056.392221,1043.635932,2112.784442,2,3287847
88935638,2026-07-30T07:02:12.5629402,1056.363868,1031.629757,2112.727737,2,4955224
88972359,2026-07-30T12:22:07.0198226,1056.312148,1052.020547,2112.624297,2,6789950
89034523,2026-07-30T21:47:32.0354885,1056.309122,1025.236694,2112.618243,2,5088895
88919796,2026-07-30T04:42:13.1298343,1056.282513,1054.422666,2112.565027,2,3437811
89041370,2026-07-30T22:48:33.5333567,1056.278578,1034.781122,2112.557156,2,3472949
89031292,2026-07-30T21:16:43.4071253,1056.269028,1007.285702,2112.538056,2,6258480
89035827,2026-07-30T22:00:01.5157566,1056.268546,1027.488396,2112.537091,2,3225786
89043489,2026-07-30T23:08:33.2967833,1056.247957,1026.246885,2112.495914,2,5244038
88995810,2026-07-30T15:53:23.4188384,1056.225464,1004.266705,2112.450929,2,6159539
88994842,2026-07-30T15:45:22.9298190,1056.183085,1030.979410,2112.366170,2,7349241
88972094,2026-07-30T12:22:06.3989784,1056.173951,1036.318500,2112.347902,2,3005806
89049199,2026-07-30T23:52:36.6948723,1056.167775,1021.106791,2112.335550,2,5507517
88979698,2026-07-30T13:30:08.3562513,1056.152897,1035.376948,2112.305794,2,8296239
88891374,2026-07-30T00:29:33.3196990,1056.148062,1032.360407,2112.296124,2,4105526
89000870,2026-07-30T16:37:27.8467441,1056.127933,1035.547729,2112.255866,2,5142679
88921951,2026-07-30T05:02:14.9132069,1056.107747,1046.497575,2112.215494,2,4841540
88968030,2026-07-30T11:46:06.0274395,1056.090386,1051.403527,2112.180772,2,6745044
89047208,2026-07-30T23:36:33.1821279,1056.089142,1049.891763,2112.178283,2,527675
89017953,2026-07-30T19:15:58.5087970,1056.056485,1050.855336,2112.112971,2,2473811
88967878,2026-07-30T11:46:05.7684195,1056.055211,1054.190680,2112.110422,2,5939351
89048226,2026-07-30T23:44:32.6438666,1056.012678,1041.314901,2112.025355,2,6439517
88998714,2026-07-30T16:17:23.1454778,1055.985349,1042.782624,2111.970698,2,4680575
88969701,2026-07-30T12:02:06.1805688,1055.952758,1007.279413,2111.905517,2,5150640
89047114,2026-07-30T23:36:32.9904252,1055.951281,1027.388163,2111.902563,2,5156891
89044690,2026-07-30T23:16:31.6918701,1055.946336,1042.468100,2111.892672,2,6080337
89046111,2026-07-30T23:28:32.3002205,1055.924495,1012.411026,2111.848990,2,2696281
89046602,2026-07-30T23:32:34.9867251,1055.917362,1018.410887,2111.834723,2,4511567
88934285,2026-07-30T06:50:12.9355207,1055.917123,1030.810661,2111.834246,2,4313832
88996191,2026-07-30T15:57:24.8177553,1055.897033,1035.777209,2111.794067,2,4012226
88932551,2026-07-30T06:34:12.1636970,1055.855882,1050.523571,2111.711765,2,3692264
88975823,2026-07-30T12:54:07.7472038,1055.846950,1048.303945,2111.693901,2,6182614
89032224,2026-07-30T21:27:41.5114958,1055.840726,1050.480085,2111.681451,2,7644905
89049719,2026-07-30T23:56:35.6378642,1055.817951,1036.064083,2111.635902,2,4036776
89048710,2026-07-30T23:48:36.3369271,1055.816117,1028.023352,2111.632235,2,5485587
89034119,2026-07-30T21:43:32.2008511,1055.796659,1053.538752,2111.593319,2,6205765
89016288,2026-07-30T18:59:59.5740521,1055.793308,1040.397227,2111.586616,2,4340367
88887956,2026-07-30T00:01:26.0392765,1055.736643,1015.391998,2111.473285,2,5373714
88894031,2026-07-30T00:53:31.2521863,1055.673425,1004.600039,2111.346851,2,4654508
88992377,2026-07-30T15:21:24.6429239,1055.669864,1049.037592,2111.339728,2,7346644
89046585,2026-07-30T23:32:34.9285004,1055.657913,984.595108,2111.315827,2,3592469
89044158,2026-07-30T23:12:31.9723209,1055.603953,1037.306551,2111.207906,2,2975136
88905642,2026-07-30T02:37:48.1933592,1055.593340,1041.465985,2111.186680,2,5787544
88975894,2026-07-30T12:54:07.9384280,1055.583740,1038.696917,2111.167480,2,4136385
88952895,2026-07-30T09:34:07.8145858,1055.575494,1030.855657,2111.150988,2,8111507
89037812,2026-07-30T22:16:01.8147445,1055.571241,1045.027701,2111.142482,2,7429683
88951971,2026-07-30T09:26:07.6050220,1055.560535,1041.339983,2111.121071,2,7707554
89045626,2026-07-30T23:24:35.3317054,1055.560329,1026.900048,2111.120659,2,608015
88891235,2026-07-30T00:29:32.9333112,1055.528487,1010.308158,2111.056974,2,3560779
88910726,2026-07-30T03:21:47.5390997,1055.524444,1017.302940,2111.048888,2,4495645
88976278,2026-07-30T12:58:08.4117275,1055.503142,1049.667182,2111.006283,2,7070572
88928439,2026-07-30T05:58:14.4128413,1055.503122,1039.907491,2111.006245,2,2756065
88978026,2026-07-30T13:14:07.8480535,1055.465342,1013.140803,2110.930683,2,1991742
89037215,2026-07-30T22:12:01.7928759,1055.461265,1015.055518,2110.922529,2,4223321
88996262,2026-07-30T15:57:24.9315768,1055.423878,1032.785664,2110.847755,2,3787540
88891354,2026-07-30T00:29:33.2592570,1055.418742,1026.701746,2110.837485,2,4977438
88900104,2026-07-30T01:49:49.1342958,1055.397466,1006.425357,2110.794932,2,4915639
89035297,2026-07-30T21:55:31.3745345,1055.378805,1043.835490,2110.757610,2,5347963
89016276,2026-07-30T18:59:59.5586790,1055.376195,1029.337821,2110.752389,2,5726808
88953048,2026-07-30T09:34:08.0649655,1055.365003,1051.414492,2110.730007,2,3325304
89040685,2026-07-30T22:44:01.5632908,1055.347698,1040.075744,2110.695395,2,4928899
89039507,2026-07-30T22:32:01.7807357,1055.343198,1024.273373,2110.686396,2,6632766
88889293,2026-07-30T00:13:28.3818818,1055.336601,1017.382275,2110.673202,2,4318874
88989356,2026-07-30T14:57:23.0608868,1055.313721,1022.458867,2110.627441,2,5520836
88929868,2026-07-30T06:10:15.3265799,1055.288695,1045.130329,2110.577389,2,4893103
89041429,2026-07-30T22:48:33.6738110,1055.273129,1049.556618,2110.546259,2,5423460
89047124,2026-07-30T23:36:33.0113896,1055.157310,1037.256044,2110.314620,2,5402188
88939380,2026-07-30T07:34:08.7042044,1055.116177,1040.440006,2110.232355,2,4323601
88966967,2026-07-30T11:38:07.5611513,1055.109237,1023.860340,2110.218473,2,4514007
89036228,2026-07-30T22:04:01.8162679,1055.098407,1053.312261,2110.196814,2,5178233
88977739,2026-07-30T13:10:10.2549541,1055.091609,1033.415239,2110.183218,2,2240970
88933572,2026-07-30T06:42:12.5135220,1055.077461,1036.326898,2110.154921,2,4284368
88934024,2026-07-30T06:46:12.7337059,1055.035174,1039.421523,2110.070348,2,6184041
88911779,2026-07-30T03:29:57.9402817,1055.034744,1038.881266,2110.069488,2,3969355
89042726,2026-07-30T23:00:33.6077950,1055.011637,1053.612910,2110.023273,2,4952388
88976371,2026-07-30T12:58:08.6179862,1054.984529,1039.782787,2109.969058,2,5234291
88937716,2026-07-30T07:18:07.5709317,1054.947067,1041.448218,2109.894133,2,6134391
88902393,2026-07-30T02:09:48.9699125,1054.941104,1006.348304,2109.882208,2,3444894
88916181,2026-07-30T04:09:55.8856326,1054.929435,1037.319950,2109.858871,2,4527358
89039625,2026-07-30T22:32:02.0226567,1054.919614,1038.154617,2109.839229,2,5715189
88888963,2026-07-30T00:09:27.5363784,1054.919054,1037.483463,2109.838108,2,5760588
88890374,2026-07-30T00:21:34.4100242,1054.884416,1027.082700,2109.768832,2,3226372
88992586,2026-07-30T15:25:22.9625678,1054.881695,972.446395,2109.763391,2,5068001
89042689,2026-07-30T23:00:33.5105856,1054.846913,996.951077,2109.693825,2,4243943
88940903,2026-07-30T07:46:08.2493386,1054.843389,1036.492822,2109.686779,2,5286758
89004001,2026-07-30T17:05:27.3470323,1054.788699,1053.078690,2109.577398,2,5936883
89031282,2026-07-30T21:16:43.3875170,1054.788456,1014.469523,2109.576913,2,5091502
89014086,2026-07-30T18:39:58.2149532,1054.781826,1048.035444,2109.563652,2,5184712
88956367,2026-07-30T10:02:08.7273911,1054.754529,1038.383566,2109.509058,2,6603127
88899178,2026-07-30T01:41:48.3559070,1054.739405,1041.772855,2109.478810,2,5363910
88911145,2026-07-30T03:25:50.5653918,1054.712505,1014.212124,2109.425011,2,4121191
89046647,2026-07-30T23:32:35.1184335,1054.710630,1048.497917,2109.421260,2,3142174
89037243,2026-07-30T22:12:01.8345182,1054.701361,1020.340082,2109.402722,2,6193866
88888460,2026-07-30T00:05:26.3823935,1054.667734,1024.011784,2109.335468,2,6480009
89035805,2026-07-30T22:00:01.4725337,1054.643126,1013.389091,2109.286253,2,5090702
88962214,2026-07-30T10:54:07.7412288,1054.640856,999.339663,2109.281713,2,3334253
88987963,2026-07-30T14:45:22.6427493,1054.629616,1053.506561,2109.259232,2,6082919
89044616,2026-07-30T23:16:31.5768872,1054.622600,1004.208084,2109.245200,2,4507670
89016794,2026-07-30T19:03:58.1985611,1054.610214,1009.597757,2109.220428,2,4568638
89016233,2026-07-30T18:59:59.4896658,1054.603534,1039.497663,2109.207069,2,3455041
89047093,2026-07-30T23:36:32.9813505,1054.571364,1000.888091,2109.142729,2,2113015
89033487,2026-07-30T21:39:31.6740605,1054.568432,1022.468169,2109.136863,2,3461497
88985801,2026-07-30T14:25:23.4584757,1054.566798,1035.855974,2109.133597,2,5563720
88979070,2026-07-30T13:22:08.3090890,1054.549799,1051.376931,2109.099598,2,3515068
88969438,2026-07-30T11:58:06.9086030,1054.540418,1047.639997,2109.080837,2,5796015
89046028,2026-07-30T23:28:32.1790333,1054.532146,1034.190623,2109.064291,2,4432195
88993528,2026-07-30T15:33:23.5172384,1054.520309,1032.044437,2109.040617,2,6363049
88906568,2026-07-30T02:45:48.4722574,1054.518370,1047.037392,2109.036741,2,5213839
88902894,2026-07-30T02:13:48.2568354,1054.496149,1006.152712,2108.992298,2,2312899
89029917,2026-07-30T21:04:43.7210187,1054.485153,1008.977842,2108.970307,2,3807311
89017008,2026-07-30T19:07:57.6526309,1054.455178,1045.753532,2108.910357,2,6520250
89032742,2026-07-30T21:31:32.1203798,1054.430826,1032.302211,2108.861652,2,5869595
88970918,2026-07-30T12:10:09.9699451,1054.428032,1000.610759,2108.856064,2,5442496
88990791,2026-07-30T15:09:24.6466378,1054.411562,1054.159401,2108.823125,2,3384097
89038759,2026-07-30T22:24:02.5976831,1054.402303,1040.839945,2108.804605,2,4839660
89048712,2026-07-30T23:48:36.3318122,1054.396999,1032.220332,2108.793999,2,6025232
88975078,2026-07-30T12:46:08.4351683,1054.373789,1035.736667,2108.747579,2,3849592
89041851,2026-07-30T22:52:32.7168089,1054.360564,1044.704012,2108.721129,2,5332181
89030844,2026-07-30T21:12:42.9186216,1054.354709,1005.319017,2108.709418,2,6449162
88968136,2026-07-30T11:46:06.4780703,1054.317728,1054.279060,2108.635457,2,4102185
88924295,2026-07-30T05:22:12.2575293,1054.302546,1019.046210,2108.605092,2,1928629
88931731,2026-07-30T06:26:12.3923327,1054.297937,1030.360198,2108.595875,2,4840640
89007434,2026-07-30T17:40:54.1652586,1054.290700,995.242620,2108.581401,2,5190639
88998565,2026-07-30T16:17:22.9357342,1054.285941,1037.028648,2108.571881,2,4128835
88890419,2026-07-30T00:21:34.5172030,1054.213067,1037.702095,2108.426134,2,3961571
89029357,2026-07-30T21:00:42.8634569,1054.179380,1033.026743,2108.358760,2,4317170
88909860,2026-07-30T03:13:48.3692908,1054.159784,1027.666236,2108.319567,2,4727087
89016132,2026-07-30T18:59:59.3171242,1054.150503,1038.724386,2108.301006,2,4059241
89044655,2026-07-30T23:16:31.6133880,1054.147637,1041.268074,2108.295273,2,4447166
89040063,2026-07-30T22:36:02.3998381,1054.095741,1024.409735,2108.191481,2,2988281
89002057,2026-07-30T16:49:27.0680378,1054.072917,1038.625687,2108.145833,2,5154209
88901359,2026-07-30T01:57:49.6581112,1054.051107,1041.017475,2108.102213,2,3985368
89049211,2026-07-30T23:52:36.7083542,1054.039410,1037.453226,2108.078821,2,5437216
88895680,2026-07-30T01:09:33.4234763,1054.022197,1017.314619,2108.044395,2,5342764
88904483,2026-07-30T02:25:48.5474556,1054.011030,1021.884616,2108.022060,2,3307399
88962777,2026-07-30T10:58:08.3890214,1053.999049,1046.816998,2107.998098,2,5976607
89041965,2026-07-30T22:52:32.9073517,1053.988495,1051.197895,2107.976989,2,5641309
89026211,2026-07-30T20:32:45.8737062,1053.983595,1040.793905,2107.967189,2,4715272
89001560,2026-07-30T16:45:26.7802350,1053.979751,1004.495496,2107.959501,2,5563093
89030473,2026-07-30T21:08:44.2853613,1053.952444,1018.573719,2107.904889,2,4939681
89049720,2026-07-30T23:56:35.6400370,1053.951627,1028.293489,2107.903255,2,2183120
89033263,2026-07-30T21:35:32.8332385,1053.903428,1028.484821,2107.806856,2,4974324
88930659,2026-07-30T06:18:13.4399395,1053.844097,1030.627525,2107.688193,2,4695125
89044151,2026-07-30T23:12:31.9339825,1053.842289,1014.362478,2107.684578,2,5045038
88965837,2026-07-30T11:26:08.2933107,1053.829712,1024.811727,2107.659424,2,2293875
89024353,2026-07-30T20:16:43.0974511,1053.812019,1006.186195,2107.624037,2,5875412
88992226,2026-07-30T15:21:24.4267724,1053.792464,1036.281199,2107.584927,2,4989486
89035413,2026-07-30T21:55:31.5313761,1053.788372,1019.359273,2107.576744,2,3614559
89048734,2026-07-30T23:48:36.3994513,1053.786687,1037.594540,2107.573374,2,3905587
88890776,2026-07-30T00:25:34.0702373,1053.775419,997.022154,2107.550838,2,5156414
89045128,2026-07-30T23:20:33.7242650,1053.759331,1020.669598,2107.518662,2,6528838
88946113,2026-07-30T08:34:07.8550150,1053.723285,1029.917806,2107.446570,2,6946794
88889245,2026-07-30T00:13:28.1917107,1053.707346,1012.188680,2107.414692,2,3182234
89014429,2026-07-30T18:43:57.8118920,1053.675214,1037.474277,2107.350427,2,5646773
88926501,2026-07-30T05:42:14.5771511,1053.658180,1007.131501,2107.316360,2,3538155
88964073,2026-07-30T11:10:13.4307863,1053.649834,1044.776860,2107.299669,2,3100835
88915239,2026-07-30T04:01:51.0928457,1053.643582,1039.963515,2107.287164,2,4087616
89047138,2026-07-30T23:36:33.0223411,1053.595194,1039.861472,2107.190388,2,5159929
89045617,2026-07-30T23:24:35.3192653,1053.593983,1024.612640,2107.187965,2,4313622
88966220,2026-07-30T11:30:10.1271358,1053.573556,1022.867746,2107.147112,2,5019694
88966314,2026-07-30T11:30:10.3434181,1053.567355,1048.204243,2107.134709,2,3652500
88984430,2026-07-30T14:13:23.3075285,1053.549299,1049.259375,2107.098597,2,2143248
88942633,2026-07-30T08:02:09.8711491,1053.506480,1029.913049,2107.012959,2,5922268
89045786,2026-07-30T23:24:35.7272437,1053.500182,1046.383396,2107.000363,2,5200232
88998930,2026-07-30T16:21:22.9566839,1053.492977,1024.589848,2106.985954,2,3958084
89040992,2026-07-30T22:44:02.1406704,1053.475693,1044.656609,2106.951385,2,6031509
89033217,2026-07-30T21:35:32.7201752,1053.474236,1028.108041,2106.948472,2,5086709
88951206,2026-07-30T09:18:13.8194572,1053.467930,1041.538921,2106.935861,2,4073537
88978434,2026-07-30T13:18:07.8085609,1053.449166,1025.560105,2106.898331,2,6333580
89025776,2026-07-30T20:28:46.2941060,1053.423060,959.672657,2106.846120,2,3646469
88927995,2026-07-30T05:54:15.5571466,1053.399361,1017.219066,2106.798721,2,5021175
89022988,2026-07-30T20:04:46.2211029,1053.382485,1052.545844,2106.764970,2,7678483
88992714,2026-07-30T15:25:23.1470901,1053.376365,1026.849399,2106.752730,2,2634761
88969306,2026-07-30T11:58:06.4550451,1053.370982,1009.295842,2106.741964,2,8035580
89025436,2026-07-30T20:24:45.9984292,1053.367396,1040.718099,2106.734793,2,6928053
88915016,2026-07-30T03:57:50.6176324,1053.339246,1032.670163,2106.678491,2,2841667
89046610,2026-07-30T23:32:35.0006061,1053.297159,1012.994751,2106.594319,2,6153149
88920312,2026-07-30T04:46:16.0287415,1053.277848,1022.949114,2106.555697,2,3435729
89030598,2026-07-30T21:12:42.3636095,1053.275397,1036.040949,2106.550793,2,3160433
88924197,2026-07-30T05:22:11.8216530,1053.270409,1019.246079,2106.540818,2,3622426
88898751,2026-07-30T01:37:48.8285569,1053.248511,1004.211109,2106.497022,2,4646897
88927839,2026-07-30T05:54:14.9428167,1053.246168,1036.371602,2106.492337,2,5893612
88968598,2026-07-30T11:50:12.2445023,1053.244931,1044.748017,2106.489862,2,5478327
89037652,2026-07-30T22:16:01.5267346,1053.205875,983.698821,2106.411751,2,4377216
89040082,2026-07-30T22:36:02.4223274,1053.199594,1047.870233,2106.399188,2,6621645
88991089,2026-07-30T15:09:25.2181716,1053.171017,1030.981847,2106.342034,2,5657722
88952986,2026-07-30T09:34:07.9619204,1053.074462,1049.554420,2106.148925,2,5044030
89022401,2026-07-30T20:00:45.6839274,1053.063553,960.846511,2106.127106,2,11794085
89039498,2026-07-30T22:32:01.7412488,1053.051832,1020.952906,2106.103665,2,6735258
89005819,2026-07-30T17:21:27.3194295,1053.026386,1039.594671,2106.052773,2,5960566
89014708,2026-07-30T18:47:57.8864460,1052.957101,1049.639631,2105.914202,2,4830605
89032339,2026-07-30T21:27:41.8118699,1052.952702,1015.148749,2105.905403,2,5603958
88887959,2026-07-30T00:01:26.0427922,1052.930914,1018.258179,2105.861828,2,6452573
88972644,2026-07-30T12:26:06.3336530,1052.925602,1043.294801,2105.851204,2,5349505
88931095,2026-07-30T06:22:12.4463812,1052.894229,1037.007358,2105.788458,2,5010954
88919513,2026-07-30T04:38:12.4958935,1052.881841,1028.685478,2105.763683,2,7660594
88890344,2026-07-30T00:21:34.2667768,1052.880771,1030.404010,2105.761541,2,3664158
89039042,2026-07-30T22:28:01.3766594,1052.865657,1005.335457,2105.731314,2,6155952
89034145,2026-07-30T21:43:32.2320154,1052.845102,1021.938023,2105.690204,2,5068924
88949266,2026-07-30T09:02:13.1133197,1052.842668,1041.667332,2105.685336,2,4347713
88888542,2026-07-30T00:05:26.5279784,1052.839620,1043.251515,2105.679240,2,5266390
89042256,2026-07-30T22:56:34.8098120,1052.824550,1020.809346,2105.649100,2,5331711
88933402,2026-07-30T06:42:12.1472436,1052.796912,1018.873939,2105.593824,2,5472453
88933586,2026-07-30T06:42:12.5278121,1052.786167,1040.955353,2105.572335,2,3729707
88893014,2026-07-30T00:45:30.1265446,1052.740098,1037.338349,2105.480197,2,3909402
89015604,2026-07-30T18:55:58.7743694,1052.705959,1033.442275,2105.411919,2,3042470
89045252,2026-07-30T23:20:33.9770010,1052.689484,1052.544844,2105.378968,2,4926350
88952143,2026-07-30T09:26:08.1499037,1052.687152,1025.882370,2105.374304,2,5068237
88893605,2026-07-30T00:49:32.9872136,1052.673890,1006.763992,2105.347779,2,6024524
88930634,2026-07-30T06:18:13.3357290,1052.667675,1028.647319,2105.335351,2,1896677
89017976,2026-07-30T19:15:58.5538129,1052.660806,1029.807583,2105.321612,2,5102174
89047753,2026-07-30T23:40:33.9905243,1052.659397,1045.167277,2105.318793,2,7982027
89005420,2026-07-30T17:17:27.0368541,1052.642960,1036.058144,2105.285920,2,4272175
88966956,2026-07-30T11:38:07.5211581,1052.616161,1041.079146,2105.232321,2,5327454
89047645,2026-07-30T23:40:33.7912792,1052.592698,1023.376658,2105.185396,2,6469261
88938887,2026-07-30T07:30:25.0306351,1052.592525,1026.767145,2105.185050,2,5107563
88934696,2026-07-30T06:54:11.9360968,1052.584011,1040.846357,2105.168022,2,6205667
88987988,2026-07-30T14:45:22.6981999,1052.550340,1041.396797,2105.100679,2,9683057
89045791,2026-07-30T23:24:35.7361601,1052.547664,1041.764633,2105.095327,2,4116093
88889788,2026-07-30T00:17:32.1265034,1052.509612,1030.496234,2105.019224,2,4315640
89048199,2026-07-30T23:44:32.5986403,1052.507387,1010.674081,2105.014773,2,5400298
88903026,2026-07-30T02:13:48.6122278,1052.489022,1025.330556,2104.978044,2,5472980
89043806,2026-07-30T23:08:33.8370967,1052.473990,1051.312141,2104.947980,2,5882860
88928812,2026-07-30T06:02:14.2411247,1052.473043,1048.767615,2104.946087,2,4405213
88962037,2026-07-30T10:54:07.4313560,1052.465987,1040.657228,2104.931974,2,4846256
88890378,2026-07-30T00:21:34.4156492,1052.455261,1026.531513,2104.910521,2,4624894
89030496,2026-07-30T21:08:44.3197875,1052.419689,1012.877287,2104.839379,2,7404963
89013601,2026-07-30T18:36:00.0928025,1052.383309,1045.972855,2104.766618,2,4780970
89038604,2026-07-30T22:24:02.2776020,1052.375566,1013.596103,2104.751131,2,3830795
88951668,2026-07-30T09:22:07.8696545,1052.357970,1012.023344,2104.715940,2,3595819
89016429,2026-07-30T19:03:57.5924215,1052.329197,1035.244957,2104.658394,2,1676977
88947189,2026-07-30T08:42:11.2390044,1052.318091,999.227839,2104.636182,2,6827497
88971226,2026-07-30T12:14:07.0228444,1052.306464,1037.919889,2104.612928,2,4007340
89008360,2026-07-30T17:48:58.1088905,1052.286322,1032.831502,2104.572644,2,1652103
88888967,2026-07-30T00:09:27.5389857,1052.282933,1041.844883,2104.565867,2,3811313
88991068,2026-07-30T15:09:25.2018445,1052.282220,1047.204568,2104.564441,2,6059096
88965457,2026-07-30T11:22:08.4588214,1052.254472,1051.231018,2104.508944,2,5743289
89047117,2026-07-30T23:36:32.9974542,1052.253877,1017.162954,2104.507754,2,7538324
88955762,2026-07-30T09:58:07.6566271,1052.253607,1035.310226,2104.507213,2,3455264
88887958,2026-07-30T00:01:26.0419964,1052.253184,1013.866706,2104.506368,2,5447707
88905213,2026-07-30T02:33:47.2704132,1052.165305,1035.369835,2104.330609,2,4365523
89040139,2026-07-30T22:36:02.5725645,1052.122724,1049.953177,2104.245448,2,6048820
89042759,2026-07-30T23:00:33.6937749,1052.058364,1039.295698,2104.116729,2,2231012
88936735,2026-07-30T07:10:19.6255799,1052.032696,1034.400620,2104.065391,2,7673857
89045308,2026-07-30T23:20:34.0723001,1052.015562,1036.507613,2104.031124,2,3898159
88902015,2026-07-30T02:05:47.9636536,1051.991324,1047.516210,2103.982649,2,4744795
89016513,2026-07-30T19:03:57.7009761,1051.974211,1047.988622,2103.948422,2,5115105
88897689,2026-07-30T01:25:32.8370755,1051.940307,1049.808925,2103.880614,2,6195963
89022666,2026-07-30T20:00:46.0970187,1051.925270,1036.775099,2103.850541,2,6304801
88910691,2026-07-30T03:21:47.4653380,1051.917392,1039.017531,2103.834784,2,4432821
89034120,2026-07-30T21:43:32.1997969,1051.879565,1017.279760,2103.759130,2,4893778
89049709,2026-07-30T23:56:35.6268014,1051.858926,1014.304660,2103.717852,2,4614645
88891736,2026-07-30T00:33:32.3403787,1051.846198,1007.888940,2103.692396,2,3046494
88994092,2026-07-30T15:37:24.7118849,1051.831188,1049.382394,2103.662377,2,6463483
88954607,2026-07-30T09:46:08.8275653,1051.826761,996.538359,2103.653522,2,3031787
89049242,2026-07-30T23:52:36.7887494,1051.810030,1044.592771,2103.620059,2,3864836
88915643,2026-07-30T04:05:50.4086441,1051.802136,1024.875250,2103.604272,2,5427470
89045641,2026-07-30T23:24:35.3867925,1051.776089,1039.475512,2103.552178,2,5249694
89036266,2026-07-30T22:04:01.8942965,1051.748643,994.559360,2103.497286,2,4566145
88888376,2026-07-30T00:05:26.2318749,1051.742558,1044.100508,2103.485117,2,1130946
88889387,2026-07-30T00:13:28.6404823,1051.736183,1021.790978,2103.472365,2,5247184
88956577,2026-07-30T10:06:07.5875107,1051.717165,1034.294396,2103.434330,2,6235559
88998945,2026-07-30T16:21:22.9992987,1051.716381,1050.115013,2103.432761,2,2347047
88961322,2026-07-30T10:46:08.2161649,1051.684575,1042.497715,2103.369150,2,1815071
89010738,2026-07-30T18:11:59.5862256,1051.669504,1029.064599,2103.339008,2,4498038
88890789,2026-07-30T00:25:34.1504527,1051.659430,1018.080464,2103.318860,2,5205484
88975784,2026-07-30T12:54:07.7107075,1051.619674,1037.186687,2103.239347,2,4889617
88917175,2026-07-30T04:17:51.8037192,1051.617765,1022.902463,2103.235530,2,5880377
89048828,2026-07-30T23:48:36.5968411,1051.580597,1045.287770,2103.161195,2,4097749
88899823,2026-07-30T01:45:48.6739529,1051.562926,1040.418686,2103.125853,2,5269089
88888473,2026-07-30T00:05:26.4214049,1051.536293,1038.036968,2103.072586,2,4779271
88890792,2026-07-30T00:25:34.1659591,1051.527556,1012.216243,2103.055112,2,5060778
89036452,2026-07-30T22:04:02.2885011,1051.486349,1032.294850,2102.972698,2,4574077
89018883,2026-07-30T19:23:59.1710712,1051.483134,1035.690794,2102.966268,2,4405911
89049218,2026-07-30T23:52:36.7166176,1051.479932,1035.665497,2102.959864,2,3040427
88889966,2026-07-30T00:17:32.5743439,1051.477449,1049.704961,2102.954899,2,5450191
89044653,2026-07-30T23:16:31.6130553,1051.476416,1030.591136,2102.952831,2,4476094
89032952,2026-07-30T21:35:32.1740529,1051.469892,1040.161293,2102.939784,2,4155105
89041348,2026-07-30T22:48:33.5086344,1051.460671,1021.861794,2102.921341,2,3425082
89043793,2026-07-30T23:08:33.8228151,1051.443063,1049.419498,2102.886126,2,4909684
89019792,2026-07-30T19:31:57.8722727,1051.368244,1035.348333,2102.736488,2,4990044
89040598,2026-07-30T22:40:01.9279923,1051.363354,1046.633006,2102.726709,2,6111363
89043165,2026-07-30T23:04:35.6113087,1051.341057,1013.286064,2102.682114,2,5915704
88903855,2026-07-30T02:21:50.1524011,1051.338573,1009.750403,2102.677147,2,3833490
89045783,2026-07-30T23:24:35.7246474,1051.326632,1046.044439,2102.653264,2,5651683
89037397,2026-07-30T22:12:02.1840951,1051.304913,1029.837522,2102.609825,2,6537342
89033213,2026-07-30T21:35:32.7186868,1051.297668,1038.083724,2102.595336,2,6726331
88997649,2026-07-30T16:09:23.8198357,1051.290205,1043.474387,2102.580410,2,6443275
88967227,2026-07-30T11:38:08.0463326,1051.282415,1031.794926,2102.564831,2,4852663
88888466,2026-07-30T00:05:26.4129865,1051.276415,1010.529249,2102.552830,2,5703327
88973970,2026-07-30T12:38:06.0284132,1051.275149,1029.869267,2102.550298,2,1349896
89046606,2026-07-30T23:32:34.9942995,1051.267633,1005.603968,2102.535267,2,3435712
89037076,2026-07-30T22:12:01.4812070,1051.258485,1043.904212,2102.516970,2,3411497
88978145,2026-07-30T13:14:08.1319011,1051.257802,1013.421668,2102.515603,2,5403306
88981195,2026-07-30T13:42:07.6519641,1051.255068,1044.522316,2102.510136,2,6790098
88940907,2026-07-30T07:46:08.2524021,1051.252161,1049.956225,2102.504322,2,6222265
89037136,2026-07-30T22:12:01.6038902,1051.222718,1045.112570,2102.445436,2,3388835
88923110,2026-07-30T05:10:14.4639906,1051.220719,1010.050943,2102.441437,2,3514982
88926663,2026-07-30T05:42:14.9501201,1051.200455,1046.563841,2102.400911,2,5189016
88910663,2026-07-30T03:21:47.3810243,1051.182970,1021.130891,2102.365939,2,4711892
88975663,2026-07-30T12:54:07.3498226,1051.171741,1011.958990,2102.343482,2,4063830
88892257,2026-07-30T00:37:30.9766322,1051.161341,1022.682181,2102.322683,2,4847183
89002162,2026-07-30T16:49:27.2233424,1051.157289,1043.568630,2102.314577,2,5548248
88962032,2026-07-30T10:54:07.4240933,1051.106986,1016.815907,2102.213971,2,7107952
89010226,2026-07-30T18:07:57.8074703,1051.061471,1040.047403,2102.122942,2,5294101
89040409,2026-07-30T22:40:01.6278207,1050.989925,1011.069145,2101.979850,2,5605857
88909373,2026-07-30T03:09:51.7507471,1050.981222,1043.154829,2101.962444,2,5314916
89043820,2026-07-30T23:08:33.8788499,1050.977600,1042.379957,2101.955200,2,5403821
88980043,2026-07-30T13:30:10.9265448,1050.935166,1018.242231,2101.870332,2,2962900
88901214,2026-07-30T01:57:49.2220508,1050.906230,1000.688076,2101.812460,2,3909465
89045644,2026-07-30T23:24:35.3956655,1050.893299,1029.932132,2101.786597,2,2589005
89046616,2026-07-30T23:32:35.0070545,1050.883885,1014.199430,2101.767770,2,6472041
88897968,2026-07-30T01:29:44.0689752,1050.873877,1003.592384,2101.747754,2,5513968
88909929,2026-07-30T03:13:48.4597673,1050.854975,1036.405767,2101.709949,2,4719385
89034014,2026-07-30T21:43:32.0103230,1050.846024,1004.920501,2101.692047,2,1463497
88973627,2026-07-30T12:34:06.4972424,1050.812329,1037.143067,2101.624659,2,3467507
89038131,2026-07-30T22:20:01.5971652,1050.803424,1007.723235,2101.606849,2,2566725
88890794,2026-07-30T00:25:34.1808992,1050.765114,1011.651208,2101.530228,2,2316815
89037676,2026-07-30T22:16:01.5843508,1050.730869,1016.991941,2101.461737,2,3023032
89045162,2026-07-30T23:20:33.8024199,1050.728625,1030.460587,2101.457250,2,5139887
89039204,2026-07-30T22:28:01.6836954,1050.708726,1046.348019,2101.417452,2,5303175
88890367,2026-07-30T00:21:34.3667932,1050.686109,1023.540588,2101.372218,2,5018453
89037714,2026-07-30T22:16:01.6307423,1050.680279,1017.147713,2101.360558,2,2767557
88951852,2026-07-30T09:22:08.3190960,1050.677431,987.731674,2101.354861,2,6464049
88974415,2026-07-30T12:42:08.3052171,1050.657586,1034.638666,2101.315172,2,6305166
88984854,2026-07-30T14:17:23.0536091,1050.651516,1029.516116,2101.303032,2,3529453
89026365,2026-07-30T20:32:46.2189707,1050.649651,1010.921256,2101.299302,2,4213992
89044643,2026-07-30T23:16:31.6030024,1050.642359,1024.670534,2101.284718,2,8198104
89027391,2026-07-30T20:44:43.7537253,1050.632968,1026.100287,2101.265936,2,3133707
88918936,2026-07-30T04:34:12.8429134,1050.616577,1024.357923,2101.233154,2,5692272
88991700,2026-07-30T15:17:22.9386014,1050.592018,1009.497337,2101.184035,2,6084361
89029081,2026-07-30T20:56:46.2920234,1050.590972,1045.747821,2101.181944,2,3333148
89017065,2026-07-30T19:07:57.7118930,1050.580719,1014.849818,2101.161437,2,3755339
88906980,2026-07-30T02:49:50.6148764,1050.580542,1028.668732,2101.161084,2,4778682
89035967,2026-07-30T22:00:01.7790093,1050.576937,1022.001571,2101.153874,2,6558501
88897066,2026-07-30T01:21:33.1590558,1050.545004,1026.615946,2101.090008,2,5780094
88890328,2026-07-30T00:21:34.2323869,1050.501117,1010.136860,2101.002234,2,5648593
